Using pre-set license
Built from '2022.3/china_unity/release' branch; Version is '2022.3.51f1c1 (e9648b0586b8) revision 15295627'; Using compiler version '192829333'; Build Type 'Release'
OS: 'Windows 11  (10.0.26100) 64bit Enterprise' Language: 'zh' Physical Memory: 16257 MB
BatchMode: 1, IsHumanControllingUs: 0, StartBugReporterOnCrash: 0, Is64bit: 1, IsPro: 1

COMMAND LINE ARGUMENTS:
C:\Program Files\Unity\Hub\Editor\2022.3.51f1c1\Editor\Unity.exe
-adb2
-batchMode
-noUpm
-name
AssetImportWorker1
-projectPath
F:/Workspase/Unity/UNO
-logFile
Logs/AssetImportWorker1.log
-srvPort
49500
Successfully changed project path to: F:/Workspase/Unity/UNO
F:/Workspase/Unity/UNO
[UnityMemory] Configuration Parameters - Can be set up in boot.config
    "memorysetup-bucket-allocator-granularity=16"
    "memorysetup-bucket-allocator-bucket-count=8"
    "memorysetup-bucket-allocator-block-size=33554432"
    "memorysetup-bucket-allocator-block-count=8"
    "memorysetup-main-allocator-block-size=16777216"
    "memorysetup-thread-allocator-block-size=16777216"
    "memorysetup-gfx-main-allocator-block-size=16777216"
    "memorysetup-gfx-thread-allocator-block-size=16777216"
    "memorysetup-cache-allocator-block-size=4194304"
    "memorysetup-typetree-allocator-block-size=2097152"
    "memorysetup-profiler-bucket-allocator-granularity=16"
    "memorysetup-profiler-bucket-allocator-bucket-count=8"
    "memorysetup-profiler-bucket-allocator-block-size=33554432"
    "memorysetup-profiler-bucket-allocator-block-count=8"
    "memorysetup-profiler-allocator-block-size=16777216"
    "memorysetup-profiler-editor-allocator-block-size=1048576"
    "memorysetup-temp-allocator-size-main=16777216"
    "memorysetup-job-temp-allocator-block-size=2097152"
    "memorysetup-job-temp-allocator-block-size-background=1048576"
    "memorysetup-job-temp-allocator-reduction-small-platforms=262144"
    "memorysetup-allocator-temp-initial-block-size-main=262144"
    "memorysetup-allocator-temp-initial-block-size-worker=262144"
    "memorysetup-temp-allocator-size-background-worker=32768"
    "memorysetup-temp-allocator-size-job-worker=262144"
    "memorysetup-temp-allocator-size-preload-manager=33554432"
    "memorysetup-temp-allocator-size-nav-mesh-worker=65536"
    "memorysetup-temp-allocator-size-audio-worker=65536"
    "memorysetup-temp-allocator-size-cloud-worker=32768"
    "memorysetup-temp-allocator-size-gi-baking-worker=262144"
    "memorysetup-temp-allocator-size-gfx=262144"
Player connection [12144]  Target information:

Player connection [12144]  * "[IP] 10.249.50.95 [Port] 0 [Flags] 2 [Guid] 2145560281 [EditorId] 2145560281 [Version] 1048832 [Id] WindowsEditor(7,DESKTOP-9EMNNSA) [Debug] 1 [PackageName] WindowsEditor [ProjectName] Editor" 

Player connection [12144] Host joined multi-casting on [225.0.0.222:54997]...
Player connection [12144] Host joined alternative multi-casting on [225.0.0.222:34997]...
[PhysX] Initialized MultithreadedTaskDispatcher with 12 workers.
Refreshing native plugins compatible for Editor in 84.44 ms, found 4 plugins.
Preloading 0 native plugins for Editor in 0.00 ms.
Initialize engine version: 2022.3.51f1c1 (e9648b0586b8)
[Subsystems] Discovering subsystems at path C:/Program Files/Unity/Hub/Editor/2022.3.51f1c1/Editor/Data/Resources/UnitySubsystems
[Subsystems] Discovering subsystems at path F:/Workspase/Unity/UNO/Assets
GfxDevice: creating device client; threaded=0; jobified=0
Direct3D:
    Version:  Direct3D 11.0 [level 11.1]
    Renderer: NVIDIA GeForce GTX 1050 Ti (ID=0x1c8c)
    Vendor:   NVIDIA
    VRAM:     4004 MB
    Driver:   32.0.15.6070
Initialize mono
Mono path[0] = 'C:/Program Files/Unity/Hub/Editor/2022.3.51f1c1/Editor/Data/Managed'
Mono path[1] = 'C:/Program Files/Unity/Hub/Editor/2022.3.51f1c1/Editor/Data/MonoBleedingEdge/lib/mono/unityjit-win32'
Mono config path = 'C:/Program Files/Unity/Hub/Editor/2022.3.51f1c1/Editor/Data/MonoBleedingEdge/etc'
Using monoOptions --debugger-agent=transport=dt_socket,embedding=1,server=y,suspend=n,address=127.0.0.1:56212
Begin MonoManager ReloadAssembly
Registering precompiled unity dll's ...
Register platform support module: C:/Program Files/Unity/Hub/Editor/2022.3.51f1c1/Editor/Data/PlaybackEngines/WebGLSupport/UnityEditor.WebGL.Extensions.dll
Register platform support module: C:/Program Files/Unity/Hub/Editor/2022.3.51f1c1/Editor/Data/PlaybackEngines/WindowsStandaloneSupport/UnityEditor.WindowsStandalone.Extensions.dll
Registered in 0.046037 seconds.
- Loaded All Assemblies, in  1.197 seconds
Native extension for WindowsStandalone target not found
Native extension for WebGL target not found
Mono: successfully reloaded assembly
- Finished resetting the current domain, in  0.785 seconds
Domain Reload Profiling: 1966ms
	BeginReloadAssembly (371ms)
		ExecutionOrderSort (0ms)
		DisableScriptedObjects (0ms)
		BackupInstance (0ms)
		ReleaseScriptingObjects (0ms)
		CreateAndSetChildDomain (4ms)
	RebuildCommonClasses (108ms)
	RebuildNativeTypeToScriptingClass (32ms)
	initialDomainReloadingComplete (216ms)
	LoadAllAssembliesAndSetupDomain (453ms)
		LoadAssemblies (357ms)
		RebuildTransferFunctionScriptingTraits (0ms)
		AnalyzeDomain (448ms)
			TypeCache.Refresh (444ms)
				TypeCache.ScanAssembly (403ms)
			ScanForSourceGeneratedMonoScriptInfo (1ms)
			ResolveRequiredComponents (1ms)
	FinalizeReload (785ms)
		ReleaseScriptCaches (0ms)
		RebuildScriptCaches (0ms)
		SetupLoadedEditorAssemblies (648ms)
			LogAssemblyErrors (0ms)
			InitializePlatformSupportModulesInManaged (32ms)
			SetLoadedEditorAssemblies (17ms)
			RefreshPlugins (0ms)
			BeforeProcessingInitializeOnLoad (6ms)
			ProcessInitializeOnLoadAttributes (447ms)
			ProcessInitializeOnLoadMethodAttributes (146ms)
			AfterProcessingInitializeOnLoad (0ms)
			EditorAssembliesLoaded (0ms)
		ExecutionOrderSort2 (0ms)
		AwakeInstancesAfterBackupRestoration (0ms)
========================================================================
Worker process is ready to serve import requests
Caller must complete domain reload
Begin MonoManager ReloadAssembly
- Loaded All Assemblies, in  1.989 seconds
Native extension for WindowsStandalone target not found
Native extension for WebGL target not found
Mono: successfully reloaded assembly
- Finished resetting the current domain, in  1.672 seconds
Domain Reload Profiling: 3640ms
	BeginReloadAssembly (428ms)
		ExecutionOrderSort (0ms)
		DisableScriptedObjects (16ms)
		BackupInstance (0ms)
		ReleaseScriptingObjects (0ms)
		CreateAndSetChildDomain (54ms)
	RebuildCommonClasses (94ms)
	RebuildNativeTypeToScriptingClass (34ms)
	initialDomainReloadingComplete (149ms)
	LoadAllAssembliesAndSetupDomain (1262ms)
		LoadAssemblies (957ms)
		RebuildTransferFunctionScriptingTraits (0ms)
		AnalyzeDomain (555ms)
			TypeCache.Refresh (490ms)
				TypeCache.ScanAssembly (450ms)
			ScanForSourceGeneratedMonoScriptInfo (44ms)
			ResolveRequiredComponents (16ms)
	FinalizeReload (1673ms)
		ReleaseScriptCaches (0ms)
		RebuildScriptCaches (0ms)
		SetupLoadedEditorAssemblies (1253ms)
			LogAssemblyErrors (0ms)
			InitializePlatformSupportModulesInManaged (21ms)
			SetLoadedEditorAssemblies (14ms)
			RefreshPlugins (0ms)
			BeforeProcessingInitializeOnLoad (192ms)
			ProcessInitializeOnLoadAttributes (922ms)
			ProcessInitializeOnLoadMethodAttributes (67ms)
			AfterProcessingInitializeOnLoad (37ms)
			EditorAssembliesLoaded (0ms)
		ExecutionOrderSort2 (0ms)
		AwakeInstancesAfterBackupRestoration (28ms)
Launched and connected shader compiler UnityShaderCompiler.exe after 0.14 seconds
Refreshing native plugins compatible for Editor in 31.56 ms, found 4 plugins.
Preloading 0 native plugins for Editor in 0.00 ms.
Unloading 3272 Unused Serialized files (Serialized files now loaded: 0)
Unloading 21 unused Assets / (54.5 KB). Loaded Objects now: 3742.
Memory consumption went from 125.6 MB to 125.5 MB.
Total: 7.080100 ms (FindLiveObjects: 0.418700 ms CreateObjectMapping: 0.444800 ms MarkObjects: 6.020100 ms  DeleteObjects: 0.194500 ms)

AssetImportParameters requested are different than current active one (requested -> active):
  custom:container-demuxer-ogg: 62fdf1f143b41e24485cea50d1cbac27 -> 
  custom:video-codec-MediaFoundation-h265: 746d11721c4dcdbdad8f713fa42b33f4 -> 
  custom:video-decoder-ogg-theora: a1e56fd34408186e4bbccfd4996cb3dc -> 
  custom:framework-win-MediaFoundation: 216162199b28c13a410421893ffa2e32 -> 
  custom:CustomObjectIndexerAttribute: 9a22284fe3817be447336de3de66b15e -> 
  custom:container-demuxer-webm: 4f35f7cbe854078d1ac9338744f61a02 -> 
  custom:container-muxer-webm: aa71ff27fc2769a1b78a27578f13a17b -> 
  custom:video-decoder-webm-vp8: 9c59270c3fd7afecdb556c50c9e8de78 -> 
  custom:SearchIndexIgnoredProperties: e643bd26f0fe6173181afceb89e7c659 -> 
  custom:AudioImporter_EditorPlatform: d09bf68614088b80899f8185d706f6e7 -> 
  custom:video-encoder-webm-vp8: eb34c28f22e8b96e1ab97ce403110664 -> 
  custom:audio-decoder-ogg-vorbis: bf7c407c2cedff20999df2af8eb42d56 -> 
  custom:audio-encoder-webm-vorbis: bf7c407c2cedff20999df2af8eb42d56 -> 
========================================================================
Received Prepare
Caller must complete domain reload
Begin MonoManager ReloadAssembly
- Loaded All Assemblies, in  1.517 seconds
Native extension for WindowsStandalone target not found
Native extension for WebGL target not found
Mono: successfully reloaded assembly
- Finished resetting the current domain, in  3.272 seconds
Domain Reload Profiling: 4765ms
	BeginReloadAssembly (465ms)
		ExecutionOrderSort (0ms)
		DisableScriptedObjects (21ms)
		BackupInstance (0ms)
		ReleaseScriptingObjects (0ms)
		CreateAndSetChildDomain (87ms)
	RebuildCommonClasses (115ms)
	RebuildNativeTypeToScriptingClass (38ms)
	initialDomainReloadingComplete (126ms)
	LoadAllAssembliesAndSetupDomain (746ms)
		LoadAssemblies (979ms)
		RebuildTransferFunctionScriptingTraits (0ms)
		AnalyzeDomain (35ms)
			TypeCache.Refresh (14ms)
				TypeCache.ScanAssembly (0ms)
			ScanForSourceGeneratedMonoScriptInfo (0ms)
			ResolveRequiredComponents (17ms)
	FinalizeReload (3275ms)
		ReleaseScriptCaches (0ms)
		RebuildScriptCaches (0ms)
		SetupLoadedEditorAssemblies (1273ms)
			LogAssemblyErrors (0ms)
			InitializePlatformSupportModulesInManaged (31ms)
			SetLoadedEditorAssemblies (14ms)
			RefreshPlugins (0ms)
			BeforeProcessingInitializeOnLoad (207ms)
			ProcessInitializeOnLoadAttributes (899ms)
			ProcessInitializeOnLoadMethodAttributes (74ms)
			AfterProcessingInitializeOnLoad (47ms)
			EditorAssembliesLoaded (1ms)
		ExecutionOrderSort2 (0ms)
		AwakeInstancesAfterBackupRestoration (37ms)
Refreshing native plugins compatible for Editor in 37.21 ms, found 4 plugins.
Preloading 0 native plugins for Editor in 0.00 ms.
Unloading 3252 Unused Serialized files (Serialized files now loaded: 0)
Unloading 16 unused Assets / (28.5 KB). Loaded Objects now: 3745.
Memory consumption went from 121.7 MB to 121.7 MB.
Total: 8.694100 ms (FindLiveObjects: 0.433200 ms CreateObjectMapping: 0.404900 ms MarkObjects: 7.777600 ms  DeleteObjects: 0.077000 ms)

Prepare: number of updated asset objects reloaded= 0
AssetImportParameters requested are different than current active one (requested -> active):
  custom:container-demuxer-ogg: 62fdf1f143b41e24485cea50d1cbac27 -> 
  custom:video-codec-MediaFoundation-h265: 746d11721c4dcdbdad8f713fa42b33f4 -> 
  custom:video-decoder-ogg-theora: a1e56fd34408186e4bbccfd4996cb3dc -> 
  custom:framework-win-MediaFoundation: 216162199b28c13a410421893ffa2e32 -> 
  custom:CustomObjectIndexerAttribute: 9a22284fe3817be447336de3de66b15e -> 
  custom:container-demuxer-webm: 4f35f7cbe854078d1ac9338744f61a02 -> 
  custom:container-muxer-webm: aa71ff27fc2769a1b78a27578f13a17b -> 
  custom:video-decoder-webm-vp8: 9c59270c3fd7afecdb556c50c9e8de78 -> 
  custom:SearchIndexIgnoredProperties: e643bd26f0fe6173181afceb89e7c659 -> 
  custom:AudioImporter_EditorPlatform: d09bf68614088b80899f8185d706f6e7 -> 
  custom:video-encoder-webm-vp8: eb34c28f22e8b96e1ab97ce403110664 -> 
  custom:audio-decoder-ogg-vorbis: bf7c407c2cedff20999df2af8eb42d56 -> 
  custom:audio-encoder-webm-vorbis: bf7c407c2cedff20999df2af8eb42d56 -> 
========================================================================
Received Prepare
Caller must complete domain reload
Begin MonoManager ReloadAssembly
- Loaded All Assemblies, in  1.250 seconds
Native extension for WindowsStandalone target not found
Native extension for WebGL target not found
Mono: successfully reloaded assembly
- Finished resetting the current domain, in  2.657 seconds
Domain Reload Profiling: 3884ms
	BeginReloadAssembly (398ms)
		ExecutionOrderSort (0ms)
		DisableScriptedObjects (16ms)
		BackupInstance (0ms)
		ReleaseScriptingObjects (0ms)
		CreateAndSetChildDomain (85ms)
	RebuildCommonClasses (94ms)
	RebuildNativeTypeToScriptingClass (32ms)
	initialDomainReloadingComplete (100ms)
	LoadAllAssembliesAndSetupDomain (602ms)
		LoadAssemblies (788ms)
		RebuildTransferFunctionScriptingTraits (0ms)
		AnalyzeDomain (31ms)
			TypeCache.Refresh (11ms)
				TypeCache.ScanAssembly (0ms)
			ScanForSourceGeneratedMonoScriptInfo (0ms)
			ResolveRequiredComponents (15ms)
	FinalizeReload (2658ms)
		ReleaseScriptCaches (0ms)
		RebuildScriptCaches (0ms)
		SetupLoadedEditorAssemblies (1041ms)
			LogAssemblyErrors (0ms)
			InitializePlatformSupportModulesInManaged (22ms)
			SetLoadedEditorAssemblies (12ms)
			RefreshPlugins (0ms)
			BeforeProcessingInitializeOnLoad (179ms)
			ProcessInitializeOnLoadAttributes (733ms)
			ProcessInitializeOnLoadMethodAttributes (61ms)
			AfterProcessingInitializeOnLoad (34ms)
			EditorAssembliesLoaded (0ms)
		ExecutionOrderSort2 (0ms)
		AwakeInstancesAfterBackupRestoration (24ms)
Refreshing native plugins compatible for Editor in 23.67 ms, found 4 plugins.
Preloading 0 native plugins for Editor in 0.00 ms.
Unloading 3252 Unused Serialized files (Serialized files now loaded: 0)
Unloading 16 unused Assets / (28.5 KB). Loaded Objects now: 3748.
Memory consumption went from 121.7 MB to 121.7 MB.
Total: 5.283300 ms (FindLiveObjects: 0.395500 ms CreateObjectMapping: 0.504200 ms MarkObjects: 4.316000 ms  DeleteObjects: 0.066000 ms)

Prepare: number of updated asset objects reloaded= 0
AssetImportParameters requested are different than current active one (requested -> active):
  custom:container-demuxer-ogg: 62fdf1f143b41e24485cea50d1cbac27 -> 
  custom:video-codec-MediaFoundation-h265: 746d11721c4dcdbdad8f713fa42b33f4 -> 
  custom:video-decoder-ogg-theora: a1e56fd34408186e4bbccfd4996cb3dc -> 
  custom:framework-win-MediaFoundation: 216162199b28c13a410421893ffa2e32 -> 
  custom:CustomObjectIndexerAttribute: 9a22284fe3817be447336de3de66b15e -> 
  custom:container-demuxer-webm: 4f35f7cbe854078d1ac9338744f61a02 -> 
  custom:container-muxer-webm: aa71ff27fc2769a1b78a27578f13a17b -> 
  custom:video-decoder-webm-vp8: 9c59270c3fd7afecdb556c50c9e8de78 -> 
  custom:SearchIndexIgnoredProperties: e643bd26f0fe6173181afceb89e7c659 -> 
  custom:AudioImporter_EditorPlatform: d09bf68614088b80899f8185d706f6e7 -> 
  custom:video-encoder-webm-vp8: eb34c28f22e8b96e1ab97ce403110664 -> 
  custom:audio-decoder-ogg-vorbis: bf7c407c2cedff20999df2af8eb42d56 -> 
  custom:audio-encoder-webm-vorbis: bf7c407c2cedff20999df2af8eb42d56 -> 
========================================================================
Received Prepare
Caller must complete domain reload
Begin MonoManager ReloadAssembly
- Loaded All Assemblies, in  1.173 seconds
Native extension for WindowsStandalone target not found
Native extension for WebGL target not found
Mono: successfully reloaded assembly
- Finished resetting the current domain, in  2.717 seconds
Domain Reload Profiling: 3872ms
	BeginReloadAssembly (364ms)
		ExecutionOrderSort (0ms)
		DisableScriptedObjects (13ms)
		BackupInstance (0ms)
		ReleaseScriptingObjects (0ms)
		CreateAndSetChildDomain (63ms)
	RebuildCommonClasses (91ms)
	RebuildNativeTypeToScriptingClass (31ms)
	initialDomainReloadingComplete (90ms)
	LoadAllAssembliesAndSetupDomain (578ms)
		LoadAssemblies (760ms)
		RebuildTransferFunctionScriptingTraits (0ms)
		AnalyzeDomain (30ms)
			TypeCache.Refresh (11ms)
				TypeCache.ScanAssembly (0ms)
			ScanForSourceGeneratedMonoScriptInfo (0ms)
			ResolveRequiredComponents (14ms)
	FinalizeReload (2719ms)
		ReleaseScriptCaches (0ms)
		RebuildScriptCaches (0ms)
		SetupLoadedEditorAssemblies (1152ms)
			LogAssemblyErrors (0ms)
			InitializePlatformSupportModulesInManaged (23ms)
			SetLoadedEditorAssemblies (12ms)
			RefreshPlugins (0ms)
			BeforeProcessingInitializeOnLoad (197ms)
			ProcessInitializeOnLoadAttributes (808ms)
			ProcessInitializeOnLoadMethodAttributes (69ms)
			AfterProcessingInitializeOnLoad (43ms)
			EditorAssembliesLoaded (0ms)
		ExecutionOrderSort2 (0ms)
		AwakeInstancesAfterBackupRestoration (26ms)
Refreshing native plugins compatible for Editor in 24.87 ms, found 4 plugins.
Preloading 0 native plugins for Editor in 0.00 ms.
Unloading 3252 Unused Serialized files (Serialized files now loaded: 0)
Unloading 16 unused Assets / (28.5 KB). Loaded Objects now: 3751.
Memory consumption went from 121.7 MB to 121.7 MB.
Total: 4.478000 ms (FindLiveObjects: 0.389900 ms CreateObjectMapping: 0.366100 ms MarkObjects: 3.660300 ms  DeleteObjects: 0.060300 ms)

Prepare: number of updated asset objects reloaded= 0
AssetImportParameters requested are different than current active one (requested -> active):
  custom:container-demuxer-ogg: 62fdf1f143b41e24485cea50d1cbac27 -> 
  custom:video-codec-MediaFoundation-h265: 746d11721c4dcdbdad8f713fa42b33f4 -> 
  custom:video-decoder-ogg-theora: a1e56fd34408186e4bbccfd4996cb3dc -> 
  custom:framework-win-MediaFoundation: 216162199b28c13a410421893ffa2e32 -> 
  custom:CustomObjectIndexerAttribute: 9a22284fe3817be447336de3de66b15e -> 
  custom:container-demuxer-webm: 4f35f7cbe854078d1ac9338744f61a02 -> 
  custom:container-muxer-webm: aa71ff27fc2769a1b78a27578f13a17b -> 
  custom:video-decoder-webm-vp8: 9c59270c3fd7afecdb556c50c9e8de78 -> 
  custom:SearchIndexIgnoredProperties: e643bd26f0fe6173181afceb89e7c659 -> 
  custom:AudioImporter_EditorPlatform: d09bf68614088b80899f8185d706f6e7 -> 
  custom:video-encoder-webm-vp8: eb34c28f22e8b96e1ab97ce403110664 -> 
  custom:audio-decoder-ogg-vorbis: bf7c407c2cedff20999df2af8eb42d56 -> 
  custom:audio-encoder-webm-vorbis: bf7c407c2cedff20999df2af8eb42d56 -> 
========================================================================
Received Prepare
Refreshing native plugins compatible for Editor in 26.17 ms, found 4 plugins.
Preloading 0 native plugins for Editor in 0.00 ms.
Unloading 1 Unused Serialized files (Serialized files now loaded: 0)
Unloading 1 unused Assets / (3.1 KB). Loaded Objects now: 3751.
Memory consumption went from 71.3 MB to 71.3 MB.
Total: 9.868800 ms (FindLiveObjects: 0.558100 ms CreateObjectMapping: 0.785200 ms MarkObjects: 8.474100 ms  DeleteObjects: 0.048900 ms)

Prepare: number of updated asset objects reloaded= 0
AssetImportParameters requested are different than current active one (requested -> active):
  custom:container-demuxer-ogg: 62fdf1f143b41e24485cea50d1cbac27 -> 
  custom:video-codec-MediaFoundation-h265: 746d11721c4dcdbdad8f713fa42b33f4 -> 
  custom:video-decoder-ogg-theora: a1e56fd34408186e4bbccfd4996cb3dc -> 
  custom:framework-win-MediaFoundation: 216162199b28c13a410421893ffa2e32 -> 
  custom:CustomObjectIndexerAttribute: 9a22284fe3817be447336de3de66b15e -> 
  custom:container-demuxer-webm: 4f35f7cbe854078d1ac9338744f61a02 -> 
  custom:container-muxer-webm: aa71ff27fc2769a1b78a27578f13a17b -> 
  custom:video-decoder-webm-vp8: 9c59270c3fd7afecdb556c50c9e8de78 -> 
  custom:SearchIndexIgnoredProperties: e643bd26f0fe6173181afceb89e7c659 -> 
  custom:AudioImporter_EditorPlatform: d09bf68614088b80899f8185d706f6e7 -> 
  custom:video-encoder-webm-vp8: eb34c28f22e8b96e1ab97ce403110664 -> 
  custom:audio-decoder-ogg-vorbis: bf7c407c2cedff20999df2af8eb42d56 -> 
  custom:audio-encoder-webm-vorbis: bf7c407c2cedff20999df2af8eb42d56 -> 
========================================================================
Received Prepare
Refreshing native plugins compatible for Editor in 27.79 ms, found 4 plugins.
Preloading 0 native plugins for Editor in 0.00 ms.
Unloading 1 Unused Serialized files (Serialized files now loaded: 0)
Unloading 1 unused Assets / (3.1 KB). Loaded Objects now: 3751.
Memory consumption went from 70.9 MB to 70.9 MB.
Total: 6.972700 ms (FindLiveObjects: 0.358300 ms CreateObjectMapping: 0.382000 ms MarkObjects: 6.188600 ms  DeleteObjects: 0.042400 ms)

Prepare: number of updated asset objects reloaded= 0
AssetImportParameters requested are different than current active one (requested -> active):
  custom:container-demuxer-ogg: 62fdf1f143b41e24485cea50d1cbac27 -> 
  custom:video-codec-MediaFoundation-h265: 746d11721c4dcdbdad8f713fa42b33f4 -> 
  custom:video-decoder-ogg-theora: a1e56fd34408186e4bbccfd4996cb3dc -> 
  custom:framework-win-MediaFoundation: 216162199b28c13a410421893ffa2e32 -> 
  custom:CustomObjectIndexerAttribute: 9a22284fe3817be447336de3de66b15e -> 
  custom:container-demuxer-webm: 4f35f7cbe854078d1ac9338744f61a02 -> 
  custom:container-muxer-webm: aa71ff27fc2769a1b78a27578f13a17b -> 
  custom:video-decoder-webm-vp8: 9c59270c3fd7afecdb556c50c9e8de78 -> 
  custom:SearchIndexIgnoredProperties: e643bd26f0fe6173181afceb89e7c659 -> 
  custom:AudioImporter_EditorPlatform: d09bf68614088b80899f8185d706f6e7 -> 
  custom:video-encoder-webm-vp8: eb34c28f22e8b96e1ab97ce403110664 -> 
  custom:audio-decoder-ogg-vorbis: bf7c407c2cedff20999df2af8eb42d56 -> 
  custom:audio-encoder-webm-vorbis: bf7c407c2cedff20999df2af8eb42d56 -> 
========================================================================
Received Prepare
Refreshing native plugins compatible for Editor in 23.88 ms, found 4 plugins.
Preloading 0 native plugins for Editor in 0.00 ms.
Unloading 1 Unused Serialized files (Serialized files now loaded: 0)
Unloading 1 unused Assets / (3.1 KB). Loaded Objects now: 3751.
Memory consumption went from 70.9 MB to 70.9 MB.
Total: 7.339700 ms (FindLiveObjects: 0.606400 ms CreateObjectMapping: 0.602600 ms MarkObjects: 6.094700 ms  DeleteObjects: 0.034500 ms)

Prepare: number of updated asset objects reloaded= 0
AssetImportParameters requested are different than current active one (requested -> active):
  custom:container-demuxer-ogg: 62fdf1f143b41e24485cea50d1cbac27 -> 
  custom:video-codec-MediaFoundation-h265: 746d11721c4dcdbdad8f713fa42b33f4 -> 
  custom:video-decoder-ogg-theora: a1e56fd34408186e4bbccfd4996cb3dc -> 
  custom:framework-win-MediaFoundation: 216162199b28c13a410421893ffa2e32 -> 
  custom:CustomObjectIndexerAttribute: 9a22284fe3817be447336de3de66b15e -> 
  custom:container-demuxer-webm: 4f35f7cbe854078d1ac9338744f61a02 -> 
  custom:container-muxer-webm: aa71ff27fc2769a1b78a27578f13a17b -> 
  custom:video-decoder-webm-vp8: 9c59270c3fd7afecdb556c50c9e8de78 -> 
  custom:SearchIndexIgnoredProperties: e643bd26f0fe6173181afceb89e7c659 -> 
  custom:AudioImporter_EditorPlatform: d09bf68614088b80899f8185d706f6e7 -> 
  custom:video-encoder-webm-vp8: eb34c28f22e8b96e1ab97ce403110664 -> 
  custom:audio-decoder-ogg-vorbis: bf7c407c2cedff20999df2af8eb42d56 -> 
  custom:audio-encoder-webm-vorbis: bf7c407c2cedff20999df2af8eb42d56 -> 
========================================================================
Received Prepare
Refreshing native plugins compatible for Editor in 26.81 ms, found 4 plugins.
Preloading 0 native plugins for Editor in 0.00 ms.
Unloading 1 Unused Serialized files (Serialized files now loaded: 0)
Unloading 1 unused Assets / (3.1 KB). Loaded Objects now: 3751.
Memory consumption went from 70.9 MB to 70.9 MB.
Total: 10.590400 ms (FindLiveObjects: 0.466500 ms CreateObjectMapping: 0.459400 ms MarkObjects: 9.603200 ms  DeleteObjects: 0.059000 ms)

Prepare: number of updated asset objects reloaded= 0
AssetImportParameters requested are different than current active one (requested -> active):
  custom:container-demuxer-ogg: 62fdf1f143b41e24485cea50d1cbac27 -> 
  custom:video-codec-MediaFoundation-h265: 746d11721c4dcdbdad8f713fa42b33f4 -> 
  custom:video-decoder-ogg-theora: a1e56fd34408186e4bbccfd4996cb3dc -> 
  custom:framework-win-MediaFoundation: 216162199b28c13a410421893ffa2e32 -> 
  custom:CustomObjectIndexerAttribute: 9a22284fe3817be447336de3de66b15e -> 
  custom:container-demuxer-webm: 4f35f7cbe854078d1ac9338744f61a02 -> 
  custom:container-muxer-webm: aa71ff27fc2769a1b78a27578f13a17b -> 
  custom:video-decoder-webm-vp8: 9c59270c3fd7afecdb556c50c9e8de78 -> 
  custom:SearchIndexIgnoredProperties: e643bd26f0fe6173181afceb89e7c659 -> 
  custom:AudioImporter_EditorPlatform: d09bf68614088b80899f8185d706f6e7 -> 
  custom:video-encoder-webm-vp8: eb34c28f22e8b96e1ab97ce403110664 -> 
  custom:audio-decoder-ogg-vorbis: bf7c407c2cedff20999df2af8eb42d56 -> 
  custom:audio-encoder-webm-vorbis: bf7c407c2cedff20999df2af8eb42d56 -> 
========================================================================
Received Prepare
Refreshing native plugins compatible for Editor in 26.08 ms, found 4 plugins.
Preloading 0 native plugins for Editor in 0.00 ms.
Unloading 1 Unused Serialized files (Serialized files now loaded: 0)
Unloading 1 unused Assets / (3.1 KB). Loaded Objects now: 3751.
Memory consumption went from 70.9 MB to 70.9 MB.
Total: 6.449500 ms (FindLiveObjects: 0.428000 ms CreateObjectMapping: 0.718600 ms MarkObjects: 5.265500 ms  DeleteObjects: 0.035600 ms)

Prepare: number of updated asset objects reloaded= 0
AssetImportParameters requested are different than current active one (requested -> active):
  custom:container-demuxer-ogg: 62fdf1f143b41e24485cea50d1cbac27 -> 
  custom:video-codec-MediaFoundation-h265: 746d11721c4dcdbdad8f713fa42b33f4 -> 
  custom:video-decoder-ogg-theora: a1e56fd34408186e4bbccfd4996cb3dc -> 
  custom:framework-win-MediaFoundation: 216162199b28c13a410421893ffa2e32 -> 
  custom:CustomObjectIndexerAttribute: 9a22284fe3817be447336de3de66b15e -> 
  custom:container-demuxer-webm: 4f35f7cbe854078d1ac9338744f61a02 -> 
  custom:container-muxer-webm: aa71ff27fc2769a1b78a27578f13a17b -> 
  custom:video-decoder-webm-vp8: 9c59270c3fd7afecdb556c50c9e8de78 -> 
  custom:SearchIndexIgnoredProperties: e643bd26f0fe6173181afceb89e7c659 -> 
  custom:AudioImporter_EditorPlatform: d09bf68614088b80899f8185d706f6e7 -> 
  custom:video-encoder-webm-vp8: eb34c28f22e8b96e1ab97ce403110664 -> 
  custom:audio-decoder-ogg-vorbis: bf7c407c2cedff20999df2af8eb42d56 -> 
  custom:audio-encoder-webm-vorbis: bf7c407c2cedff20999df2af8eb42d56 -> 
========================================================================
Received Prepare
Caller must complete domain reload
Begin MonoManager ReloadAssembly
- Loaded All Assemblies, in  1.209 seconds
Native extension for WindowsStandalone target not found
Native extension for WebGL target not found
Mono: successfully reloaded assembly
- Finished resetting the current domain, in  2.835 seconds
Domain Reload Profiling: 4024ms
	BeginReloadAssembly (385ms)
		ExecutionOrderSort (0ms)
		DisableScriptedObjects (16ms)
		BackupInstance (0ms)
		ReleaseScriptingObjects (0ms)
		CreateAndSetChildDomain (64ms)
	RebuildCommonClasses (94ms)
	RebuildNativeTypeToScriptingClass (32ms)
	initialDomainReloadingComplete (99ms)
	LoadAllAssembliesAndSetupDomain (578ms)
		LoadAssemblies (773ms)
		RebuildTransferFunctionScriptingTraits (0ms)
		AnalyzeDomain (32ms)
			TypeCache.Refresh (13ms)
				TypeCache.ScanAssembly (0ms)
			ScanForSourceGeneratedMonoScriptInfo (0ms)
			ResolveRequiredComponents (16ms)
	FinalizeReload (2837ms)
		ReleaseScriptCaches (0ms)
		RebuildScriptCaches (0ms)
		SetupLoadedEditorAssemblies (1186ms)
			LogAssemblyErrors (0ms)
			InitializePlatformSupportModulesInManaged (26ms)
			SetLoadedEditorAssemblies (12ms)
			RefreshPlugins (0ms)
			BeforeProcessingInitializeOnLoad (202ms)
			ProcessInitializeOnLoadAttributes (829ms)
			ProcessInitializeOnLoadMethodAttributes (71ms)
			AfterProcessingInitializeOnLoad (46ms)
			EditorAssembliesLoaded (0ms)
		ExecutionOrderSort2 (0ms)
		AwakeInstancesAfterBackupRestoration (28ms)
Refreshing native plugins compatible for Editor in 25.99 ms, found 4 plugins.
Preloading 0 native plugins for Editor in 0.00 ms.
Unloading 3252 Unused Serialized files (Serialized files now loaded: 0)
Unloading 16 unused Assets / (28.5 KB). Loaded Objects now: 3754.
Memory consumption went from 121.7 MB to 121.7 MB.
Total: 5.905600 ms (FindLiveObjects: 0.405300 ms CreateObjectMapping: 0.538200 ms MarkObjects: 4.894000 ms  DeleteObjects: 0.066800 ms)

Prepare: number of updated asset objects reloaded= 0
AssetImportParameters requested are different than current active one (requested -> active):
  custom:container-demuxer-ogg: 62fdf1f143b41e24485cea50d1cbac27 -> 
  custom:video-codec-MediaFoundation-h265: 746d11721c4dcdbdad8f713fa42b33f4 -> 
  custom:video-decoder-ogg-theora: a1e56fd34408186e4bbccfd4996cb3dc -> 
  custom:framework-win-MediaFoundation: 216162199b28c13a410421893ffa2e32 -> 
  custom:CustomObjectIndexerAttribute: 9a22284fe3817be447336de3de66b15e -> 
  custom:container-demuxer-webm: 4f35f7cbe854078d1ac9338744f61a02 -> 
  custom:container-muxer-webm: aa71ff27fc2769a1b78a27578f13a17b -> 
  custom:video-decoder-webm-vp8: 9c59270c3fd7afecdb556c50c9e8de78 -> 
  custom:SearchIndexIgnoredProperties: e643bd26f0fe6173181afceb89e7c659 -> 
  custom:AudioImporter_EditorPlatform: d09bf68614088b80899f8185d706f6e7 -> 
  custom:video-encoder-webm-vp8: eb34c28f22e8b96e1ab97ce403110664 -> 
  custom:audio-decoder-ogg-vorbis: bf7c407c2cedff20999df2af8eb42d56 -> 
  custom:audio-encoder-webm-vorbis: bf7c407c2cedff20999df2af8eb42d56 -> 
========================================================================
Received Prepare
Refreshing native plugins compatible for Editor in 26.39 ms, found 4 plugins.
Preloading 0 native plugins for Editor in 0.00 ms.
Unloading 1 Unused Serialized files (Serialized files now loaded: 0)
Unloading 1 unused Assets / (3.1 KB). Loaded Objects now: 3754.
Memory consumption went from 71.3 MB to 71.3 MB.
Total: 9.653700 ms (FindLiveObjects: 0.473200 ms CreateObjectMapping: 0.588500 ms MarkObjects: 8.537800 ms  DeleteObjects: 0.052000 ms)

Prepare: number of updated asset objects reloaded= 0
AssetImportParameters requested are different than current active one (requested -> active):
  custom:container-demuxer-ogg: 62fdf1f143b41e24485cea50d1cbac27 -> 
  custom:video-codec-MediaFoundation-h265: 746d11721c4dcdbdad8f713fa42b33f4 -> 
  custom:video-decoder-ogg-theora: a1e56fd34408186e4bbccfd4996cb3dc -> 
  custom:framework-win-MediaFoundation: 216162199b28c13a410421893ffa2e32 -> 
  custom:CustomObjectIndexerAttribute: 9a22284fe3817be447336de3de66b15e -> 
  custom:container-demuxer-webm: 4f35f7cbe854078d1ac9338744f61a02 -> 
  custom:container-muxer-webm: aa71ff27fc2769a1b78a27578f13a17b -> 
  custom:video-decoder-webm-vp8: 9c59270c3fd7afecdb556c50c9e8de78 -> 
  custom:SearchIndexIgnoredProperties: e643bd26f0fe6173181afceb89e7c659 -> 
  custom:AudioImporter_EditorPlatform: d09bf68614088b80899f8185d706f6e7 -> 
  custom:video-encoder-webm-vp8: eb34c28f22e8b96e1ab97ce403110664 -> 
  custom:audio-decoder-ogg-vorbis: bf7c407c2cedff20999df2af8eb42d56 -> 
  custom:audio-encoder-webm-vorbis: bf7c407c2cedff20999df2af8eb42d56 -> 
========================================================================
Received Prepare
Refreshing native plugins compatible for Editor in 27.68 ms, found 4 plugins.
Preloading 0 native plugins for Editor in 0.00 ms.
Unloading 1 Unused Serialized files (Serialized files now loaded: 0)
Unloading 1 unused Assets / (3.1 KB). Loaded Objects now: 3754.
Memory consumption went from 70.9 MB to 70.9 MB.
Total: 9.998500 ms (FindLiveObjects: 0.505100 ms CreateObjectMapping: 0.382600 ms MarkObjects: 9.052900 ms  DeleteObjects: 0.056200 ms)

Prepare: number of updated asset objects reloaded= 0
AssetImportParameters requested are different than current active one (requested -> active):
  custom:container-demuxer-ogg: 62fdf1f143b41e24485cea50d1cbac27 -> 
  custom:video-codec-MediaFoundation-h265: 746d11721c4dcdbdad8f713fa42b33f4 -> 
  custom:video-decoder-ogg-theora: a1e56fd34408186e4bbccfd4996cb3dc -> 
  custom:framework-win-MediaFoundation: 216162199b28c13a410421893ffa2e32 -> 
  custom:CustomObjectIndexerAttribute: 9a22284fe3817be447336de3de66b15e -> 
  custom:container-demuxer-webm: 4f35f7cbe854078d1ac9338744f61a02 -> 
  custom:container-muxer-webm: aa71ff27fc2769a1b78a27578f13a17b -> 
  custom:video-decoder-webm-vp8: 9c59270c3fd7afecdb556c50c9e8de78 -> 
  custom:SearchIndexIgnoredProperties: e643bd26f0fe6173181afceb89e7c659 -> 
  custom:AudioImporter_EditorPlatform: d09bf68614088b80899f8185d706f6e7 -> 
  custom:video-encoder-webm-vp8: eb34c28f22e8b96e1ab97ce403110664 -> 
  custom:audio-decoder-ogg-vorbis: bf7c407c2cedff20999df2af8eb42d56 -> 
  custom:audio-encoder-webm-vorbis: bf7c407c2cedff20999df2af8eb42d56 -> 
========================================================================
Received Prepare
Refreshing native plugins compatible for Editor in 29.81 ms, found 4 plugins.
Preloading 0 native plugins for Editor in 0.00 ms.
Unloading 1 Unused Serialized files (Serialized files now loaded: 0)
Unloading 1 unused Assets / (3.1 KB). Loaded Objects now: 3754.
Memory consumption went from 70.9 MB to 70.9 MB.
Total: 9.146200 ms (FindLiveObjects: 0.642200 ms CreateObjectMapping: 0.588100 ms MarkObjects: 7.867600 ms  DeleteObjects: 0.046000 ms)

Prepare: number of updated asset objects reloaded= 0
AssetImportParameters requested are different than current active one (requested -> active):
  custom:container-demuxer-ogg: 62fdf1f143b41e24485cea50d1cbac27 -> 
  custom:video-codec-MediaFoundation-h265: 746d11721c4dcdbdad8f713fa42b33f4 -> 
  custom:video-decoder-ogg-theora: a1e56fd34408186e4bbccfd4996cb3dc -> 
  custom:framework-win-MediaFoundation: 216162199b28c13a410421893ffa2e32 -> 
  custom:CustomObjectIndexerAttribute: 9a22284fe3817be447336de3de66b15e -> 
  custom:container-demuxer-webm: 4f35f7cbe854078d1ac9338744f61a02 -> 
  custom:container-muxer-webm: aa71ff27fc2769a1b78a27578f13a17b -> 
  custom:video-decoder-webm-vp8: 9c59270c3fd7afecdb556c50c9e8de78 -> 
  custom:SearchIndexIgnoredProperties: e643bd26f0fe6173181afceb89e7c659 -> 
  custom:AudioImporter_EditorPlatform: d09bf68614088b80899f8185d706f6e7 -> 
  custom:video-encoder-webm-vp8: eb34c28f22e8b96e1ab97ce403110664 -> 
  custom:audio-decoder-ogg-vorbis: bf7c407c2cedff20999df2af8eb42d56 -> 
  custom:audio-encoder-webm-vorbis: bf7c407c2cedff20999df2af8eb42d56 -> 
========================================================================
Received Prepare
Refreshing native plugins compatible for Editor in 29.17 ms, found 4 plugins.
Preloading 0 native plugins for Editor in 0.00 ms.
Unloading 1 Unused Serialized files (Serialized files now loaded: 0)
Unloading 1 unused Assets / (3.1 KB). Loaded Objects now: 3754.
Memory consumption went from 70.9 MB to 70.9 MB.
Total: 6.131900 ms (FindLiveObjects: 0.604800 ms CreateObjectMapping: 0.526000 ms MarkObjects: 4.940400 ms  DeleteObjects: 0.059100 ms)

Prepare: number of updated asset objects reloaded= 0
AssetImportParameters requested are different than current active one (requested -> active):
  custom:container-demuxer-ogg: 62fdf1f143b41e24485cea50d1cbac27 -> 
  custom:video-codec-MediaFoundation-h265: 746d11721c4dcdbdad8f713fa42b33f4 -> 
  custom:video-decoder-ogg-theora: a1e56fd34408186e4bbccfd4996cb3dc -> 
  custom:framework-win-MediaFoundation: 216162199b28c13a410421893ffa2e32 -> 
  custom:CustomObjectIndexerAttribute: 9a22284fe3817be447336de3de66b15e -> 
  custom:container-demuxer-webm: 4f35f7cbe854078d1ac9338744f61a02 -> 
  custom:container-muxer-webm: aa71ff27fc2769a1b78a27578f13a17b -> 
  custom:video-decoder-webm-vp8: 9c59270c3fd7afecdb556c50c9e8de78 -> 
  custom:SearchIndexIgnoredProperties: e643bd26f0fe6173181afceb89e7c659 -> 
  custom:AudioImporter_EditorPlatform: d09bf68614088b80899f8185d706f6e7 -> 
  custom:video-encoder-webm-vp8: eb34c28f22e8b96e1ab97ce403110664 -> 
  custom:audio-decoder-ogg-vorbis: bf7c407c2cedff20999df2af8eb42d56 -> 
  custom:audio-encoder-webm-vorbis: bf7c407c2cedff20999df2af8eb42d56 -> 
========================================================================
Received Prepare
Refreshing native plugins compatible for Editor in 30.29 ms, found 4 plugins.
Preloading 0 native plugins for Editor in 0.00 ms.
Unloading 1 Unused Serialized files (Serialized files now loaded: 0)
Unloading 1 unused Assets / (3.1 KB). Loaded Objects now: 3754.
Memory consumption went from 70.9 MB to 70.9 MB.
Total: 8.586400 ms (FindLiveObjects: 0.504300 ms CreateObjectMapping: 0.459300 ms MarkObjects: 7.574300 ms  DeleteObjects: 0.046500 ms)

Prepare: number of updated asset objects reloaded= 0
AssetImportParameters requested are different than current active one (requested -> active):
  custom:container-demuxer-ogg: 62fdf1f143b41e24485cea50d1cbac27 -> 
  custom:video-codec-MediaFoundation-h265: 746d11721c4dcdbdad8f713fa42b33f4 -> 
  custom:video-decoder-ogg-theora: a1e56fd34408186e4bbccfd4996cb3dc -> 
  custom:framework-win-MediaFoundation: 216162199b28c13a410421893ffa2e32 -> 
  custom:CustomObjectIndexerAttribute: 9a22284fe3817be447336de3de66b15e -> 
  custom:container-demuxer-webm: 4f35f7cbe854078d1ac9338744f61a02 -> 
  custom:container-muxer-webm: aa71ff27fc2769a1b78a27578f13a17b -> 
  custom:video-decoder-webm-vp8: 9c59270c3fd7afecdb556c50c9e8de78 -> 
  custom:SearchIndexIgnoredProperties: e643bd26f0fe6173181afceb89e7c659 -> 
  custom:AudioImporter_EditorPlatform: d09bf68614088b80899f8185d706f6e7 -> 
  custom:video-encoder-webm-vp8: eb34c28f22e8b96e1ab97ce403110664 -> 
  custom:audio-decoder-ogg-vorbis: bf7c407c2cedff20999df2af8eb42d56 -> 
  custom:audio-encoder-webm-vorbis: bf7c407c2cedff20999df2af8eb42d56 -> 
========================================================================
Received Prepare
Refreshing native plugins compatible for Editor in 24.00 ms, found 4 plugins.
Preloading 0 native plugins for Editor in 0.00 ms.
Unloading 1 Unused Serialized files (Serialized files now loaded: 0)
Unloading 1 unused Assets / (3.1 KB). Loaded Objects now: 3754.
Memory consumption went from 70.9 MB to 70.9 MB.
Total: 5.530600 ms (FindLiveObjects: 0.419900 ms CreateObjectMapping: 0.364000 ms MarkObjects: 4.705800 ms  DeleteObjects: 0.039500 ms)

Prepare: number of updated asset objects reloaded= 0
AssetImportParameters requested are different than current active one (requested -> active):
  custom:container-demuxer-ogg: 62fdf1f143b41e24485cea50d1cbac27 -> 
  custom:video-codec-MediaFoundation-h265: 746d11721c4dcdbdad8f713fa42b33f4 -> 
  custom:video-decoder-ogg-theora: a1e56fd34408186e4bbccfd4996cb3dc -> 
  custom:framework-win-MediaFoundation: 216162199b28c13a410421893ffa2e32 -> 
  custom:CustomObjectIndexerAttribute: 9a22284fe3817be447336de3de66b15e -> 
  custom:container-demuxer-webm: 4f35f7cbe854078d1ac9338744f61a02 -> 
  custom:container-muxer-webm: aa71ff27fc2769a1b78a27578f13a17b -> 
  custom:video-decoder-webm-vp8: 9c59270c3fd7afecdb556c50c9e8de78 -> 
  custom:SearchIndexIgnoredProperties: e643bd26f0fe6173181afceb89e7c659 -> 
  custom:AudioImporter_EditorPlatform: d09bf68614088b80899f8185d706f6e7 -> 
  custom:video-encoder-webm-vp8: eb34c28f22e8b96e1ab97ce403110664 -> 
  custom:audio-decoder-ogg-vorbis: bf7c407c2cedff20999df2af8eb42d56 -> 
  custom:audio-encoder-webm-vorbis: bf7c407c2cedff20999df2af8eb42d56 -> 
========================================================================
Received Prepare
Caller must complete domain reload
Begin MonoManager ReloadAssembly
- Loaded All Assemblies, in  1.334 seconds
Native extension for WindowsStandalone target not found
Native extension for WebGL target not found
Mono: successfully reloaded assembly
- Finished resetting the current domain, in  2.645 seconds
Domain Reload Profiling: 3961ms
	BeginReloadAssembly (404ms)
		ExecutionOrderSort (0ms)
		DisableScriptedObjects (14ms)
		BackupInstance (0ms)
		ReleaseScriptingObjects (0ms)
		CreateAndSetChildDomain (72ms)
	RebuildCommonClasses (89ms)
	RebuildNativeTypeToScriptingClass (27ms)
	initialDomainReloadingComplete (108ms)
	LoadAllAssembliesAndSetupDomain (686ms)
		LoadAssemblies (896ms)
		RebuildTransferFunctionScriptingTraits (0ms)
		AnalyzeDomain (34ms)
			TypeCache.Refresh (13ms)
				TypeCache.ScanAssembly (0ms)
			ScanForSourceGeneratedMonoScriptInfo (0ms)
			ResolveRequiredComponents (16ms)
	FinalizeReload (2646ms)
		ReleaseScriptCaches (0ms)
		RebuildScriptCaches (0ms)
		SetupLoadedEditorAssemblies (1112ms)
			LogAssemblyErrors (0ms)
			InitializePlatformSupportModulesInManaged (34ms)
			SetLoadedEditorAssemblies (13ms)
			RefreshPlugins (0ms)
			BeforeProcessingInitializeOnLoad (195ms)
			ProcessInitializeOnLoadAttributes (769ms)
			ProcessInitializeOnLoadMethodAttributes (65ms)
			AfterProcessingInitializeOnLoad (35ms)
			EditorAssembliesLoaded (0ms)
		ExecutionOrderSort2 (0ms)
		AwakeInstancesAfterBackupRestoration (25ms)
Refreshing native plugins compatible for Editor in 23.90 ms, found 4 plugins.
Preloading 0 native plugins for Editor in 0.00 ms.
Unloading 3252 Unused Serialized files (Serialized files now loaded: 0)
Unloading 16 unused Assets / (28.5 KB). Loaded Objects now: 3757.
Memory consumption went from 121.7 MB to 121.7 MB.
Total: 8.052100 ms (FindLiveObjects: 0.417600 ms CreateObjectMapping: 0.412600 ms MarkObjects: 7.150800 ms  DeleteObjects: 0.069600 ms)

Prepare: number of updated asset objects reloaded= 0
AssetImportParameters requested are different than current active one (requested -> active):
  custom:container-demuxer-ogg: 62fdf1f143b41e24485cea50d1cbac27 -> 
  custom:video-codec-MediaFoundation-h265: 746d11721c4dcdbdad8f713fa42b33f4 -> 
  custom:video-decoder-ogg-theora: a1e56fd34408186e4bbccfd4996cb3dc -> 
  custom:framework-win-MediaFoundation: 216162199b28c13a410421893ffa2e32 -> 
  custom:CustomObjectIndexerAttribute: 9a22284fe3817be447336de3de66b15e -> 
  custom:container-demuxer-webm: 4f35f7cbe854078d1ac9338744f61a02 -> 
  custom:container-muxer-webm: aa71ff27fc2769a1b78a27578f13a17b -> 
  custom:video-decoder-webm-vp8: 9c59270c3fd7afecdb556c50c9e8de78 -> 
  custom:SearchIndexIgnoredProperties: e643bd26f0fe6173181afceb89e7c659 -> 
  custom:AudioImporter_EditorPlatform: d09bf68614088b80899f8185d706f6e7 -> 
  custom:video-encoder-webm-vp8: eb34c28f22e8b96e1ab97ce403110664 -> 
  custom:audio-decoder-ogg-vorbis: bf7c407c2cedff20999df2af8eb42d56 -> 
  custom:audio-encoder-webm-vorbis: bf7c407c2cedff20999df2af8eb42d56 -> 
========================================================================
Received Prepare
Caller must complete domain reload
Begin MonoManager ReloadAssembly
- Loaded All Assemblies, in  1.239 seconds
Native extension for WindowsStandalone target not found
Native extension for WebGL target not found
Mono: successfully reloaded assembly
- Finished resetting the current domain, in  2.743 seconds
Domain Reload Profiling: 3966ms
	BeginReloadAssembly (367ms)
		ExecutionOrderSort (0ms)
		DisableScriptedObjects (13ms)
		BackupInstance (0ms)
		ReleaseScriptingObjects (0ms)
		CreateAndSetChildDomain (72ms)
	RebuildCommonClasses (102ms)
	RebuildNativeTypeToScriptingClass (27ms)
	initialDomainReloadingComplete (101ms)
	LoadAllAssembliesAndSetupDomain (625ms)
		LoadAssemblies (808ms)
		RebuildTransferFunctionScriptingTraits (0ms)
		AnalyzeDomain (29ms)
			TypeCache.Refresh (12ms)
				TypeCache.ScanAssembly (0ms)
			ScanForSourceGeneratedMonoScriptInfo (1ms)
			ResolveRequiredComponents (12ms)
	FinalizeReload (2744ms)
		ReleaseScriptCaches (0ms)
		RebuildScriptCaches (0ms)
		SetupLoadedEditorAssemblies (1135ms)
			LogAssemblyErrors (0ms)
			InitializePlatformSupportModulesInManaged (26ms)
			SetLoadedEditorAssemblies (9ms)
			RefreshPlugins (0ms)
			BeforeProcessingInitializeOnLoad (185ms)
			ProcessInitializeOnLoadAttributes (800ms)
			ProcessInitializeOnLoadMethodAttributes (76ms)
			AfterProcessingInitializeOnLoad (38ms)
			EditorAssembliesLoaded (0ms)
		ExecutionOrderSort2 (0ms)
		AwakeInstancesAfterBackupRestoration (25ms)
Refreshing native plugins compatible for Editor in 33.65 ms, found 4 plugins.
Preloading 0 native plugins for Editor in 0.00 ms.
Unloading 3252 Unused Serialized files (Serialized files now loaded: 0)
Unloading 16 unused Assets / (28.5 KB). Loaded Objects now: 3760.
Memory consumption went from 121.7 MB to 121.7 MB.
Total: 6.320300 ms (FindLiveObjects: 0.373500 ms CreateObjectMapping: 0.591000 ms MarkObjects: 5.288700 ms  DeleteObjects: 0.065000 ms)

Prepare: number of updated asset objects reloaded= 0
AssetImportParameters requested are different than current active one (requested -> active):
  custom:container-demuxer-ogg: 62fdf1f143b41e24485cea50d1cbac27 -> 
  custom:video-codec-MediaFoundation-h265: 746d11721c4dcdbdad8f713fa42b33f4 -> 
  custom:video-decoder-ogg-theora: a1e56fd34408186e4bbccfd4996cb3dc -> 
  custom:framework-win-MediaFoundation: 216162199b28c13a410421893ffa2e32 -> 
  custom:CustomObjectIndexerAttribute: 9a22284fe3817be447336de3de66b15e -> 
  custom:container-demuxer-webm: 4f35f7cbe854078d1ac9338744f61a02 -> 
  custom:container-muxer-webm: aa71ff27fc2769a1b78a27578f13a17b -> 
  custom:video-decoder-webm-vp8: 9c59270c3fd7afecdb556c50c9e8de78 -> 
  custom:SearchIndexIgnoredProperties: e643bd26f0fe6173181afceb89e7c659 -> 
  custom:AudioImporter_EditorPlatform: d09bf68614088b80899f8185d706f6e7 -> 
  custom:video-encoder-webm-vp8: eb34c28f22e8b96e1ab97ce403110664 -> 
  custom:audio-decoder-ogg-vorbis: bf7c407c2cedff20999df2af8eb42d56 -> 
  custom:audio-encoder-webm-vorbis: bf7c407c2cedff20999df2af8eb42d56 -> 
========================================================================
Received Prepare
Caller must complete domain reload
Begin MonoManager ReloadAssembly
- Loaded All Assemblies, in  1.139 seconds
Native extension for WindowsStandalone target not found
Native extension for WebGL target not found
Mono: successfully reloaded assembly
- Finished resetting the current domain, in  2.769 seconds
Domain Reload Profiling: 3893ms
	BeginReloadAssembly (363ms)
		ExecutionOrderSort (0ms)
		DisableScriptedObjects (13ms)
		BackupInstance (0ms)
		ReleaseScriptingObjects (0ms)
		CreateAndSetChildDomain (73ms)
	RebuildCommonClasses (90ms)
	RebuildNativeTypeToScriptingClass (29ms)
	initialDomainReloadingComplete (85ms)
	LoadAllAssembliesAndSetupDomain (556ms)
		LoadAssemblies (733ms)
		RebuildTransferFunctionScriptingTraits (0ms)
		AnalyzeDomain (31ms)
			TypeCache.Refresh (11ms)
				TypeCache.ScanAssembly (0ms)
			ScanForSourceGeneratedMonoScriptInfo (0ms)
			ResolveRequiredComponents (15ms)
	FinalizeReload (2770ms)
		ReleaseScriptCaches (0ms)
		RebuildScriptCaches (0ms)
		SetupLoadedEditorAssemblies (1164ms)
			LogAssemblyErrors (0ms)
			InitializePlatformSupportModulesInManaged (26ms)
			SetLoadedEditorAssemblies (10ms)
			RefreshPlugins (0ms)
			BeforeProcessingInitializeOnLoad (187ms)
			ProcessInitializeOnLoadAttributes (834ms)
			ProcessInitializeOnLoadMethodAttributes (68ms)
			AfterProcessingInitializeOnLoad (38ms)
			EditorAssembliesLoaded (0ms)
		ExecutionOrderSort2 (0ms)
		AwakeInstancesAfterBackupRestoration (27ms)
Refreshing native plugins compatible for Editor in 23.64 ms, found 4 plugins.
Preloading 0 native plugins for Editor in 0.00 ms.
Unloading 3252 Unused Serialized files (Serialized files now loaded: 0)
Unloading 16 unused Assets / (28.5 KB). Loaded Objects now: 3763.
Memory consumption went from 121.7 MB to 121.7 MB.
Total: 6.201100 ms (FindLiveObjects: 0.550900 ms CreateObjectMapping: 0.413700 ms MarkObjects: 5.147100 ms  DeleteObjects: 0.088200 ms)

Prepare: number of updated asset objects reloaded= 0
AssetImportParameters requested are different than current active one (requested -> active):
  custom:container-demuxer-ogg: 62fdf1f143b41e24485cea50d1cbac27 -> 
  custom:video-codec-MediaFoundation-h265: 746d11721c4dcdbdad8f713fa42b33f4 -> 
  custom:video-decoder-ogg-theora: a1e56fd34408186e4bbccfd4996cb3dc -> 
  custom:framework-win-MediaFoundation: 216162199b28c13a410421893ffa2e32 -> 
  custom:CustomObjectIndexerAttribute: 9a22284fe3817be447336de3de66b15e -> 
  custom:container-demuxer-webm: 4f35f7cbe854078d1ac9338744f61a02 -> 
  custom:container-muxer-webm: aa71ff27fc2769a1b78a27578f13a17b -> 
  custom:video-decoder-webm-vp8: 9c59270c3fd7afecdb556c50c9e8de78 -> 
  custom:SearchIndexIgnoredProperties: e643bd26f0fe6173181afceb89e7c659 -> 
  custom:AudioImporter_EditorPlatform: d09bf68614088b80899f8185d706f6e7 -> 
  custom:video-encoder-webm-vp8: eb34c28f22e8b96e1ab97ce403110664 -> 
  custom:audio-decoder-ogg-vorbis: bf7c407c2cedff20999df2af8eb42d56 -> 
  custom:audio-encoder-webm-vorbis: bf7c407c2cedff20999df2af8eb42d56 -> 
========================================================================
Received Prepare
Caller must complete domain reload
Begin MonoManager ReloadAssembly
- Loaded All Assemblies, in  1.248 seconds
Native extension for WindowsStandalone target not found
Native extension for WebGL target not found
Mono: successfully reloaded assembly
- Finished resetting the current domain, in  3.097 seconds
Domain Reload Profiling: 4328ms
	BeginReloadAssembly (408ms)
		ExecutionOrderSort (0ms)
		DisableScriptedObjects (18ms)
		BackupInstance (0ms)
		ReleaseScriptingObjects (0ms)
		CreateAndSetChildDomain (80ms)
	RebuildCommonClasses (80ms)
	RebuildNativeTypeToScriptingClass (26ms)
	initialDomainReloadingComplete (90ms)
	LoadAllAssembliesAndSetupDomain (626ms)
		LoadAssemblies (819ms)
		RebuildTransferFunctionScriptingTraits (0ms)
		AnalyzeDomain (37ms)
			TypeCache.Refresh (13ms)
				TypeCache.ScanAssembly (0ms)
			ScanForSourceGeneratedMonoScriptInfo (0ms)
			ResolveRequiredComponents (19ms)
	FinalizeReload (3098ms)
		ReleaseScriptCaches (0ms)
		RebuildScriptCaches (0ms)
		SetupLoadedEditorAssemblies (1261ms)
			LogAssemblyErrors (0ms)
			InitializePlatformSupportModulesInManaged (23ms)
			SetLoadedEditorAssemblies (10ms)
			RefreshPlugins (0ms)
			BeforeProcessingInitializeOnLoad (202ms)
			ProcessInitializeOnLoadAttributes (910ms)
			ProcessInitializeOnLoadMethodAttributes (78ms)
			AfterProcessingInitializeOnLoad (38ms)
			EditorAssembliesLoaded (0ms)
		ExecutionOrderSort2 (0ms)
		AwakeInstancesAfterBackupRestoration (28ms)
Refreshing native plugins compatible for Editor in 26.26 ms, found 4 plugins.
Preloading 0 native plugins for Editor in 0.00 ms.
Unloading 3252 Unused Serialized files (Serialized files now loaded: 0)
Unloading 16 unused Assets / (28.5 KB). Loaded Objects now: 3766.
Memory consumption went from 121.7 MB to 121.7 MB.
Total: 5.495100 ms (FindLiveObjects: 0.369300 ms CreateObjectMapping: 0.382100 ms MarkObjects: 4.676400 ms  DeleteObjects: 0.066100 ms)

Prepare: number of updated asset objects reloaded= 0
AssetImportParameters requested are different than current active one (requested -> active):
  custom:container-demuxer-ogg: 62fdf1f143b41e24485cea50d1cbac27 -> 
  custom:video-codec-MediaFoundation-h265: 746d11721c4dcdbdad8f713fa42b33f4 -> 
  custom:video-decoder-ogg-theora: a1e56fd34408186e4bbccfd4996cb3dc -> 
  custom:framework-win-MediaFoundation: 216162199b28c13a410421893ffa2e32 -> 
  custom:CustomObjectIndexerAttribute: 9a22284fe3817be447336de3de66b15e -> 
  custom:container-demuxer-webm: 4f35f7cbe854078d1ac9338744f61a02 -> 
  custom:container-muxer-webm: aa71ff27fc2769a1b78a27578f13a17b -> 
  custom:video-decoder-webm-vp8: 9c59270c3fd7afecdb556c50c9e8de78 -> 
  custom:SearchIndexIgnoredProperties: e643bd26f0fe6173181afceb89e7c659 -> 
  custom:AudioImporter_EditorPlatform: d09bf68614088b80899f8185d706f6e7 -> 
  custom:video-encoder-webm-vp8: eb34c28f22e8b96e1ab97ce403110664 -> 
  custom:audio-decoder-ogg-vorbis: bf7c407c2cedff20999df2af8eb42d56 -> 
  custom:audio-encoder-webm-vorbis: bf7c407c2cedff20999df2af8eb42d56 -> 
========================================================================
Received Prepare
Caller must complete domain reload
Begin MonoManager ReloadAssembly
- Loaded All Assemblies, in  1.017 seconds
Native extension for WindowsStandalone target not found
Native extension for WebGL target not found
Mono: successfully reloaded assembly
- Finished resetting the current domain, in  2.213 seconds
Domain Reload Profiling: 3216ms
	BeginReloadAssembly (325ms)
		ExecutionOrderSort (0ms)
		DisableScriptedObjects (12ms)
		BackupInstance (0ms)
		ReleaseScriptingObjects (0ms)
		CreateAndSetChildDomain (73ms)
	RebuildCommonClasses (75ms)
	RebuildNativeTypeToScriptingClass (22ms)
	initialDomainReloadingComplete (76ms)
	LoadAllAssembliesAndSetupDomain (504ms)
		LoadAssemblies (650ms)
		RebuildTransferFunctionScriptingTraits (0ms)
		AnalyzeDomain (27ms)
			TypeCache.Refresh (10ms)
				TypeCache.ScanAssembly (0ms)
			ScanForSourceGeneratedMonoScriptInfo (0ms)
			ResolveRequiredComponents (12ms)
	FinalizeReload (2214ms)
		ReleaseScriptCaches (0ms)
		RebuildScriptCaches (0ms)
		SetupLoadedEditorAssemblies (915ms)
			LogAssemblyErrors (0ms)
			InitializePlatformSupportModulesInManaged (19ms)
			SetLoadedEditorAssemblies (9ms)
			RefreshPlugins (0ms)
			BeforeProcessingInitializeOnLoad (154ms)
			ProcessInitializeOnLoadAttributes (648ms)
			ProcessInitializeOnLoadMethodAttributes (56ms)
			AfterProcessingInitializeOnLoad (30ms)
			EditorAssembliesLoaded (0ms)
		ExecutionOrderSort2 (0ms)
		AwakeInstancesAfterBackupRestoration (19ms)
Refreshing native plugins compatible for Editor in 22.20 ms, found 4 plugins.
Preloading 0 native plugins for Editor in 0.00 ms.
Unloading 3252 Unused Serialized files (Serialized files now loaded: 0)
Unloading 16 unused Assets / (28.5 KB). Loaded Objects now: 3769.
Memory consumption went from 121.7 MB to 121.7 MB.
Total: 6.429500 ms (FindLiveObjects: 0.417500 ms CreateObjectMapping: 0.384700 ms MarkObjects: 5.556500 ms  DeleteObjects: 0.069400 ms)

Prepare: number of updated asset objects reloaded= 0
AssetImportParameters requested are different than current active one (requested -> active):
  custom:container-demuxer-ogg: 62fdf1f143b41e24485cea50d1cbac27 -> 
  custom:video-codec-MediaFoundation-h265: 746d11721c4dcdbdad8f713fa42b33f4 -> 
  custom:video-decoder-ogg-theora: a1e56fd34408186e4bbccfd4996cb3dc -> 
  custom:framework-win-MediaFoundation: 216162199b28c13a410421893ffa2e32 -> 
  custom:CustomObjectIndexerAttribute: 9a22284fe3817be447336de3de66b15e -> 
  custom:container-demuxer-webm: 4f35f7cbe854078d1ac9338744f61a02 -> 
  custom:container-muxer-webm: aa71ff27fc2769a1b78a27578f13a17b -> 
  custom:video-decoder-webm-vp8: 9c59270c3fd7afecdb556c50c9e8de78 -> 
  custom:SearchIndexIgnoredProperties: e643bd26f0fe6173181afceb89e7c659 -> 
  custom:AudioImporter_EditorPlatform: d09bf68614088b80899f8185d706f6e7 -> 
  custom:video-encoder-webm-vp8: eb34c28f22e8b96e1ab97ce403110664 -> 
  custom:audio-decoder-ogg-vorbis: bf7c407c2cedff20999df2af8eb42d56 -> 
  custom:audio-encoder-webm-vorbis: bf7c407c2cedff20999df2af8eb42d56 -> 
========================================================================
Received Import Request.
  Time since last request: 543831.819168 seconds.
  path: Assets/ArtRes/ImgAvatar/avatar (2).png
  artifactKey: Guid(231125800b9ce2b49b18282f9588a1d4) Importer(815301076,1909f56bfc062723c751e8b465ee728b)
Start importing Assets/ArtRes/ImgAvatar/avatar (2).png using Guid(231125800b9ce2b49b18282f9588a1d4) Importer(815301076,1909f56bfc062723c751e8b465ee728b) [PhysX] Initialized MultithreadedTaskDispatcher with 12 workers.
[PhysX] Initialized MultithreadedTaskDispatcher with 12 workers.
 -> (artifact id: 'b4192a5db67e79cde063ae18812b43ef') in 0.560537 seconds
Number of updated asset objects reloaded before import = 0
Number of asset objects unloaded after import = 3
========================================================================
Received Prepare
Refreshing native plugins compatible for Editor in 18.63 ms, found 4 plugins.
Preloading 0 native plugins for Editor in 0.00 ms.
Unloading 0 Unused Serialized files (Serialized files now loaded: 0)
Unloading 1 unused Assets / (0.9 KB). Loaded Objects now: 3776.
Memory consumption went from 75.4 MB to 75.4 MB.
Total: 27.690100 ms (FindLiveObjects: 0.833400 ms CreateObjectMapping: 0.400000 ms MarkObjects: 26.273500 ms  DeleteObjects: 0.180600 ms)

Prepare: number of updated asset objects reloaded= 0
AssetImportParameters requested are different than current active one (requested -> active):
  custom:container-demuxer-ogg: 62fdf1f143b41e24485cea50d1cbac27 -> 
  custom:video-codec-MediaFoundation-h265: 746d11721c4dcdbdad8f713fa42b33f4 -> 
  custom:video-decoder-ogg-theora: a1e56fd34408186e4bbccfd4996cb3dc -> 
  custom:framework-win-MediaFoundation: 216162199b28c13a410421893ffa2e32 -> 
  custom:CustomObjectIndexerAttribute: 9a22284fe3817be447336de3de66b15e -> 
  custom:container-demuxer-webm: 4f35f7cbe854078d1ac9338744f61a02 -> 
  custom:container-muxer-webm: aa71ff27fc2769a1b78a27578f13a17b -> 
  custom:video-decoder-webm-vp8: 9c59270c3fd7afecdb556c50c9e8de78 -> 
  custom:SearchIndexIgnoredProperties: e643bd26f0fe6173181afceb89e7c659 -> 
  custom:AudioImporter_EditorPlatform: d09bf68614088b80899f8185d706f6e7 -> 
  custom:video-encoder-webm-vp8: eb34c28f22e8b96e1ab97ce403110664 -> 
  custom:audio-decoder-ogg-vorbis: bf7c407c2cedff20999df2af8eb42d56 -> 
  custom:audio-encoder-webm-vorbis: bf7c407c2cedff20999df2af8eb42d56 -> 
========================================================================
Received Prepare
Refreshing native plugins compatible for Editor in 22.14 ms, found 4 plugins.
Preloading 0 native plugins for Editor in 0.00 ms.
Unloading 1 Unused Serialized files (Serialized files now loaded: 0)
Unloading 1 unused Assets / (3.1 KB). Loaded Objects now: 3776.
Memory consumption went from 75.6 MB to 75.6 MB.
Total: 7.672900 ms (FindLiveObjects: 0.364000 ms CreateObjectMapping: 0.349500 ms MarkObjects: 6.911900 ms  DeleteObjects: 0.045900 ms)

Prepare: number of updated asset objects reloaded= 0
AssetImportParameters requested are different than current active one (requested -> active):
  custom:container-demuxer-ogg: 62fdf1f143b41e24485cea50d1cbac27 -> 
  custom:video-codec-MediaFoundation-h265: 746d11721c4dcdbdad8f713fa42b33f4 -> 
  custom:video-decoder-ogg-theora: a1e56fd34408186e4bbccfd4996cb3dc -> 
  custom:framework-win-MediaFoundation: 216162199b28c13a410421893ffa2e32 -> 
  custom:CustomObjectIndexerAttribute: 9a22284fe3817be447336de3de66b15e -> 
  custom:container-demuxer-webm: 4f35f7cbe854078d1ac9338744f61a02 -> 
  custom:container-muxer-webm: aa71ff27fc2769a1b78a27578f13a17b -> 
  custom:video-decoder-webm-vp8: 9c59270c3fd7afecdb556c50c9e8de78 -> 
  custom:SearchIndexIgnoredProperties: e643bd26f0fe6173181afceb89e7c659 -> 
  custom:AudioImporter_EditorPlatform: d09bf68614088b80899f8185d706f6e7 -> 
  custom:video-encoder-webm-vp8: eb34c28f22e8b96e1ab97ce403110664 -> 
  custom:audio-decoder-ogg-vorbis: bf7c407c2cedff20999df2af8eb42d56 -> 
  custom:audio-encoder-webm-vorbis: bf7c407c2cedff20999df2af8eb42d56 -> 
========================================================================
Received Prepare
Refreshing native plugins compatible for Editor in 18.46 ms, found 4 plugins.
Preloading 0 native plugins for Editor in 0.00 ms.
Unloading 1 Unused Serialized files (Serialized files now loaded: 0)
Unloading 1 unused Assets / (3.1 KB). Loaded Objects now: 3776.
Memory consumption went from 75.6 MB to 75.6 MB.
Total: 5.083700 ms (FindLiveObjects: 0.441600 ms CreateObjectMapping: 0.369200 ms MarkObjects: 4.239900 ms  DeleteObjects: 0.031900 ms)

Prepare: number of updated asset objects reloaded= 0
AssetImportParameters requested are different than current active one (requested -> active):
  custom:container-demuxer-ogg: 62fdf1f143b41e24485cea50d1cbac27 -> 
  custom:video-codec-MediaFoundation-h265: 746d11721c4dcdbdad8f713fa42b33f4 -> 
  custom:video-decoder-ogg-theora: a1e56fd34408186e4bbccfd4996cb3dc -> 
  custom:framework-win-MediaFoundation: 216162199b28c13a410421893ffa2e32 -> 
  custom:CustomObjectIndexerAttribute: 9a22284fe3817be447336de3de66b15e -> 
  custom:container-demuxer-webm: 4f35f7cbe854078d1ac9338744f61a02 -> 
  custom:container-muxer-webm: aa71ff27fc2769a1b78a27578f13a17b -> 
  custom:video-decoder-webm-vp8: 9c59270c3fd7afecdb556c50c9e8de78 -> 
  custom:SearchIndexIgnoredProperties: e643bd26f0fe6173181afceb89e7c659 -> 
  custom:AudioImporter_EditorPlatform: d09bf68614088b80899f8185d706f6e7 -> 
  custom:video-encoder-webm-vp8: eb34c28f22e8b96e1ab97ce403110664 -> 
  custom:audio-decoder-ogg-vorbis: bf7c407c2cedff20999df2af8eb42d56 -> 
  custom:audio-encoder-webm-vorbis: bf7c407c2cedff20999df2af8eb42d56 -> 
========================================================================
Received Prepare
Refreshing native plugins compatible for Editor in 22.61 ms, found 4 plugins.
Preloading 0 native plugins for Editor in 0.00 ms.
Unloading 1 Unused Serialized files (Serialized files now loaded: 0)
Unloading 1 unused Assets / (3.1 KB). Loaded Objects now: 3776.
Memory consumption went from 75.6 MB to 75.6 MB.
Total: 5.675100 ms (FindLiveObjects: 0.367800 ms CreateObjectMapping: 0.366800 ms MarkObjects: 4.901000 ms  DeleteObjects: 0.037700 ms)

Prepare: number of updated asset objects reloaded= 0
AssetImportParameters requested are different than current active one (requested -> active):
  custom:container-demuxer-ogg: 62fdf1f143b41e24485cea50d1cbac27 -> 
  custom:video-codec-MediaFoundation-h265: 746d11721c4dcdbdad8f713fa42b33f4 -> 
  custom:video-decoder-ogg-theora: a1e56fd34408186e4bbccfd4996cb3dc -> 
  custom:framework-win-MediaFoundation: 216162199b28c13a410421893ffa2e32 -> 
  custom:CustomObjectIndexerAttribute: 9a22284fe3817be447336de3de66b15e -> 
  custom:container-demuxer-webm: 4f35f7cbe854078d1ac9338744f61a02 -> 
  custom:container-muxer-webm: aa71ff27fc2769a1b78a27578f13a17b -> 
  custom:video-decoder-webm-vp8: 9c59270c3fd7afecdb556c50c9e8de78 -> 
  custom:SearchIndexIgnoredProperties: e643bd26f0fe6173181afceb89e7c659 -> 
  custom:AudioImporter_EditorPlatform: d09bf68614088b80899f8185d706f6e7 -> 
  custom:video-encoder-webm-vp8: eb34c28f22e8b96e1ab97ce403110664 -> 
  custom:audio-decoder-ogg-vorbis: bf7c407c2cedff20999df2af8eb42d56 -> 
  custom:audio-encoder-webm-vorbis: bf7c407c2cedff20999df2af8eb42d56 -> 
========================================================================
Received Prepare
Refreshing native plugins compatible for Editor in 21.16 ms, found 4 plugins.
Preloading 0 native plugins for Editor in 0.00 ms.
Unloading 1 Unused Serialized files (Serialized files now loaded: 0)
Unloading 1 unused Assets / (3.1 KB). Loaded Objects now: 3776.
Memory consumption went from 75.6 MB to 75.6 MB.
Total: 6.515800 ms (FindLiveObjects: 0.352200 ms CreateObjectMapping: 0.296400 ms MarkObjects: 5.820100 ms  DeleteObjects: 0.045500 ms)

Prepare: number of updated asset objects reloaded= 0
AssetImportParameters requested are different than current active one (requested -> active):
  custom:container-demuxer-ogg: 62fdf1f143b41e24485cea50d1cbac27 -> 
  custom:video-codec-MediaFoundation-h265: 746d11721c4dcdbdad8f713fa42b33f4 -> 
  custom:video-decoder-ogg-theora: a1e56fd34408186e4bbccfd4996cb3dc -> 
  custom:framework-win-MediaFoundation: 216162199b28c13a410421893ffa2e32 -> 
  custom:CustomObjectIndexerAttribute: 9a22284fe3817be447336de3de66b15e -> 
  custom:container-demuxer-webm: 4f35f7cbe854078d1ac9338744f61a02 -> 
  custom:container-muxer-webm: aa71ff27fc2769a1b78a27578f13a17b -> 
  custom:video-decoder-webm-vp8: 9c59270c3fd7afecdb556c50c9e8de78 -> 
  custom:SearchIndexIgnoredProperties: e643bd26f0fe6173181afceb89e7c659 -> 
  custom:AudioImporter_EditorPlatform: d09bf68614088b80899f8185d706f6e7 -> 
  custom:video-encoder-webm-vp8: eb34c28f22e8b96e1ab97ce403110664 -> 
  custom:audio-decoder-ogg-vorbis: bf7c407c2cedff20999df2af8eb42d56 -> 
  custom:audio-encoder-webm-vorbis: bf7c407c2cedff20999df2af8eb42d56 -> 
========================================================================
Received Prepare
Refreshing native plugins compatible for Editor in 18.82 ms, found 4 plugins.
Preloading 0 native plugins for Editor in 0.00 ms.
Unloading 1 Unused Serialized files (Serialized files now loaded: 0)
Unloading 1 unused Assets / (3.1 KB). Loaded Objects now: 3776.
Memory consumption went from 75.6 MB to 75.6 MB.
Total: 4.708300 ms (FindLiveObjects: 0.345500 ms CreateObjectMapping: 0.284000 ms MarkObjects: 4.049000 ms  DeleteObjects: 0.028400 ms)

Prepare: number of updated asset objects reloaded= 0
AssetImportParameters requested are different than current active one (requested -> active):
  custom:container-demuxer-ogg: 62fdf1f143b41e24485cea50d1cbac27 -> 
  custom:video-codec-MediaFoundation-h265: 746d11721c4dcdbdad8f713fa42b33f4 -> 
  custom:video-decoder-ogg-theora: a1e56fd34408186e4bbccfd4996cb3dc -> 
  custom:framework-win-MediaFoundation: 216162199b28c13a410421893ffa2e32 -> 
  custom:CustomObjectIndexerAttribute: 9a22284fe3817be447336de3de66b15e -> 
  custom:container-demuxer-webm: 4f35f7cbe854078d1ac9338744f61a02 -> 
  custom:container-muxer-webm: aa71ff27fc2769a1b78a27578f13a17b -> 
  custom:video-decoder-webm-vp8: 9c59270c3fd7afecdb556c50c9e8de78 -> 
  custom:SearchIndexIgnoredProperties: e643bd26f0fe6173181afceb89e7c659 -> 
  custom:AudioImporter_EditorPlatform: d09bf68614088b80899f8185d706f6e7 -> 
  custom:video-encoder-webm-vp8: eb34c28f22e8b96e1ab97ce403110664 -> 
  custom:audio-decoder-ogg-vorbis: bf7c407c2cedff20999df2af8eb42d56 -> 
  custom:audio-encoder-webm-vorbis: bf7c407c2cedff20999df2af8eb42d56 -> 
========================================================================
Received Prepare
Caller must complete domain reload
Begin MonoManager ReloadAssembly
- Loaded All Assemblies, in  1.337 seconds
Native extension for WindowsStandalone target not found
Native extension for WebGL target not found
Mono: successfully reloaded assembly
- Finished resetting the current domain, in  2.366 seconds
Domain Reload Profiling: 3691ms
	BeginReloadAssembly (415ms)
		ExecutionOrderSort (0ms)
		DisableScriptedObjects (12ms)
		BackupInstance (0ms)
		ReleaseScriptingObjects (0ms)
		CreateAndSetChildDomain (108ms)
	RebuildCommonClasses (76ms)
	RebuildNativeTypeToScriptingClass (23ms)
	initialDomainReloadingComplete (82ms)
	LoadAllAssembliesAndSetupDomain (727ms)
		LoadAssemblies (923ms)
		RebuildTransferFunctionScriptingTraits (0ms)
		AnalyzeDomain (28ms)
			TypeCache.Refresh (11ms)
				TypeCache.ScanAssembly (0ms)
			ScanForSourceGeneratedMonoScriptInfo (0ms)
			ResolveRequiredComponents (14ms)
	FinalizeReload (2367ms)
		ReleaseScriptCaches (0ms)
		RebuildScriptCaches (0ms)
		SetupLoadedEditorAssemblies (970ms)
			LogAssemblyErrors (0ms)
			InitializePlatformSupportModulesInManaged (20ms)
			SetLoadedEditorAssemblies (10ms)
			RefreshPlugins (0ms)
			BeforeProcessingInitializeOnLoad (159ms)
			ProcessInitializeOnLoadAttributes (692ms)
			ProcessInitializeOnLoadMethodAttributes (61ms)
			AfterProcessingInitializeOnLoad (27ms)
			EditorAssembliesLoaded (0ms)
		ExecutionOrderSort2 (0ms)
		AwakeInstancesAfterBackupRestoration (22ms)
Refreshing native plugins compatible for Editor in 23.45 ms, found 4 plugins.
Preloading 0 native plugins for Editor in 0.00 ms.
Unloading 3252 Unused Serialized files (Serialized files now loaded: 0)
Unloading 16 unused Assets / (28.5 KB). Loaded Objects now: 3778.
Memory consumption went from 126.1 MB to 126.1 MB.
Total: 6.444400 ms (FindLiveObjects: 0.444500 ms CreateObjectMapping: 0.462000 ms MarkObjects: 5.467100 ms  DeleteObjects: 0.068900 ms)

Prepare: number of updated asset objects reloaded= 0
AssetImportParameters requested are different than current active one (requested -> active):
  custom:container-demuxer-ogg: 62fdf1f143b41e24485cea50d1cbac27 -> 
  custom:video-codec-MediaFoundation-h265: 746d11721c4dcdbdad8f713fa42b33f4 -> 
  custom:video-decoder-ogg-theora: a1e56fd34408186e4bbccfd4996cb3dc -> 
  custom:framework-win-MediaFoundation: 216162199b28c13a410421893ffa2e32 -> 
  custom:CustomObjectIndexerAttribute: 9a22284fe3817be447336de3de66b15e -> 
  custom:container-demuxer-webm: 4f35f7cbe854078d1ac9338744f61a02 -> 
  custom:container-muxer-webm: aa71ff27fc2769a1b78a27578f13a17b -> 
  custom:video-decoder-webm-vp8: 9c59270c3fd7afecdb556c50c9e8de78 -> 
  custom:SearchIndexIgnoredProperties: e643bd26f0fe6173181afceb89e7c659 -> 
  custom:AudioImporter_EditorPlatform: d09bf68614088b80899f8185d706f6e7 -> 
  custom:video-encoder-webm-vp8: eb34c28f22e8b96e1ab97ce403110664 -> 
  custom:audio-decoder-ogg-vorbis: bf7c407c2cedff20999df2af8eb42d56 -> 
  custom:audio-encoder-webm-vorbis: bf7c407c2cedff20999df2af8eb42d56 -> 
========================================================================
Received Prepare
Caller must complete domain reload
Begin MonoManager ReloadAssembly
- Loaded All Assemblies, in  1.049 seconds
Native extension for WindowsStandalone target not found
Native extension for WebGL target not found
Mono: successfully reloaded assembly
- Finished resetting the current domain, in  2.188 seconds
Domain Reload Profiling: 3223ms
	BeginReloadAssembly (316ms)
		ExecutionOrderSort (0ms)
		DisableScriptedObjects (14ms)
		BackupInstance (0ms)
		ReleaseScriptingObjects (0ms)
		CreateAndSetChildDomain (60ms)
	RebuildCommonClasses (77ms)
	RebuildNativeTypeToScriptingClass (31ms)
	initialDomainReloadingComplete (81ms)
	LoadAllAssembliesAndSetupDomain (528ms)
		LoadAssemblies (672ms)
		RebuildTransferFunctionScriptingTraits (0ms)
		AnalyzeDomain (32ms)
			TypeCache.Refresh (13ms)
				TypeCache.ScanAssembly (0ms)
			ScanForSourceGeneratedMonoScriptInfo (0ms)
			ResolveRequiredComponents (15ms)
	FinalizeReload (2190ms)
		ReleaseScriptCaches (0ms)
		RebuildScriptCaches (0ms)
		SetupLoadedEditorAssemblies (937ms)
			LogAssemblyErrors (0ms)
			InitializePlatformSupportModulesInManaged (20ms)
			SetLoadedEditorAssemblies (9ms)
			RefreshPlugins (0ms)
			BeforeProcessingInitializeOnLoad (152ms)
			ProcessInitializeOnLoadAttributes (669ms)
			ProcessInitializeOnLoadMethodAttributes (57ms)
			AfterProcessingInitializeOnLoad (30ms)
			EditorAssembliesLoaded (0ms)
		ExecutionOrderSort2 (0ms)
		AwakeInstancesAfterBackupRestoration (21ms)
Refreshing native plugins compatible for Editor in 22.38 ms, found 4 plugins.
Preloading 0 native plugins for Editor in 0.00 ms.
Unloading 3252 Unused Serialized files (Serialized files now loaded: 0)
Unloading 16 unused Assets / (28.5 KB). Loaded Objects now: 3781.
Memory consumption went from 126.1 MB to 126.1 MB.
Total: 6.160700 ms (FindLiveObjects: 0.394600 ms CreateObjectMapping: 0.329400 ms MarkObjects: 5.364800 ms  DeleteObjects: 0.069800 ms)

Prepare: number of updated asset objects reloaded= 0
AssetImportParameters requested are different than current active one (requested -> active):
  custom:container-demuxer-ogg: 62fdf1f143b41e24485cea50d1cbac27 -> 
  custom:video-codec-MediaFoundation-h265: 746d11721c4dcdbdad8f713fa42b33f4 -> 
  custom:video-decoder-ogg-theora: a1e56fd34408186e4bbccfd4996cb3dc -> 
  custom:framework-win-MediaFoundation: 216162199b28c13a410421893ffa2e32 -> 
  custom:CustomObjectIndexerAttribute: 9a22284fe3817be447336de3de66b15e -> 
  custom:container-demuxer-webm: 4f35f7cbe854078d1ac9338744f61a02 -> 
  custom:container-muxer-webm: aa71ff27fc2769a1b78a27578f13a17b -> 
  custom:video-decoder-webm-vp8: 9c59270c3fd7afecdb556c50c9e8de78 -> 
  custom:SearchIndexIgnoredProperties: e643bd26f0fe6173181afceb89e7c659 -> 
  custom:AudioImporter_EditorPlatform: d09bf68614088b80899f8185d706f6e7 -> 
  custom:video-encoder-webm-vp8: eb34c28f22e8b96e1ab97ce403110664 -> 
  custom:audio-decoder-ogg-vorbis: bf7c407c2cedff20999df2af8eb42d56 -> 
  custom:audio-encoder-webm-vorbis: bf7c407c2cedff20999df2af8eb42d56 -> 
========================================================================
Received Prepare
Refreshing native plugins compatible for Editor in 21.20 ms, found 4 plugins.
Preloading 0 native plugins for Editor in 0.00 ms.
Unloading 1 Unused Serialized files (Serialized files now loaded: 0)
Unloading 1 unused Assets / (3.1 KB). Loaded Objects now: 3781.
Memory consumption went from 75.7 MB to 75.7 MB.
Total: 9.231100 ms (FindLiveObjects: 0.533900 ms CreateObjectMapping: 0.598300 ms MarkObjects: 8.052600 ms  DeleteObjects: 0.044500 ms)

Prepare: number of updated asset objects reloaded= 0
AssetImportParameters requested are different than current active one (requested -> active):
  custom:container-demuxer-ogg: 62fdf1f143b41e24485cea50d1cbac27 -> 
  custom:video-codec-MediaFoundation-h265: 746d11721c4dcdbdad8f713fa42b33f4 -> 
  custom:video-decoder-ogg-theora: a1e56fd34408186e4bbccfd4996cb3dc -> 
  custom:framework-win-MediaFoundation: 216162199b28c13a410421893ffa2e32 -> 
  custom:CustomObjectIndexerAttribute: 9a22284fe3817be447336de3de66b15e -> 
  custom:container-demuxer-webm: 4f35f7cbe854078d1ac9338744f61a02 -> 
  custom:container-muxer-webm: aa71ff27fc2769a1b78a27578f13a17b -> 
  custom:video-decoder-webm-vp8: 9c59270c3fd7afecdb556c50c9e8de78 -> 
  custom:SearchIndexIgnoredProperties: e643bd26f0fe6173181afceb89e7c659 -> 
  custom:AudioImporter_EditorPlatform: d09bf68614088b80899f8185d706f6e7 -> 
  custom:video-encoder-webm-vp8: eb34c28f22e8b96e1ab97ce403110664 -> 
  custom:audio-decoder-ogg-vorbis: bf7c407c2cedff20999df2af8eb42d56 -> 
  custom:audio-encoder-webm-vorbis: bf7c407c2cedff20999df2af8eb42d56 -> 
========================================================================
Received Prepare
Refreshing native plugins compatible for Editor in 18.52 ms, found 4 plugins.
Preloading 0 native plugins for Editor in 0.00 ms.
Unloading 1 Unused Serialized files (Serialized files now loaded: 0)
Unloading 1 unused Assets / (3.1 KB). Loaded Objects now: 3781.
Memory consumption went from 75.3 MB to 75.3 MB.
Total: 4.576600 ms (FindLiveObjects: 0.366000 ms CreateObjectMapping: 0.303800 ms MarkObjects: 3.864300 ms  DeleteObjects: 0.041100 ms)

Prepare: number of updated asset objects reloaded= 0
AssetImportParameters requested are different than current active one (requested -> active):
  custom:container-demuxer-ogg: 62fdf1f143b41e24485cea50d1cbac27 -> 
  custom:video-codec-MediaFoundation-h265: 746d11721c4dcdbdad8f713fa42b33f4 -> 
  custom:video-decoder-ogg-theora: a1e56fd34408186e4bbccfd4996cb3dc -> 
  custom:framework-win-MediaFoundation: 216162199b28c13a410421893ffa2e32 -> 
  custom:CustomObjectIndexerAttribute: 9a22284fe3817be447336de3de66b15e -> 
  custom:container-demuxer-webm: 4f35f7cbe854078d1ac9338744f61a02 -> 
  custom:container-muxer-webm: aa71ff27fc2769a1b78a27578f13a17b -> 
  custom:video-decoder-webm-vp8: 9c59270c3fd7afecdb556c50c9e8de78 -> 
  custom:SearchIndexIgnoredProperties: e643bd26f0fe6173181afceb89e7c659 -> 
  custom:AudioImporter_EditorPlatform: d09bf68614088b80899f8185d706f6e7 -> 
  custom:video-encoder-webm-vp8: eb34c28f22e8b96e1ab97ce403110664 -> 
  custom:audio-decoder-ogg-vorbis: bf7c407c2cedff20999df2af8eb42d56 -> 
  custom:audio-encoder-webm-vorbis: bf7c407c2cedff20999df2af8eb42d56 -> 
========================================================================
Received Prepare
Refreshing native plugins compatible for Editor in 20.37 ms, found 4 plugins.
Preloading 0 native plugins for Editor in 0.00 ms.
Unloading 1 Unused Serialized files (Serialized files now loaded: 0)
Unloading 1 unused Assets / (3.1 KB). Loaded Objects now: 3781.
Memory consumption went from 75.3 MB to 75.3 MB.
Total: 4.733900 ms (FindLiveObjects: 0.367700 ms CreateObjectMapping: 0.269800 ms MarkObjects: 4.057700 ms  DeleteObjects: 0.036900 ms)

Prepare: number of updated asset objects reloaded= 0
AssetImportParameters requested are different than current active one (requested -> active):
  custom:container-demuxer-ogg: 62fdf1f143b41e24485cea50d1cbac27 -> 
  custom:video-codec-MediaFoundation-h265: 746d11721c4dcdbdad8f713fa42b33f4 -> 
  custom:video-decoder-ogg-theora: a1e56fd34408186e4bbccfd4996cb3dc -> 
  custom:framework-win-MediaFoundation: 216162199b28c13a410421893ffa2e32 -> 
  custom:CustomObjectIndexerAttribute: 9a22284fe3817be447336de3de66b15e -> 
  custom:container-demuxer-webm: 4f35f7cbe854078d1ac9338744f61a02 -> 
  custom:container-muxer-webm: aa71ff27fc2769a1b78a27578f13a17b -> 
  custom:video-decoder-webm-vp8: 9c59270c3fd7afecdb556c50c9e8de78 -> 
  custom:SearchIndexIgnoredProperties: e643bd26f0fe6173181afceb89e7c659 -> 
  custom:AudioImporter_EditorPlatform: d09bf68614088b80899f8185d706f6e7 -> 
  custom:video-encoder-webm-vp8: eb34c28f22e8b96e1ab97ce403110664 -> 
  custom:audio-decoder-ogg-vorbis: bf7c407c2cedff20999df2af8eb42d56 -> 
  custom:audio-encoder-webm-vorbis: bf7c407c2cedff20999df2af8eb42d56 -> 
========================================================================
Received Prepare
Refreshing native plugins compatible for Editor in 22.52 ms, found 4 plugins.
Preloading 0 native plugins for Editor in 0.00 ms.
Unloading 1 Unused Serialized files (Serialized files now loaded: 0)
Unloading 1 unused Assets / (3.1 KB). Loaded Objects now: 3781.
Memory consumption went from 75.3 MB to 75.3 MB.
Total: 4.423800 ms (FindLiveObjects: 0.356800 ms CreateObjectMapping: 0.306000 ms MarkObjects: 3.724200 ms  DeleteObjects: 0.034800 ms)

Prepare: number of updated asset objects reloaded= 0
AssetImportParameters requested are different than current active one (requested -> active):
  custom:container-demuxer-ogg: 62fdf1f143b41e24485cea50d1cbac27 -> 
  custom:video-codec-MediaFoundation-h265: 746d11721c4dcdbdad8f713fa42b33f4 -> 
  custom:video-decoder-ogg-theora: a1e56fd34408186e4bbccfd4996cb3dc -> 
  custom:framework-win-MediaFoundation: 216162199b28c13a410421893ffa2e32 -> 
  custom:CustomObjectIndexerAttribute: 9a22284fe3817be447336de3de66b15e -> 
  custom:container-demuxer-webm: 4f35f7cbe854078d1ac9338744f61a02 -> 
  custom:container-muxer-webm: aa71ff27fc2769a1b78a27578f13a17b -> 
  custom:video-decoder-webm-vp8: 9c59270c3fd7afecdb556c50c9e8de78 -> 
  custom:SearchIndexIgnoredProperties: e643bd26f0fe6173181afceb89e7c659 -> 
  custom:AudioImporter_EditorPlatform: d09bf68614088b80899f8185d706f6e7 -> 
  custom:video-encoder-webm-vp8: eb34c28f22e8b96e1ab97ce403110664 -> 
  custom:audio-decoder-ogg-vorbis: bf7c407c2cedff20999df2af8eb42d56 -> 
  custom:audio-encoder-webm-vorbis: bf7c407c2cedff20999df2af8eb42d56 -> 
========================================================================
Received Prepare
Refreshing native plugins compatible for Editor in 22.87 ms, found 4 plugins.
Preloading 0 native plugins for Editor in 0.00 ms.
Unloading 1 Unused Serialized files (Serialized files now loaded: 0)
Unloading 1 unused Assets / (3.1 KB). Loaded Objects now: 3781.
Memory consumption went from 75.3 MB to 75.3 MB.
Total: 6.408500 ms (FindLiveObjects: 0.468700 ms CreateObjectMapping: 0.411600 ms MarkObjects: 5.481900 ms  DeleteObjects: 0.044700 ms)

Prepare: number of updated asset objects reloaded= 0
AssetImportParameters requested are different than current active one (requested -> active):
  custom:container-demuxer-ogg: 62fdf1f143b41e24485cea50d1cbac27 -> 
  custom:video-codec-MediaFoundation-h265: 746d11721c4dcdbdad8f713fa42b33f4 -> 
  custom:video-decoder-ogg-theora: a1e56fd34408186e4bbccfd4996cb3dc -> 
  custom:framework-win-MediaFoundation: 216162199b28c13a410421893ffa2e32 -> 
  custom:CustomObjectIndexerAttribute: 9a22284fe3817be447336de3de66b15e -> 
  custom:container-demuxer-webm: 4f35f7cbe854078d1ac9338744f61a02 -> 
  custom:container-muxer-webm: aa71ff27fc2769a1b78a27578f13a17b -> 
  custom:video-decoder-webm-vp8: 9c59270c3fd7afecdb556c50c9e8de78 -> 
  custom:SearchIndexIgnoredProperties: e643bd26f0fe6173181afceb89e7c659 -> 
  custom:AudioImporter_EditorPlatform: d09bf68614088b80899f8185d706f6e7 -> 
  custom:video-encoder-webm-vp8: eb34c28f22e8b96e1ab97ce403110664 -> 
  custom:audio-decoder-ogg-vorbis: bf7c407c2cedff20999df2af8eb42d56 -> 
  custom:audio-encoder-webm-vorbis: bf7c407c2cedff20999df2af8eb42d56 -> 
========================================================================
Received Prepare
Refreshing native plugins compatible for Editor in 18.49 ms, found 4 plugins.
Preloading 0 native plugins for Editor in 0.00 ms.
Unloading 1 Unused Serialized files (Serialized files now loaded: 0)
Unloading 1 unused Assets / (3.1 KB). Loaded Objects now: 3781.
Memory consumption went from 75.3 MB to 75.3 MB.
Total: 4.506900 ms (FindLiveObjects: 0.417000 ms CreateObjectMapping: 0.275900 ms MarkObjects: 3.782500 ms  DeleteObjects: 0.029800 ms)

Prepare: number of updated asset objects reloaded= 0
AssetImportParameters requested are different than current active one (requested -> active):
  custom:container-demuxer-ogg: 62fdf1f143b41e24485cea50d1cbac27 -> 
  custom:video-codec-MediaFoundation-h265: 746d11721c4dcdbdad8f713fa42b33f4 -> 
  custom:video-decoder-ogg-theora: a1e56fd34408186e4bbccfd4996cb3dc -> 
  custom:framework-win-MediaFoundation: 216162199b28c13a410421893ffa2e32 -> 
  custom:CustomObjectIndexerAttribute: 9a22284fe3817be447336de3de66b15e -> 
  custom:container-demuxer-webm: 4f35f7cbe854078d1ac9338744f61a02 -> 
  custom:container-muxer-webm: aa71ff27fc2769a1b78a27578f13a17b -> 
  custom:video-decoder-webm-vp8: 9c59270c3fd7afecdb556c50c9e8de78 -> 
  custom:SearchIndexIgnoredProperties: e643bd26f0fe6173181afceb89e7c659 -> 
  custom:AudioImporter_EditorPlatform: d09bf68614088b80899f8185d706f6e7 -> 
  custom:video-encoder-webm-vp8: eb34c28f22e8b96e1ab97ce403110664 -> 
  custom:audio-decoder-ogg-vorbis: bf7c407c2cedff20999df2af8eb42d56 -> 
  custom:audio-encoder-webm-vorbis: bf7c407c2cedff20999df2af8eb42d56 -> 
========================================================================
Received Prepare
Caller must complete domain reload
Begin MonoManager ReloadAssembly
- Loaded All Assemblies, in  0.985 seconds
Native extension for WindowsStandalone target not found
Native extension for WebGL target not found
Mono: successfully reloaded assembly
- Finished resetting the current domain, in  2.153 seconds
Domain Reload Profiling: 3126ms
	BeginReloadAssembly (299ms)
		ExecutionOrderSort (0ms)
		DisableScriptedObjects (12ms)
		BackupInstance (0ms)
		ReleaseScriptingObjects (0ms)
		CreateAndSetChildDomain (54ms)
	RebuildCommonClasses (84ms)
	RebuildNativeTypeToScriptingClass (24ms)
	initialDomainReloadingComplete (77ms)
	LoadAllAssembliesAndSetupDomain (487ms)
		LoadAssemblies (634ms)
		RebuildTransferFunctionScriptingTraits (0ms)
		AnalyzeDomain (26ms)
			TypeCache.Refresh (11ms)
				TypeCache.ScanAssembly (0ms)
			ScanForSourceGeneratedMonoScriptInfo (0ms)
			ResolveRequiredComponents (11ms)
	FinalizeReload (2154ms)
		ReleaseScriptCaches (0ms)
		RebuildScriptCaches (0ms)
		SetupLoadedEditorAssemblies (927ms)
			LogAssemblyErrors (0ms)
			InitializePlatformSupportModulesInManaged (19ms)
			SetLoadedEditorAssemblies (9ms)
			RefreshPlugins (0ms)
			BeforeProcessingInitializeOnLoad (167ms)
			ProcessInitializeOnLoadAttributes (645ms)
			ProcessInitializeOnLoadMethodAttributes (58ms)
			AfterProcessingInitializeOnLoad (28ms)
			EditorAssembliesLoaded (0ms)
		ExecutionOrderSort2 (0ms)
		AwakeInstancesAfterBackupRestoration (19ms)
Refreshing native plugins compatible for Editor in 18.11 ms, found 4 plugins.
Preloading 0 native plugins for Editor in 0.00 ms.
Unloading 3252 Unused Serialized files (Serialized files now loaded: 0)
Unloading 16 unused Assets / (28.5 KB). Loaded Objects now: 3784.
Memory consumption went from 126.1 MB to 126.1 MB.
Total: 5.399000 ms (FindLiveObjects: 0.361700 ms CreateObjectMapping: 0.300400 ms MarkObjects: 4.669300 ms  DeleteObjects: 0.066000 ms)

Prepare: number of updated asset objects reloaded= 0
AssetImportParameters requested are different than current active one (requested -> active):
  custom:container-demuxer-ogg: 62fdf1f143b41e24485cea50d1cbac27 -> 
  custom:video-codec-MediaFoundation-h265: 746d11721c4dcdbdad8f713fa42b33f4 -> 
  custom:video-decoder-ogg-theora: a1e56fd34408186e4bbccfd4996cb3dc -> 
  custom:framework-win-MediaFoundation: 216162199b28c13a410421893ffa2e32 -> 
  custom:CustomObjectIndexerAttribute: 9a22284fe3817be447336de3de66b15e -> 
  custom:container-demuxer-webm: 4f35f7cbe854078d1ac9338744f61a02 -> 
  custom:container-muxer-webm: aa71ff27fc2769a1b78a27578f13a17b -> 
  custom:video-decoder-webm-vp8: 9c59270c3fd7afecdb556c50c9e8de78 -> 
  custom:SearchIndexIgnoredProperties: e643bd26f0fe6173181afceb89e7c659 -> 
  custom:AudioImporter_EditorPlatform: d09bf68614088b80899f8185d706f6e7 -> 
  custom:video-encoder-webm-vp8: eb34c28f22e8b96e1ab97ce403110664 -> 
  custom:audio-decoder-ogg-vorbis: bf7c407c2cedff20999df2af8eb42d56 -> 
  custom:audio-encoder-webm-vorbis: bf7c407c2cedff20999df2af8eb42d56 -> 
========================================================================
Received Prepare
Caller must complete domain reload
Begin MonoManager ReloadAssembly
- Loaded All Assemblies, in  0.982 seconds
Native extension for WindowsStandalone target not found
Native extension for WebGL target not found
Mono: successfully reloaded assembly
- Finished resetting the current domain, in  2.304 seconds
Domain Reload Profiling: 3273ms
	BeginReloadAssembly (312ms)
		ExecutionOrderSort (0ms)
		DisableScriptedObjects (11ms)
		BackupInstance (0ms)
		ReleaseScriptingObjects (0ms)
		CreateAndSetChildDomain (64ms)
	RebuildCommonClasses (88ms)
	RebuildNativeTypeToScriptingClass (26ms)
	initialDomainReloadingComplete (74ms)
	LoadAllAssembliesAndSetupDomain (468ms)
		LoadAssemblies (615ms)
		RebuildTransferFunctionScriptingTraits (0ms)
		AnalyzeDomain (27ms)
			TypeCache.Refresh (10ms)
				TypeCache.ScanAssembly (0ms)
			ScanForSourceGeneratedMonoScriptInfo (0ms)
			ResolveRequiredComponents (13ms)
	FinalizeReload (2305ms)
		ReleaseScriptCaches (0ms)
		RebuildScriptCaches (0ms)
		SetupLoadedEditorAssemblies (1038ms)
			LogAssemblyErrors (0ms)
			InitializePlatformSupportModulesInManaged (20ms)
			SetLoadedEditorAssemblies (10ms)
			RefreshPlugins (0ms)
			BeforeProcessingInitializeOnLoad (176ms)
			ProcessInitializeOnLoadAttributes (736ms)
			ProcessInitializeOnLoadMethodAttributes (66ms)
			AfterProcessingInitializeOnLoad (30ms)
			EditorAssembliesLoaded (0ms)
		ExecutionOrderSort2 (0ms)
		AwakeInstancesAfterBackupRestoration (24ms)
Refreshing native plugins compatible for Editor in 27.63 ms, found 4 plugins.
Preloading 0 native plugins for Editor in 0.00 ms.
Unloading 3252 Unused Serialized files (Serialized files now loaded: 0)
Unloading 16 unused Assets / (28.5 KB). Loaded Objects now: 3787.
Memory consumption went from 126.1 MB to 126.1 MB.
Total: 6.302700 ms (FindLiveObjects: 0.379500 ms CreateObjectMapping: 0.319400 ms MarkObjects: 5.537500 ms  DeleteObjects: 0.064400 ms)

Prepare: number of updated asset objects reloaded= 0
AssetImportParameters requested are different than current active one (requested -> active):
  custom:container-demuxer-ogg: 62fdf1f143b41e24485cea50d1cbac27 -> 
  custom:video-codec-MediaFoundation-h265: 746d11721c4dcdbdad8f713fa42b33f4 -> 
  custom:video-decoder-ogg-theora: a1e56fd34408186e4bbccfd4996cb3dc -> 
  custom:framework-win-MediaFoundation: 216162199b28c13a410421893ffa2e32 -> 
  custom:CustomObjectIndexerAttribute: 9a22284fe3817be447336de3de66b15e -> 
  custom:container-demuxer-webm: 4f35f7cbe854078d1ac9338744f61a02 -> 
  custom:container-muxer-webm: aa71ff27fc2769a1b78a27578f13a17b -> 
  custom:video-decoder-webm-vp8: 9c59270c3fd7afecdb556c50c9e8de78 -> 
  custom:SearchIndexIgnoredProperties: e643bd26f0fe6173181afceb89e7c659 -> 
  custom:AudioImporter_EditorPlatform: d09bf68614088b80899f8185d706f6e7 -> 
  custom:video-encoder-webm-vp8: eb34c28f22e8b96e1ab97ce403110664 -> 
  custom:audio-decoder-ogg-vorbis: bf7c407c2cedff20999df2af8eb42d56 -> 
  custom:audio-encoder-webm-vorbis: bf7c407c2cedff20999df2af8eb42d56 -> 
========================================================================
Received Prepare
Caller must complete domain reload
Begin MonoManager ReloadAssembly
- Loaded All Assemblies, in  1.047 seconds
Native extension for WindowsStandalone target not found
Native extension for WebGL target not found
Mono: successfully reloaded assembly
- Finished resetting the current domain, in  2.222 seconds
Domain Reload Profiling: 3254ms
	BeginReloadAssembly (321ms)
		ExecutionOrderSort (0ms)
		DisableScriptedObjects (14ms)
		BackupInstance (0ms)
		ReleaseScriptingObjects (0ms)
		CreateAndSetChildDomain (64ms)
	RebuildCommonClasses (78ms)
	RebuildNativeTypeToScriptingClass (24ms)
	initialDomainReloadingComplete (76ms)
	LoadAllAssembliesAndSetupDomain (531ms)
		LoadAssemblies (684ms)
		RebuildTransferFunctionScriptingTraits (0ms)
		AnalyzeDomain (27ms)
			TypeCache.Refresh (9ms)
				TypeCache.ScanAssembly (0ms)
			ScanForSourceGeneratedMonoScriptInfo (0ms)
			ResolveRequiredComponents (12ms)
	FinalizeReload (2223ms)
		ReleaseScriptCaches (0ms)
		RebuildScriptCaches (0ms)
		SetupLoadedEditorAssemblies (930ms)
			LogAssemblyErrors (0ms)
			InitializePlatformSupportModulesInManaged (19ms)
			SetLoadedEditorAssemblies (9ms)
			RefreshPlugins (0ms)
			BeforeProcessingInitializeOnLoad (152ms)
			ProcessInitializeOnLoadAttributes (661ms)
			ProcessInitializeOnLoadMethodAttributes (60ms)
			AfterProcessingInitializeOnLoad (29ms)
			EditorAssembliesLoaded (0ms)
		ExecutionOrderSort2 (0ms)
		AwakeInstancesAfterBackupRestoration (22ms)
Refreshing native plugins compatible for Editor in 20.04 ms, found 4 plugins.
Preloading 0 native plugins for Editor in 0.00 ms.
Unloading 3252 Unused Serialized files (Serialized files now loaded: 0)
Unloading 16 unused Assets / (28.4 KB). Loaded Objects now: 3790.
Memory consumption went from 126.1 MB to 126.1 MB.
Total: 6.065100 ms (FindLiveObjects: 0.373500 ms CreateObjectMapping: 0.339500 ms MarkObjects: 5.284300 ms  DeleteObjects: 0.066000 ms)

Prepare: number of updated asset objects reloaded= 0
AssetImportParameters requested are different than current active one (requested -> active):
  custom:container-demuxer-ogg: 62fdf1f143b41e24485cea50d1cbac27 -> 
  custom:video-codec-MediaFoundation-h265: 746d11721c4dcdbdad8f713fa42b33f4 -> 
  custom:video-decoder-ogg-theora: a1e56fd34408186e4bbccfd4996cb3dc -> 
  custom:framework-win-MediaFoundation: 216162199b28c13a410421893ffa2e32 -> 
  custom:CustomObjectIndexerAttribute: 9a22284fe3817be447336de3de66b15e -> 
  custom:container-demuxer-webm: 4f35f7cbe854078d1ac9338744f61a02 -> 
  custom:container-muxer-webm: aa71ff27fc2769a1b78a27578f13a17b -> 
  custom:video-decoder-webm-vp8: 9c59270c3fd7afecdb556c50c9e8de78 -> 
  custom:SearchIndexIgnoredProperties: e643bd26f0fe6173181afceb89e7c659 -> 
  custom:AudioImporter_EditorPlatform: d09bf68614088b80899f8185d706f6e7 -> 
  custom:video-encoder-webm-vp8: eb34c28f22e8b96e1ab97ce403110664 -> 
  custom:audio-decoder-ogg-vorbis: bf7c407c2cedff20999df2af8eb42d56 -> 
  custom:audio-encoder-webm-vorbis: bf7c407c2cedff20999df2af8eb42d56 -> 
========================================================================
Received Prepare
Caller must complete domain reload
Begin MonoManager ReloadAssembly
- Loaded All Assemblies, in  0.998 seconds
Native extension for WindowsStandalone target not found
Native extension for WebGL target not found
Mono: successfully reloaded assembly
- Finished resetting the current domain, in  2.150 seconds
Domain Reload Profiling: 3135ms
	BeginReloadAssembly (313ms)
		ExecutionOrderSort (0ms)
		DisableScriptedObjects (12ms)
		BackupInstance (0ms)
		ReleaseScriptingObjects (0ms)
		CreateAndSetChildDomain (55ms)
	RebuildCommonClasses (82ms)
	RebuildNativeTypeToScriptingClass (23ms)
	initialDomainReloadingComplete (82ms)
	LoadAllAssembliesAndSetupDomain (484ms)
		LoadAssemblies (644ms)
		RebuildTransferFunctionScriptingTraits (0ms)
		AnalyzeDomain (28ms)
			TypeCache.Refresh (10ms)
				TypeCache.ScanAssembly (0ms)
			ScanForSourceGeneratedMonoScriptInfo (0ms)
			ResolveRequiredComponents (12ms)
	FinalizeReload (2151ms)
		ReleaseScriptCaches (0ms)
		RebuildScriptCaches (0ms)
		SetupLoadedEditorAssemblies (934ms)
			LogAssemblyErrors (0ms)
			InitializePlatformSupportModulesInManaged (20ms)
			SetLoadedEditorAssemblies (8ms)
			RefreshPlugins (0ms)
			BeforeProcessingInitializeOnLoad (151ms)
			ProcessInitializeOnLoadAttributes (662ms)
			ProcessInitializeOnLoadMethodAttributes (63ms)
			AfterProcessingInitializeOnLoad (29ms)
			EditorAssembliesLoaded (0ms)
		ExecutionOrderSort2 (0ms)
		AwakeInstancesAfterBackupRestoration (23ms)
Refreshing native plugins compatible for Editor in 21.16 ms, found 4 plugins.
Preloading 0 native plugins for Editor in 0.00 ms.
Unloading 3252 Unused Serialized files (Serialized files now loaded: 0)
Unloading 16 unused Assets / (28.5 KB). Loaded Objects now: 3793.
Memory consumption went from 126.1 MB to 126.1 MB.
Total: 6.219500 ms (FindLiveObjects: 0.415800 ms CreateObjectMapping: 0.431100 ms MarkObjects: 5.284300 ms  DeleteObjects: 0.086800 ms)

Prepare: number of updated asset objects reloaded= 0
AssetImportParameters requested are different than current active one (requested -> active):
  custom:container-demuxer-ogg: 62fdf1f143b41e24485cea50d1cbac27 -> 
  custom:video-codec-MediaFoundation-h265: 746d11721c4dcdbdad8f713fa42b33f4 -> 
  custom:video-decoder-ogg-theora: a1e56fd34408186e4bbccfd4996cb3dc -> 
  custom:framework-win-MediaFoundation: 216162199b28c13a410421893ffa2e32 -> 
  custom:CustomObjectIndexerAttribute: 9a22284fe3817be447336de3de66b15e -> 
  custom:container-demuxer-webm: 4f35f7cbe854078d1ac9338744f61a02 -> 
  custom:container-muxer-webm: aa71ff27fc2769a1b78a27578f13a17b -> 
  custom:video-decoder-webm-vp8: 9c59270c3fd7afecdb556c50c9e8de78 -> 
  custom:SearchIndexIgnoredProperties: e643bd26f0fe6173181afceb89e7c659 -> 
  custom:AudioImporter_EditorPlatform: d09bf68614088b80899f8185d706f6e7 -> 
  custom:video-encoder-webm-vp8: eb34c28f22e8b96e1ab97ce403110664 -> 
  custom:audio-decoder-ogg-vorbis: bf7c407c2cedff20999df2af8eb42d56 -> 
  custom:audio-encoder-webm-vorbis: bf7c407c2cedff20999df2af8eb42d56 -> 
========================================================================
Received Prepare
Caller must complete domain reload
Begin MonoManager ReloadAssembly
- Loaded All Assemblies, in  1.025 seconds
Native extension for WindowsStandalone target not found
Native extension for WebGL target not found
Mono: successfully reloaded assembly
- Finished resetting the current domain, in  2.405 seconds
Domain Reload Profiling: 3417ms
	BeginReloadAssembly (314ms)
		ExecutionOrderSort (0ms)
		DisableScriptedObjects (11ms)
		BackupInstance (0ms)
		ReleaseScriptingObjects (0ms)
		CreateAndSetChildDomain (55ms)
	RebuildCommonClasses (82ms)
	RebuildNativeTypeToScriptingClass (25ms)
	initialDomainReloadingComplete (78ms)
	LoadAllAssembliesAndSetupDomain (512ms)
		LoadAssemblies (670ms)
		RebuildTransferFunctionScriptingTraits (0ms)
		AnalyzeDomain (28ms)
			TypeCache.Refresh (10ms)
				TypeCache.ScanAssembly (0ms)
			ScanForSourceGeneratedMonoScriptInfo (0ms)
			ResolveRequiredComponents (12ms)
	FinalizeReload (2406ms)
		ReleaseScriptCaches (0ms)
		RebuildScriptCaches (0ms)
		SetupLoadedEditorAssemblies (1128ms)
			LogAssemblyErrors (0ms)
			InitializePlatformSupportModulesInManaged (19ms)
			SetLoadedEditorAssemblies (9ms)
			RefreshPlugins (0ms)
			BeforeProcessingInitializeOnLoad (164ms)
			ProcessInitializeOnLoadAttributes (717ms)
			ProcessInitializeOnLoadMethodAttributes (121ms)
			AfterProcessingInitializeOnLoad (98ms)
			EditorAssembliesLoaded (1ms)
		ExecutionOrderSort2 (0ms)
		AwakeInstancesAfterBackupRestoration (33ms)
Refreshing native plugins compatible for Editor in 26.22 ms, found 4 plugins.
Preloading 0 native plugins for Editor in 0.00 ms.
Unloading 3252 Unused Serialized files (Serialized files now loaded: 0)
Unloading 16 unused Assets / (28.5 KB). Loaded Objects now: 3796.
Memory consumption went from 126.1 MB to 126.1 MB.
Total: 7.278500 ms (FindLiveObjects: 0.489600 ms CreateObjectMapping: 0.423700 ms MarkObjects: 6.280800 ms  DeleteObjects: 0.082600 ms)

Prepare: number of updated asset objects reloaded= 0
AssetImportParameters requested are different than current active one (requested -> active):
  custom:container-demuxer-ogg: 62fdf1f143b41e24485cea50d1cbac27 -> 
  custom:video-codec-MediaFoundation-h265: 746d11721c4dcdbdad8f713fa42b33f4 -> 
  custom:video-decoder-ogg-theora: a1e56fd34408186e4bbccfd4996cb3dc -> 
  custom:framework-win-MediaFoundation: 216162199b28c13a410421893ffa2e32 -> 
  custom:CustomObjectIndexerAttribute: 9a22284fe3817be447336de3de66b15e -> 
  custom:container-demuxer-webm: 4f35f7cbe854078d1ac9338744f61a02 -> 
  custom:container-muxer-webm: aa71ff27fc2769a1b78a27578f13a17b -> 
  custom:video-decoder-webm-vp8: 9c59270c3fd7afecdb556c50c9e8de78 -> 
  custom:SearchIndexIgnoredProperties: e643bd26f0fe6173181afceb89e7c659 -> 
  custom:AudioImporter_EditorPlatform: d09bf68614088b80899f8185d706f6e7 -> 
  custom:video-encoder-webm-vp8: eb34c28f22e8b96e1ab97ce403110664 -> 
  custom:audio-decoder-ogg-vorbis: bf7c407c2cedff20999df2af8eb42d56 -> 
  custom:audio-encoder-webm-vorbis: bf7c407c2cedff20999df2af8eb42d56 -> 
========================================================================
Received Prepare
Caller must complete domain reload
Begin MonoManager ReloadAssembly
- Loaded All Assemblies, in  1.399 seconds
Native extension for WindowsStandalone target not found
Native extension for WebGL target not found
Mono: successfully reloaded assembly
- Finished resetting the current domain, in  2.670 seconds
Domain Reload Profiling: 4052ms
	BeginReloadAssembly (426ms)
		ExecutionOrderSort (0ms)
		DisableScriptedObjects (17ms)
		BackupInstance (0ms)
		ReleaseScriptingObjects (0ms)
		CreateAndSetChildDomain (103ms)
	RebuildCommonClasses (81ms)
	RebuildNativeTypeToScriptingClass (30ms)
	initialDomainReloadingComplete (102ms)
	LoadAllAssembliesAndSetupDomain (742ms)
		LoadAssemblies (929ms)
		RebuildTransferFunctionScriptingTraits (0ms)
		AnalyzeDomain (37ms)
			TypeCache.Refresh (13ms)
				TypeCache.ScanAssembly (0ms)
			ScanForSourceGeneratedMonoScriptInfo (1ms)
			ResolveRequiredComponents (17ms)
	FinalizeReload (2671ms)
		ReleaseScriptCaches (0ms)
		RebuildScriptCaches (0ms)
		SetupLoadedEditorAssemblies (1060ms)
			LogAssemblyErrors (0ms)
			InitializePlatformSupportModulesInManaged (24ms)
			SetLoadedEditorAssemblies (11ms)
			RefreshPlugins (0ms)
			BeforeProcessingInitializeOnLoad (168ms)
			ProcessInitializeOnLoadAttributes (766ms)
			ProcessInitializeOnLoadMethodAttributes (63ms)
			AfterProcessingInitializeOnLoad (28ms)
			EditorAssembliesLoaded (0ms)
		ExecutionOrderSort2 (0ms)
		AwakeInstancesAfterBackupRestoration (25ms)
Refreshing native plugins compatible for Editor in 22.36 ms, found 4 plugins.
Preloading 0 native plugins for Editor in 0.00 ms.
Unloading 3252 Unused Serialized files (Serialized files now loaded: 0)
Unloading 16 unused Assets / (28.5 KB). Loaded Objects now: 3799.
Memory consumption went from 126.1 MB to 126.1 MB.
Total: 5.723700 ms (FindLiveObjects: 0.449800 ms CreateObjectMapping: 0.405000 ms MarkObjects: 4.771700 ms  DeleteObjects: 0.095400 ms)

Prepare: number of updated asset objects reloaded= 0
AssetImportParameters requested are different than current active one (requested -> active):
  custom:container-demuxer-ogg: 62fdf1f143b41e24485cea50d1cbac27 -> 
  custom:video-codec-MediaFoundation-h265: 746d11721c4dcdbdad8f713fa42b33f4 -> 
  custom:video-decoder-ogg-theora: a1e56fd34408186e4bbccfd4996cb3dc -> 
  custom:framework-win-MediaFoundation: 216162199b28c13a410421893ffa2e32 -> 
  custom:CustomObjectIndexerAttribute: 9a22284fe3817be447336de3de66b15e -> 
  custom:container-demuxer-webm: 4f35f7cbe854078d1ac9338744f61a02 -> 
  custom:container-muxer-webm: aa71ff27fc2769a1b78a27578f13a17b -> 
  custom:video-decoder-webm-vp8: 9c59270c3fd7afecdb556c50c9e8de78 -> 
  custom:SearchIndexIgnoredProperties: e643bd26f0fe6173181afceb89e7c659 -> 
  custom:AudioImporter_EditorPlatform: d09bf68614088b80899f8185d706f6e7 -> 
  custom:video-encoder-webm-vp8: eb34c28f22e8b96e1ab97ce403110664 -> 
  custom:audio-decoder-ogg-vorbis: bf7c407c2cedff20999df2af8eb42d56 -> 
  custom:audio-encoder-webm-vorbis: bf7c407c2cedff20999df2af8eb42d56 -> 
========================================================================
Received Prepare
Caller must complete domain reload
Begin MonoManager ReloadAssembly
- Loaded All Assemblies, in  1.004 seconds
Native extension for WindowsStandalone target not found
Native extension for WebGL target not found
Mono: successfully reloaded assembly
- Finished resetting the current domain, in  2.109 seconds
Domain Reload Profiling: 3100ms
	BeginReloadAssembly (303ms)
		ExecutionOrderSort (0ms)
		DisableScriptedObjects (12ms)
		BackupInstance (0ms)
		ReleaseScriptingObjects (0ms)
		CreateAndSetChildDomain (58ms)
	RebuildCommonClasses (72ms)
	RebuildNativeTypeToScriptingClass (23ms)
	initialDomainReloadingComplete (72ms)
	LoadAllAssembliesAndSetupDomain (520ms)
		LoadAssemblies (664ms)
		RebuildTransferFunctionScriptingTraits (0ms)
		AnalyzeDomain (27ms)
			TypeCache.Refresh (9ms)
				TypeCache.ScanAssembly (0ms)
			ScanForSourceGeneratedMonoScriptInfo (0ms)
			ResolveRequiredComponents (13ms)
	FinalizeReload (2111ms)
		ReleaseScriptCaches (0ms)
		RebuildScriptCaches (0ms)
		SetupLoadedEditorAssemblies (873ms)
			LogAssemblyErrors (0ms)
			InitializePlatformSupportModulesInManaged (19ms)
			SetLoadedEditorAssemblies (8ms)
			RefreshPlugins (0ms)
			BeforeProcessingInitializeOnLoad (150ms)
			ProcessInitializeOnLoadAttributes (617ms)
			ProcessInitializeOnLoadMethodAttributes (50ms)
			AfterProcessingInitializeOnLoad (29ms)
			EditorAssembliesLoaded (0ms)
		ExecutionOrderSort2 (0ms)
		AwakeInstancesAfterBackupRestoration (22ms)
Refreshing native plugins compatible for Editor in 20.52 ms, found 4 plugins.
Preloading 0 native plugins for Editor in 0.00 ms.
Unloading 3252 Unused Serialized files (Serialized files now loaded: 0)
Unloading 16 unused Assets / (28.5 KB). Loaded Objects now: 3802.
Memory consumption went from 126.1 MB to 126.1 MB.
Total: 5.866000 ms (FindLiveObjects: 0.381200 ms CreateObjectMapping: 0.376500 ms MarkObjects: 5.040800 ms  DeleteObjects: 0.066100 ms)

Prepare: number of updated asset objects reloaded= 0
AssetImportParameters requested are different than current active one (requested -> active):
  custom:container-demuxer-ogg: 62fdf1f143b41e24485cea50d1cbac27 -> 
  custom:video-codec-MediaFoundation-h265: 746d11721c4dcdbdad8f713fa42b33f4 -> 
  custom:video-decoder-ogg-theora: a1e56fd34408186e4bbccfd4996cb3dc -> 
  custom:framework-win-MediaFoundation: 216162199b28c13a410421893ffa2e32 -> 
  custom:CustomObjectIndexerAttribute: 9a22284fe3817be447336de3de66b15e -> 
  custom:container-demuxer-webm: 4f35f7cbe854078d1ac9338744f61a02 -> 
  custom:container-muxer-webm: aa71ff27fc2769a1b78a27578f13a17b -> 
  custom:video-decoder-webm-vp8: 9c59270c3fd7afecdb556c50c9e8de78 -> 
  custom:SearchIndexIgnoredProperties: e643bd26f0fe6173181afceb89e7c659 -> 
  custom:AudioImporter_EditorPlatform: d09bf68614088b80899f8185d706f6e7 -> 
  custom:video-encoder-webm-vp8: eb34c28f22e8b96e1ab97ce403110664 -> 
  custom:audio-decoder-ogg-vorbis: bf7c407c2cedff20999df2af8eb42d56 -> 
  custom:audio-encoder-webm-vorbis: bf7c407c2cedff20999df2af8eb42d56 -> 
========================================================================
Received Prepare
Caller must complete domain reload
Begin MonoManager ReloadAssembly
- Loaded All Assemblies, in  0.968 seconds
Native extension for WindowsStandalone target not found
Native extension for WebGL target not found
Mono: successfully reloaded assembly
- Finished resetting the current domain, in  2.212 seconds
Domain Reload Profiling: 3165ms
	BeginReloadAssembly (287ms)
		ExecutionOrderSort (0ms)
		DisableScriptedObjects (10ms)
		BackupInstance (0ms)
		ReleaseScriptingObjects (0ms)
		CreateAndSetChildDomain (52ms)
	RebuildCommonClasses (75ms)
	RebuildNativeTypeToScriptingClass (21ms)
	initialDomainReloadingComplete (75ms)
	LoadAllAssembliesAndSetupDomain (494ms)
		LoadAssemblies (631ms)
		RebuildTransferFunctionScriptingTraits (0ms)
		AnalyzeDomain (30ms)
			TypeCache.Refresh (12ms)
				TypeCache.ScanAssembly (0ms)
			ScanForSourceGeneratedMonoScriptInfo (0ms)
			ResolveRequiredComponents (13ms)
	FinalizeReload (2213ms)
		ReleaseScriptCaches (0ms)
		RebuildScriptCaches (0ms)
		SetupLoadedEditorAssemblies (890ms)
			LogAssemblyErrors (0ms)
			InitializePlatformSupportModulesInManaged (18ms)
			SetLoadedEditorAssemblies (8ms)
			RefreshPlugins (0ms)
			BeforeProcessingInitializeOnLoad (160ms)
			ProcessInitializeOnLoadAttributes (625ms)
			ProcessInitializeOnLoadMethodAttributes (52ms)
			AfterProcessingInitializeOnLoad (27ms)
			EditorAssembliesLoaded (0ms)
		ExecutionOrderSort2 (0ms)
		AwakeInstancesAfterBackupRestoration (18ms)
Refreshing native plugins compatible for Editor in 19.99 ms, found 4 plugins.
Preloading 0 native plugins for Editor in 0.00 ms.
Unloading 3252 Unused Serialized files (Serialized files now loaded: 0)
Unloading 16 unused Assets / (28.5 KB). Loaded Objects now: 3805.
Memory consumption went from 126.1 MB to 126.1 MB.
Total: 5.011700 ms (FindLiveObjects: 0.424900 ms CreateObjectMapping: 0.406900 ms MarkObjects: 4.083700 ms  DeleteObjects: 0.094400 ms)

Prepare: number of updated asset objects reloaded= 0
AssetImportParameters requested are different than current active one (requested -> active):
  custom:container-demuxer-ogg: 62fdf1f143b41e24485cea50d1cbac27 -> 
  custom:video-codec-MediaFoundation-h265: 746d11721c4dcdbdad8f713fa42b33f4 -> 
  custom:video-decoder-ogg-theora: a1e56fd34408186e4bbccfd4996cb3dc -> 
  custom:framework-win-MediaFoundation: 216162199b28c13a410421893ffa2e32 -> 
  custom:CustomObjectIndexerAttribute: 9a22284fe3817be447336de3de66b15e -> 
  custom:container-demuxer-webm: 4f35f7cbe854078d1ac9338744f61a02 -> 
  custom:container-muxer-webm: aa71ff27fc2769a1b78a27578f13a17b -> 
  custom:video-decoder-webm-vp8: 9c59270c3fd7afecdb556c50c9e8de78 -> 
  custom:SearchIndexIgnoredProperties: e643bd26f0fe6173181afceb89e7c659 -> 
  custom:AudioImporter_EditorPlatform: d09bf68614088b80899f8185d706f6e7 -> 
  custom:video-encoder-webm-vp8: eb34c28f22e8b96e1ab97ce403110664 -> 
  custom:audio-decoder-ogg-vorbis: bf7c407c2cedff20999df2af8eb42d56 -> 
  custom:audio-encoder-webm-vorbis: bf7c407c2cedff20999df2af8eb42d56 -> 
========================================================================
Received Prepare
Caller must complete domain reload
Begin MonoManager ReloadAssembly
- Loaded All Assemblies, in  0.971 seconds
Native extension for WindowsStandalone target not found
Native extension for WebGL target not found
Mono: successfully reloaded assembly
- Finished resetting the current domain, in  2.090 seconds
Domain Reload Profiling: 3048ms
	BeginReloadAssembly (306ms)
		ExecutionOrderSort (0ms)
		DisableScriptedObjects (11ms)
		BackupInstance (0ms)
		ReleaseScriptingObjects (0ms)
		CreateAndSetChildDomain (53ms)
	RebuildCommonClasses (71ms)
	RebuildNativeTypeToScriptingClass (25ms)
	initialDomainReloadingComplete (80ms)
	LoadAllAssembliesAndSetupDomain (474ms)
		LoadAssemblies (630ms)
		RebuildTransferFunctionScriptingTraits (0ms)
		AnalyzeDomain (27ms)
			TypeCache.Refresh (11ms)
				TypeCache.ScanAssembly (0ms)
			ScanForSourceGeneratedMonoScriptInfo (0ms)
			ResolveRequiredComponents (11ms)
	FinalizeReload (2091ms)
		ReleaseScriptCaches (0ms)
		RebuildScriptCaches (0ms)
		SetupLoadedEditorAssemblies (874ms)
			LogAssemblyErrors (0ms)
			InitializePlatformSupportModulesInManaged (20ms)
			SetLoadedEditorAssemblies (8ms)
			RefreshPlugins (0ms)
			BeforeProcessingInitializeOnLoad (144ms)
			ProcessInitializeOnLoadAttributes (621ms)
			ProcessInitializeOnLoadMethodAttributes (51ms)
			AfterProcessingInitializeOnLoad (30ms)
			EditorAssembliesLoaded (0ms)
		ExecutionOrderSort2 (0ms)
		AwakeInstancesAfterBackupRestoration (19ms)
Refreshing native plugins compatible for Editor in 22.45 ms, found 4 plugins.
Preloading 0 native plugins for Editor in 0.00 ms.
Unloading 3252 Unused Serialized files (Serialized files now loaded: 0)
Unloading 16 unused Assets / (28.5 KB). Loaded Objects now: 3808.
Memory consumption went from 126.1 MB to 126.1 MB.
Total: 5.269900 ms (FindLiveObjects: 0.410000 ms CreateObjectMapping: 0.320700 ms MarkObjects: 4.474800 ms  DeleteObjects: 0.062700 ms)

Prepare: number of updated asset objects reloaded= 0
AssetImportParameters requested are different than current active one (requested -> active):
  custom:container-demuxer-ogg: 62fdf1f143b41e24485cea50d1cbac27 -> 
  custom:video-codec-MediaFoundation-h265: 746d11721c4dcdbdad8f713fa42b33f4 -> 
  custom:video-decoder-ogg-theora: a1e56fd34408186e4bbccfd4996cb3dc -> 
  custom:framework-win-MediaFoundation: 216162199b28c13a410421893ffa2e32 -> 
  custom:CustomObjectIndexerAttribute: 9a22284fe3817be447336de3de66b15e -> 
  custom:container-demuxer-webm: 4f35f7cbe854078d1ac9338744f61a02 -> 
  custom:container-muxer-webm: aa71ff27fc2769a1b78a27578f13a17b -> 
  custom:video-decoder-webm-vp8: 9c59270c3fd7afecdb556c50c9e8de78 -> 
  custom:SearchIndexIgnoredProperties: e643bd26f0fe6173181afceb89e7c659 -> 
  custom:AudioImporter_EditorPlatform: d09bf68614088b80899f8185d706f6e7 -> 
  custom:video-encoder-webm-vp8: eb34c28f22e8b96e1ab97ce403110664 -> 
  custom:audio-decoder-ogg-vorbis: bf7c407c2cedff20999df2af8eb42d56 -> 
  custom:audio-encoder-webm-vorbis: bf7c407c2cedff20999df2af8eb42d56 -> 
========================================================================
Received Prepare
Caller must complete domain reload
Begin MonoManager ReloadAssembly
- Loaded All Assemblies, in  0.928 seconds
Native extension for WindowsStandalone target not found
Native extension for WebGL target not found
Mono: successfully reloaded assembly
- Finished resetting the current domain, in  2.101 seconds
Domain Reload Profiling: 3016ms
	BeginReloadAssembly (289ms)
		ExecutionOrderSort (0ms)
		DisableScriptedObjects (10ms)
		BackupInstance (0ms)
		ReleaseScriptingObjects (0ms)
		CreateAndSetChildDomain (54ms)
	RebuildCommonClasses (74ms)
	RebuildNativeTypeToScriptingClass (23ms)
	initialDomainReloadingComplete (72ms)
	LoadAllAssembliesAndSetupDomain (457ms)
		LoadAssemblies (598ms)
		RebuildTransferFunctionScriptingTraits (0ms)
		AnalyzeDomain (26ms)
			TypeCache.Refresh (9ms)
				TypeCache.ScanAssembly (0ms)
			ScanForSourceGeneratedMonoScriptInfo (0ms)
			ResolveRequiredComponents (11ms)
	FinalizeReload (2102ms)
		ReleaseScriptCaches (0ms)
		RebuildScriptCaches (0ms)
		SetupLoadedEditorAssemblies (891ms)
			LogAssemblyErrors (0ms)
			InitializePlatformSupportModulesInManaged (19ms)
			SetLoadedEditorAssemblies (9ms)
			RefreshPlugins (0ms)
			BeforeProcessingInitializeOnLoad (152ms)
			ProcessInitializeOnLoadAttributes (635ms)
			ProcessInitializeOnLoadMethodAttributes (49ms)
			AfterProcessingInitializeOnLoad (26ms)
			EditorAssembliesLoaded (0ms)
		ExecutionOrderSort2 (0ms)
		AwakeInstancesAfterBackupRestoration (19ms)
Refreshing native plugins compatible for Editor in 20.85 ms, found 4 plugins.
Preloading 0 native plugins for Editor in 0.00 ms.
Unloading 3252 Unused Serialized files (Serialized files now loaded: 0)
Unloading 16 unused Assets / (28.5 KB). Loaded Objects now: 3811.
Memory consumption went from 126.1 MB to 126.1 MB.
Total: 7.414200 ms (FindLiveObjects: 0.378100 ms CreateObjectMapping: 0.339300 ms MarkObjects: 6.633600 ms  DeleteObjects: 0.061400 ms)

Prepare: number of updated asset objects reloaded= 0
AssetImportParameters requested are different than current active one (requested -> active):
  custom:container-demuxer-ogg: 62fdf1f143b41e24485cea50d1cbac27 -> 
  custom:video-codec-MediaFoundation-h265: 746d11721c4dcdbdad8f713fa42b33f4 -> 
  custom:video-decoder-ogg-theora: a1e56fd34408186e4bbccfd4996cb3dc -> 
  custom:framework-win-MediaFoundation: 216162199b28c13a410421893ffa2e32 -> 
  custom:CustomObjectIndexerAttribute: 9a22284fe3817be447336de3de66b15e -> 
  custom:container-demuxer-webm: 4f35f7cbe854078d1ac9338744f61a02 -> 
  custom:container-muxer-webm: aa71ff27fc2769a1b78a27578f13a17b -> 
  custom:video-decoder-webm-vp8: 9c59270c3fd7afecdb556c50c9e8de78 -> 
  custom:SearchIndexIgnoredProperties: e643bd26f0fe6173181afceb89e7c659 -> 
  custom:AudioImporter_EditorPlatform: d09bf68614088b80899f8185d706f6e7 -> 
  custom:video-encoder-webm-vp8: eb34c28f22e8b96e1ab97ce403110664 -> 
  custom:audio-decoder-ogg-vorbis: bf7c407c2cedff20999df2af8eb42d56 -> 
  custom:audio-encoder-webm-vorbis: bf7c407c2cedff20999df2af8eb42d56 -> 
========================================================================
Received Prepare
Caller must complete domain reload
Begin MonoManager ReloadAssembly
- Loaded All Assemblies, in  0.987 seconds
Native extension for WindowsStandalone target not found
Native extension for WebGL target not found
Mono: successfully reloaded assembly
- Finished resetting the current domain, in  2.140 seconds
Domain Reload Profiling: 3115ms
	BeginReloadAssembly (304ms)
		ExecutionOrderSort (0ms)
		DisableScriptedObjects (11ms)
		BackupInstance (0ms)
		ReleaseScriptingObjects (0ms)
		CreateAndSetChildDomain (54ms)
	RebuildCommonClasses (78ms)
	RebuildNativeTypeToScriptingClass (23ms)
	initialDomainReloadingComplete (80ms)
	LoadAllAssembliesAndSetupDomain (488ms)
		LoadAssemblies (640ms)
		RebuildTransferFunctionScriptingTraits (0ms)
		AnalyzeDomain (26ms)
			TypeCache.Refresh (10ms)
				TypeCache.ScanAssembly (0ms)
			ScanForSourceGeneratedMonoScriptInfo (0ms)
			ResolveRequiredComponents (12ms)
	FinalizeReload (2141ms)
		ReleaseScriptCaches (0ms)
		RebuildScriptCaches (0ms)
		SetupLoadedEditorAssemblies (911ms)
			LogAssemblyErrors (0ms)
			InitializePlatformSupportModulesInManaged (18ms)
			SetLoadedEditorAssemblies (8ms)
			RefreshPlugins (0ms)
			BeforeProcessingInitializeOnLoad (156ms)
			ProcessInitializeOnLoadAttributes (645ms)
			ProcessInitializeOnLoadMethodAttributes (54ms)
			AfterProcessingInitializeOnLoad (29ms)
			EditorAssembliesLoaded (0ms)
		ExecutionOrderSort2 (0ms)
		AwakeInstancesAfterBackupRestoration (20ms)
Refreshing native plugins compatible for Editor in 20.19 ms, found 4 plugins.
Preloading 0 native plugins for Editor in 0.00 ms.
Unloading 3252 Unused Serialized files (Serialized files now loaded: 0)
Unloading 16 unused Assets / (28.5 KB). Loaded Objects now: 3814.
Memory consumption went from 126.1 MB to 126.1 MB.
Total: 6.701300 ms (FindLiveObjects: 0.509100 ms CreateObjectMapping: 0.386300 ms MarkObjects: 5.742200 ms  DeleteObjects: 0.062300 ms)

Prepare: number of updated asset objects reloaded= 0
AssetImportParameters requested are different than current active one (requested -> active):
  custom:container-demuxer-ogg: 62fdf1f143b41e24485cea50d1cbac27 -> 
  custom:video-codec-MediaFoundation-h265: 746d11721c4dcdbdad8f713fa42b33f4 -> 
  custom:video-decoder-ogg-theora: a1e56fd34408186e4bbccfd4996cb3dc -> 
  custom:framework-win-MediaFoundation: 216162199b28c13a410421893ffa2e32 -> 
  custom:CustomObjectIndexerAttribute: 9a22284fe3817be447336de3de66b15e -> 
  custom:container-demuxer-webm: 4f35f7cbe854078d1ac9338744f61a02 -> 
  custom:container-muxer-webm: aa71ff27fc2769a1b78a27578f13a17b -> 
  custom:video-decoder-webm-vp8: 9c59270c3fd7afecdb556c50c9e8de78 -> 
  custom:SearchIndexIgnoredProperties: e643bd26f0fe6173181afceb89e7c659 -> 
  custom:AudioImporter_EditorPlatform: d09bf68614088b80899f8185d706f6e7 -> 
  custom:video-encoder-webm-vp8: eb34c28f22e8b96e1ab97ce403110664 -> 
  custom:audio-decoder-ogg-vorbis: bf7c407c2cedff20999df2af8eb42d56 -> 
  custom:audio-encoder-webm-vorbis: bf7c407c2cedff20999df2af8eb42d56 -> 
========================================================================
Received Prepare
Caller must complete domain reload
Begin MonoManager ReloadAssembly
- Loaded All Assemblies, in  0.979 seconds
Native extension for WindowsStandalone target not found
Native extension for WebGL target not found
Mono: successfully reloaded assembly
- Finished resetting the current domain, in  2.396 seconds
Domain Reload Profiling: 3361ms
	BeginReloadAssembly (304ms)
		ExecutionOrderSort (0ms)
		DisableScriptedObjects (11ms)
		BackupInstance (0ms)
		ReleaseScriptingObjects (0ms)
		CreateAndSetChildDomain (56ms)
	RebuildCommonClasses (69ms)
	RebuildNativeTypeToScriptingClass (25ms)
	initialDomainReloadingComplete (82ms)
	LoadAllAssembliesAndSetupDomain (485ms)
		LoadAssemblies (631ms)
		RebuildTransferFunctionScriptingTraits (0ms)
		AnalyzeDomain (32ms)
			TypeCache.Refresh (11ms)
				TypeCache.ScanAssembly (0ms)
			ScanForSourceGeneratedMonoScriptInfo (0ms)
			ResolveRequiredComponents (15ms)
	FinalizeReload (2397ms)
		ReleaseScriptCaches (0ms)
		RebuildScriptCaches (0ms)
		SetupLoadedEditorAssemblies (1020ms)
			LogAssemblyErrors (0ms)
			InitializePlatformSupportModulesInManaged (23ms)
			SetLoadedEditorAssemblies (10ms)
			RefreshPlugins (0ms)
			BeforeProcessingInitializeOnLoad (162ms)
			ProcessInitializeOnLoadAttributes (740ms)
			ProcessInitializeOnLoadMethodAttributes (53ms)
			AfterProcessingInitializeOnLoad (32ms)
			EditorAssembliesLoaded (0ms)
		ExecutionOrderSort2 (0ms)
		AwakeInstancesAfterBackupRestoration (22ms)
Refreshing native plugins compatible for Editor in 22.40 ms, found 4 plugins.
Preloading 0 native plugins for Editor in 0.00 ms.
Unloading 3252 Unused Serialized files (Serialized files now loaded: 0)
Unloading 16 unused Assets / (28.5 KB). Loaded Objects now: 3817.
Memory consumption went from 126.1 MB to 126.1 MB.
Total: 5.502700 ms (FindLiveObjects: 0.488400 ms CreateObjectMapping: 0.394300 ms MarkObjects: 4.532700 ms  DeleteObjects: 0.085400 ms)

Prepare: number of updated asset objects reloaded= 0
AssetImportParameters requested are different than current active one (requested -> active):
  custom:container-demuxer-ogg: 62fdf1f143b41e24485cea50d1cbac27 -> 
  custom:video-codec-MediaFoundation-h265: 746d11721c4dcdbdad8f713fa42b33f4 -> 
  custom:video-decoder-ogg-theora: a1e56fd34408186e4bbccfd4996cb3dc -> 
  custom:framework-win-MediaFoundation: 216162199b28c13a410421893ffa2e32 -> 
  custom:CustomObjectIndexerAttribute: 9a22284fe3817be447336de3de66b15e -> 
  custom:container-demuxer-webm: 4f35f7cbe854078d1ac9338744f61a02 -> 
  custom:container-muxer-webm: aa71ff27fc2769a1b78a27578f13a17b -> 
  custom:video-decoder-webm-vp8: 9c59270c3fd7afecdb556c50c9e8de78 -> 
  custom:SearchIndexIgnoredProperties: e643bd26f0fe6173181afceb89e7c659 -> 
  custom:AudioImporter_EditorPlatform: d09bf68614088b80899f8185d706f6e7 -> 
  custom:video-encoder-webm-vp8: eb34c28f22e8b96e1ab97ce403110664 -> 
  custom:audio-decoder-ogg-vorbis: bf7c407c2cedff20999df2af8eb42d56 -> 
  custom:audio-encoder-webm-vorbis: bf7c407c2cedff20999df2af8eb42d56 -> 
========================================================================
Received Prepare
Caller must complete domain reload
Begin MonoManager ReloadAssembly
- Loaded All Assemblies, in  0.965 seconds
Native extension for WindowsStandalone target not found
Native extension for WebGL target not found
Mono: successfully reloaded assembly
- Finished resetting the current domain, in  2.140 seconds
Domain Reload Profiling: 3091ms
	BeginReloadAssembly (299ms)
		ExecutionOrderSort (0ms)
		DisableScriptedObjects (11ms)
		BackupInstance (0ms)
		ReleaseScriptingObjects (0ms)
		CreateAndSetChildDomain (55ms)
	RebuildCommonClasses (82ms)
	RebuildNativeTypeToScriptingClass (23ms)
	initialDomainReloadingComplete (74ms)
	LoadAllAssembliesAndSetupDomain (472ms)
		LoadAssemblies (619ms)
		RebuildTransferFunctionScriptingTraits (0ms)
		AnalyzeDomain (25ms)
			TypeCache.Refresh (10ms)
				TypeCache.ScanAssembly (0ms)
			ScanForSourceGeneratedMonoScriptInfo (0ms)
			ResolveRequiredComponents (11ms)
	FinalizeReload (2141ms)
		ReleaseScriptCaches (0ms)
		RebuildScriptCaches (0ms)
		SetupLoadedEditorAssemblies (900ms)
			LogAssemblyErrors (0ms)
			InitializePlatformSupportModulesInManaged (20ms)
			SetLoadedEditorAssemblies (8ms)
			RefreshPlugins (0ms)
			BeforeProcessingInitializeOnLoad (147ms)
			ProcessInitializeOnLoadAttributes (642ms)
			ProcessInitializeOnLoadMethodAttributes (54ms)
			AfterProcessingInitializeOnLoad (29ms)
			EditorAssembliesLoaded (0ms)
		ExecutionOrderSort2 (0ms)
		AwakeInstancesAfterBackupRestoration (21ms)
Refreshing native plugins compatible for Editor in 16.85 ms, found 4 plugins.
Preloading 0 native plugins for Editor in 0.00 ms.
Unloading 3252 Unused Serialized files (Serialized files now loaded: 0)
Unloading 16 unused Assets / (28.5 KB). Loaded Objects now: 3820.
Memory consumption went from 126.1 MB to 126.1 MB.
Total: 5.515700 ms (FindLiveObjects: 0.372100 ms CreateObjectMapping: 0.303300 ms MarkObjects: 4.767700 ms  DeleteObjects: 0.070700 ms)

Prepare: number of updated asset objects reloaded= 0
AssetImportParameters requested are different than current active one (requested -> active):
  custom:container-demuxer-ogg: 62fdf1f143b41e24485cea50d1cbac27 -> 
  custom:video-codec-MediaFoundation-h265: 746d11721c4dcdbdad8f713fa42b33f4 -> 
  custom:video-decoder-ogg-theora: a1e56fd34408186e4bbccfd4996cb3dc -> 
  custom:framework-win-MediaFoundation: 216162199b28c13a410421893ffa2e32 -> 
  custom:CustomObjectIndexerAttribute: 9a22284fe3817be447336de3de66b15e -> 
  custom:container-demuxer-webm: 4f35f7cbe854078d1ac9338744f61a02 -> 
  custom:container-muxer-webm: aa71ff27fc2769a1b78a27578f13a17b -> 
  custom:video-decoder-webm-vp8: 9c59270c3fd7afecdb556c50c9e8de78 -> 
  custom:SearchIndexIgnoredProperties: e643bd26f0fe6173181afceb89e7c659 -> 
  custom:AudioImporter_EditorPlatform: d09bf68614088b80899f8185d706f6e7 -> 
  custom:video-encoder-webm-vp8: eb34c28f22e8b96e1ab97ce403110664 -> 
  custom:audio-decoder-ogg-vorbis: bf7c407c2cedff20999df2af8eb42d56 -> 
  custom:audio-encoder-webm-vorbis: bf7c407c2cedff20999df2af8eb42d56 -> 
========================================================================
Received Prepare
Refreshing native plugins compatible for Editor in 23.11 ms, found 4 plugins.
Preloading 0 native plugins for Editor in 0.00 ms.
Unloading 1 Unused Serialized files (Serialized files now loaded: 0)
Unloading 1 unused Assets / (3.1 KB). Loaded Objects now: 3820.
Memory consumption went from 75.7 MB to 75.7 MB.
Total: 8.755100 ms (FindLiveObjects: 0.465500 ms CreateObjectMapping: 0.398900 ms MarkObjects: 7.855700 ms  DeleteObjects: 0.033600 ms)

Prepare: number of updated asset objects reloaded= 0
AssetImportParameters requested are different than current active one (requested -> active):
  custom:container-demuxer-ogg: 62fdf1f143b41e24485cea50d1cbac27 -> 
  custom:video-codec-MediaFoundation-h265: 746d11721c4dcdbdad8f713fa42b33f4 -> 
  custom:video-decoder-ogg-theora: a1e56fd34408186e4bbccfd4996cb3dc -> 
  custom:framework-win-MediaFoundation: 216162199b28c13a410421893ffa2e32 -> 
  custom:CustomObjectIndexerAttribute: 9a22284fe3817be447336de3de66b15e -> 
  custom:container-demuxer-webm: 4f35f7cbe854078d1ac9338744f61a02 -> 
  custom:container-muxer-webm: aa71ff27fc2769a1b78a27578f13a17b -> 
  custom:video-decoder-webm-vp8: 9c59270c3fd7afecdb556c50c9e8de78 -> 
  custom:SearchIndexIgnoredProperties: e643bd26f0fe6173181afceb89e7c659 -> 
  custom:AudioImporter_EditorPlatform: d09bf68614088b80899f8185d706f6e7 -> 
  custom:video-encoder-webm-vp8: eb34c28f22e8b96e1ab97ce403110664 -> 
  custom:audio-decoder-ogg-vorbis: bf7c407c2cedff20999df2af8eb42d56 -> 
  custom:audio-encoder-webm-vorbis: bf7c407c2cedff20999df2af8eb42d56 -> 
========================================================================
Received Prepare
Refreshing native plugins compatible for Editor in 20.57 ms, found 4 plugins.
Preloading 0 native plugins for Editor in 0.00 ms.
Unloading 1 Unused Serialized files (Serialized files now loaded: 0)
Unloading 1 unused Assets / (3.1 KB). Loaded Objects now: 3820.
Memory consumption went from 75.4 MB to 75.4 MB.
Total: 5.165800 ms (FindLiveObjects: 0.373300 ms CreateObjectMapping: 0.321300 ms MarkObjects: 4.436500 ms  DeleteObjects: 0.033200 ms)

Prepare: number of updated asset objects reloaded= 0
AssetImportParameters requested are different than current active one (requested -> active):
  custom:container-demuxer-ogg: 62fdf1f143b41e24485cea50d1cbac27 -> 
  custom:video-codec-MediaFoundation-h265: 746d11721c4dcdbdad8f713fa42b33f4 -> 
  custom:video-decoder-ogg-theora: a1e56fd34408186e4bbccfd4996cb3dc -> 
  custom:framework-win-MediaFoundation: 216162199b28c13a410421893ffa2e32 -> 
  custom:CustomObjectIndexerAttribute: 9a22284fe3817be447336de3de66b15e -> 
  custom:container-demuxer-webm: 4f35f7cbe854078d1ac9338744f61a02 -> 
  custom:container-muxer-webm: aa71ff27fc2769a1b78a27578f13a17b -> 
  custom:video-decoder-webm-vp8: 9c59270c3fd7afecdb556c50c9e8de78 -> 
  custom:SearchIndexIgnoredProperties: e643bd26f0fe6173181afceb89e7c659 -> 
  custom:AudioImporter_EditorPlatform: d09bf68614088b80899f8185d706f6e7 -> 
  custom:video-encoder-webm-vp8: eb34c28f22e8b96e1ab97ce403110664 -> 
  custom:audio-decoder-ogg-vorbis: bf7c407c2cedff20999df2af8eb42d56 -> 
  custom:audio-encoder-webm-vorbis: bf7c407c2cedff20999df2af8eb42d56 -> 
========================================================================
Received Prepare
Refreshing native plugins compatible for Editor in 17.73 ms, found 4 plugins.
Preloading 0 native plugins for Editor in 0.00 ms.
Unloading 1 Unused Serialized files (Serialized files now loaded: 0)
Unloading 1 unused Assets / (3.1 KB). Loaded Objects now: 3820.
Memory consumption went from 75.4 MB to 75.4 MB.
Total: 5.148300 ms (FindLiveObjects: 0.358200 ms CreateObjectMapping: 0.294500 ms MarkObjects: 4.455400 ms  DeleteObjects: 0.038500 ms)

Prepare: number of updated asset objects reloaded= 0
AssetImportParameters requested are different than current active one (requested -> active):
  custom:container-demuxer-ogg: 62fdf1f143b41e24485cea50d1cbac27 -> 
  custom:video-codec-MediaFoundation-h265: 746d11721c4dcdbdad8f713fa42b33f4 -> 
  custom:video-decoder-ogg-theora: a1e56fd34408186e4bbccfd4996cb3dc -> 
  custom:framework-win-MediaFoundation: 216162199b28c13a410421893ffa2e32 -> 
  custom:CustomObjectIndexerAttribute: 9a22284fe3817be447336de3de66b15e -> 
  custom:container-demuxer-webm: 4f35f7cbe854078d1ac9338744f61a02 -> 
  custom:container-muxer-webm: aa71ff27fc2769a1b78a27578f13a17b -> 
  custom:video-decoder-webm-vp8: 9c59270c3fd7afecdb556c50c9e8de78 -> 
  custom:SearchIndexIgnoredProperties: e643bd26f0fe6173181afceb89e7c659 -> 
  custom:AudioImporter_EditorPlatform: d09bf68614088b80899f8185d706f6e7 -> 
  custom:video-encoder-webm-vp8: eb34c28f22e8b96e1ab97ce403110664 -> 
  custom:audio-decoder-ogg-vorbis: bf7c407c2cedff20999df2af8eb42d56 -> 
  custom:audio-encoder-webm-vorbis: bf7c407c2cedff20999df2af8eb42d56 -> 
========================================================================
Received Prepare
Refreshing native plugins compatible for Editor in 20.82 ms, found 4 plugins.
Preloading 0 native plugins for Editor in 0.00 ms.
Unloading 1 Unused Serialized files (Serialized files now loaded: 0)
Unloading 1 unused Assets / (3.1 KB). Loaded Objects now: 3820.
Memory consumption went from 75.4 MB to 75.4 MB.
Total: 6.137100 ms (FindLiveObjects: 0.457000 ms CreateObjectMapping: 0.634500 ms MarkObjects: 5.004900 ms  DeleteObjects: 0.038500 ms)

Prepare: number of updated asset objects reloaded= 0
AssetImportParameters requested are different than current active one (requested -> active):
  custom:container-demuxer-ogg: 62fdf1f143b41e24485cea50d1cbac27 -> 
  custom:video-codec-MediaFoundation-h265: 746d11721c4dcdbdad8f713fa42b33f4 -> 
  custom:video-decoder-ogg-theora: a1e56fd34408186e4bbccfd4996cb3dc -> 
  custom:framework-win-MediaFoundation: 216162199b28c13a410421893ffa2e32 -> 
  custom:CustomObjectIndexerAttribute: 9a22284fe3817be447336de3de66b15e -> 
  custom:container-demuxer-webm: 4f35f7cbe854078d1ac9338744f61a02 -> 
  custom:container-muxer-webm: aa71ff27fc2769a1b78a27578f13a17b -> 
  custom:video-decoder-webm-vp8: 9c59270c3fd7afecdb556c50c9e8de78 -> 
  custom:SearchIndexIgnoredProperties: e643bd26f0fe6173181afceb89e7c659 -> 
  custom:AudioImporter_EditorPlatform: d09bf68614088b80899f8185d706f6e7 -> 
  custom:video-encoder-webm-vp8: eb34c28f22e8b96e1ab97ce403110664 -> 
  custom:audio-decoder-ogg-vorbis: bf7c407c2cedff20999df2af8eb42d56 -> 
  custom:audio-encoder-webm-vorbis: bf7c407c2cedff20999df2af8eb42d56 -> 
========================================================================
Received Prepare
Refreshing native plugins compatible for Editor in 28.63 ms, found 4 plugins.
Preloading 0 native plugins for Editor in 0.00 ms.
Unloading 1 Unused Serialized files (Serialized files now loaded: 0)
Unloading 1 unused Assets / (3.1 KB). Loaded Objects now: 3820.
Memory consumption went from 75.4 MB to 75.4 MB.
Total: 7.912000 ms (FindLiveObjects: 0.392500 ms CreateObjectMapping: 0.331900 ms MarkObjects: 7.153100 ms  DeleteObjects: 0.033100 ms)

Prepare: number of updated asset objects reloaded= 0
AssetImportParameters requested are different than current active one (requested -> active):
  custom:container-demuxer-ogg: 62fdf1f143b41e24485cea50d1cbac27 -> 
  custom:video-codec-MediaFoundation-h265: 746d11721c4dcdbdad8f713fa42b33f4 -> 
  custom:video-decoder-ogg-theora: a1e56fd34408186e4bbccfd4996cb3dc -> 
  custom:framework-win-MediaFoundation: 216162199b28c13a410421893ffa2e32 -> 
  custom:CustomObjectIndexerAttribute: 9a22284fe3817be447336de3de66b15e -> 
  custom:container-demuxer-webm: 4f35f7cbe854078d1ac9338744f61a02 -> 
  custom:container-muxer-webm: aa71ff27fc2769a1b78a27578f13a17b -> 
  custom:video-decoder-webm-vp8: 9c59270c3fd7afecdb556c50c9e8de78 -> 
  custom:SearchIndexIgnoredProperties: e643bd26f0fe6173181afceb89e7c659 -> 
  custom:AudioImporter_EditorPlatform: d09bf68614088b80899f8185d706f6e7 -> 
  custom:video-encoder-webm-vp8: eb34c28f22e8b96e1ab97ce403110664 -> 
  custom:audio-decoder-ogg-vorbis: bf7c407c2cedff20999df2af8eb42d56 -> 
  custom:audio-encoder-webm-vorbis: bf7c407c2cedff20999df2af8eb42d56 -> 
========================================================================
Received Prepare
Refreshing native plugins compatible for Editor in 17.06 ms, found 4 plugins.
Preloading 0 native plugins for Editor in 0.00 ms.
Unloading 1 Unused Serialized files (Serialized files now loaded: 0)
Unloading 1 unused Assets / (3.1 KB). Loaded Objects now: 3820.
Memory consumption went from 75.4 MB to 75.4 MB.
Total: 4.862700 ms (FindLiveObjects: 0.352700 ms CreateObjectMapping: 0.255500 ms MarkObjects: 4.146100 ms  DeleteObjects: 0.106700 ms)

Prepare: number of updated asset objects reloaded= 0
AssetImportParameters requested are different than current active one (requested -> active):
  custom:container-demuxer-ogg: 62fdf1f143b41e24485cea50d1cbac27 -> 
  custom:video-codec-MediaFoundation-h265: 746d11721c4dcdbdad8f713fa42b33f4 -> 
  custom:video-decoder-ogg-theora: a1e56fd34408186e4bbccfd4996cb3dc -> 
  custom:framework-win-MediaFoundation: 216162199b28c13a410421893ffa2e32 -> 
  custom:CustomObjectIndexerAttribute: 9a22284fe3817be447336de3de66b15e -> 
  custom:container-demuxer-webm: 4f35f7cbe854078d1ac9338744f61a02 -> 
  custom:container-muxer-webm: aa71ff27fc2769a1b78a27578f13a17b -> 
  custom:video-decoder-webm-vp8: 9c59270c3fd7afecdb556c50c9e8de78 -> 
  custom:SearchIndexIgnoredProperties: e643bd26f0fe6173181afceb89e7c659 -> 
  custom:AudioImporter_EditorPlatform: d09bf68614088b80899f8185d706f6e7 -> 
  custom:video-encoder-webm-vp8: eb34c28f22e8b96e1ab97ce403110664 -> 
  custom:audio-decoder-ogg-vorbis: bf7c407c2cedff20999df2af8eb42d56 -> 
  custom:audio-encoder-webm-vorbis: bf7c407c2cedff20999df2af8eb42d56 -> 
========================================================================
Received Prepare
Caller must complete domain reload
Begin MonoManager ReloadAssembly
- Loaded All Assemblies, in  0.959 seconds
Native extension for WindowsStandalone target not found
Native extension for WebGL target not found
Mono: successfully reloaded assembly
- Finished resetting the current domain, in  2.144 seconds
Domain Reload Profiling: 3090ms
	BeginReloadAssembly (295ms)
		ExecutionOrderSort (0ms)
		DisableScriptedObjects (11ms)
		BackupInstance (0ms)
		ReleaseScriptingObjects (0ms)
		CreateAndSetChildDomain (51ms)
	RebuildCommonClasses (71ms)
	RebuildNativeTypeToScriptingClass (26ms)
	initialDomainReloadingComplete (76ms)
	LoadAllAssembliesAndSetupDomain (477ms)
		LoadAssemblies (624ms)
		RebuildTransferFunctionScriptingTraits (0ms)
		AnalyzeDomain (27ms)
			TypeCache.Refresh (9ms)
				TypeCache.ScanAssembly (0ms)
			ScanForSourceGeneratedMonoScriptInfo (0ms)
			ResolveRequiredComponents (15ms)
	FinalizeReload (2145ms)
		ReleaseScriptCaches (0ms)
		RebuildScriptCaches (0ms)
		SetupLoadedEditorAssemblies (886ms)
			LogAssemblyErrors (0ms)
			InitializePlatformSupportModulesInManaged (20ms)
			SetLoadedEditorAssemblies (8ms)
			RefreshPlugins (0ms)
			BeforeProcessingInitializeOnLoad (150ms)
			ProcessInitializeOnLoadAttributes (631ms)
			ProcessInitializeOnLoadMethodAttributes (53ms)
			AfterProcessingInitializeOnLoad (24ms)
			EditorAssembliesLoaded (0ms)
		ExecutionOrderSort2 (0ms)
		AwakeInstancesAfterBackupRestoration (20ms)
Refreshing native plugins compatible for Editor in 19.13 ms, found 4 plugins.
Preloading 0 native plugins for Editor in 0.00 ms.
Unloading 3252 Unused Serialized files (Serialized files now loaded: 0)
Unloading 16 unused Assets / (28.5 KB). Loaded Objects now: 3823.
Memory consumption went from 126.1 MB to 126.1 MB.
Total: 5.255700 ms (FindLiveObjects: 0.479900 ms CreateObjectMapping: 0.456000 ms MarkObjects: 4.256100 ms  DeleteObjects: 0.061900 ms)

Prepare: number of updated asset objects reloaded= 0
AssetImportParameters requested are different than current active one (requested -> active):
  custom:container-demuxer-ogg: 62fdf1f143b41e24485cea50d1cbac27 -> 
  custom:video-codec-MediaFoundation-h265: 746d11721c4dcdbdad8f713fa42b33f4 -> 
  custom:video-decoder-ogg-theora: a1e56fd34408186e4bbccfd4996cb3dc -> 
  custom:framework-win-MediaFoundation: 216162199b28c13a410421893ffa2e32 -> 
  custom:CustomObjectIndexerAttribute: 9a22284fe3817be447336de3de66b15e -> 
  custom:container-demuxer-webm: 4f35f7cbe854078d1ac9338744f61a02 -> 
  custom:container-muxer-webm: aa71ff27fc2769a1b78a27578f13a17b -> 
  custom:video-decoder-webm-vp8: 9c59270c3fd7afecdb556c50c9e8de78 -> 
  custom:SearchIndexIgnoredProperties: e643bd26f0fe6173181afceb89e7c659 -> 
  custom:AudioImporter_EditorPlatform: d09bf68614088b80899f8185d706f6e7 -> 
  custom:video-encoder-webm-vp8: eb34c28f22e8b96e1ab97ce403110664 -> 
  custom:audio-decoder-ogg-vorbis: bf7c407c2cedff20999df2af8eb42d56 -> 
  custom:audio-encoder-webm-vorbis: bf7c407c2cedff20999df2af8eb42d56 -> 
========================================================================
Received Prepare
Caller must complete domain reload
Begin MonoManager ReloadAssembly
- Loaded All Assemblies, in  0.945 seconds
Native extension for WindowsStandalone target not found
Native extension for WebGL target not found
Mono: successfully reloaded assembly
- Finished resetting the current domain, in  2.146 seconds
Domain Reload Profiling: 3078ms
	BeginReloadAssembly (295ms)
		ExecutionOrderSort (0ms)
		DisableScriptedObjects (11ms)
		BackupInstance (0ms)
		ReleaseScriptingObjects (0ms)
		CreateAndSetChildDomain (56ms)
	RebuildCommonClasses (74ms)
	RebuildNativeTypeToScriptingClass (21ms)
	initialDomainReloadingComplete (77ms)
	LoadAllAssembliesAndSetupDomain (464ms)
		LoadAssemblies (607ms)
		RebuildTransferFunctionScriptingTraits (0ms)
		AnalyzeDomain (26ms)
			TypeCache.Refresh (9ms)
				TypeCache.ScanAssembly (0ms)
			ScanForSourceGeneratedMonoScriptInfo (0ms)
			ResolveRequiredComponents (12ms)
	FinalizeReload (2147ms)
		ReleaseScriptCaches (0ms)
		RebuildScriptCaches (0ms)
		SetupLoadedEditorAssemblies (907ms)
			LogAssemblyErrors (0ms)
			InitializePlatformSupportModulesInManaged (20ms)
			SetLoadedEditorAssemblies (8ms)
			RefreshPlugins (0ms)
			BeforeProcessingInitializeOnLoad (149ms)
			ProcessInitializeOnLoadAttributes (648ms)
			ProcessInitializeOnLoadMethodAttributes (52ms)
			AfterProcessingInitializeOnLoad (29ms)
			EditorAssembliesLoaded (0ms)
		ExecutionOrderSort2 (0ms)
		AwakeInstancesAfterBackupRestoration (20ms)
Refreshing native plugins compatible for Editor in 20.28 ms, found 4 plugins.
Preloading 0 native plugins for Editor in 0.00 ms.
Unloading 3252 Unused Serialized files (Serialized files now loaded: 0)
Unloading 16 unused Assets / (28.5 KB). Loaded Objects now: 3826.
Memory consumption went from 126.1 MB to 126.1 MB.
Total: 5.396800 ms (FindLiveObjects: 0.372900 ms CreateObjectMapping: 0.316900 ms MarkObjects: 4.642200 ms  DeleteObjects: 0.063300 ms)

Prepare: number of updated asset objects reloaded= 0
AssetImportParameters requested are different than current active one (requested -> active):
  custom:container-demuxer-ogg: 62fdf1f143b41e24485cea50d1cbac27 -> 
  custom:video-codec-MediaFoundation-h265: 746d11721c4dcdbdad8f713fa42b33f4 -> 
  custom:video-decoder-ogg-theora: a1e56fd34408186e4bbccfd4996cb3dc -> 
  custom:framework-win-MediaFoundation: 216162199b28c13a410421893ffa2e32 -> 
  custom:CustomObjectIndexerAttribute: 9a22284fe3817be447336de3de66b15e -> 
  custom:container-demuxer-webm: 4f35f7cbe854078d1ac9338744f61a02 -> 
  custom:container-muxer-webm: aa71ff27fc2769a1b78a27578f13a17b -> 
  custom:video-decoder-webm-vp8: 9c59270c3fd7afecdb556c50c9e8de78 -> 
  custom:SearchIndexIgnoredProperties: e643bd26f0fe6173181afceb89e7c659 -> 
  custom:AudioImporter_EditorPlatform: d09bf68614088b80899f8185d706f6e7 -> 
  custom:video-encoder-webm-vp8: eb34c28f22e8b96e1ab97ce403110664 -> 
  custom:audio-decoder-ogg-vorbis: bf7c407c2cedff20999df2af8eb42d56 -> 
  custom:audio-encoder-webm-vorbis: bf7c407c2cedff20999df2af8eb42d56 -> 
========================================================================
Received Prepare
Caller must complete domain reload
Begin MonoManager ReloadAssembly
- Loaded All Assemblies, in  1.017 seconds
Native extension for WindowsStandalone target not found
Native extension for WebGL target not found
Mono: successfully reloaded assembly
- Finished resetting the current domain, in  2.160 seconds
Domain Reload Profiling: 3163ms
	BeginReloadAssembly (319ms)
		ExecutionOrderSort (0ms)
		DisableScriptedObjects (13ms)
		BackupInstance (0ms)
		ReleaseScriptingObjects (0ms)
		CreateAndSetChildDomain (55ms)
	RebuildCommonClasses (84ms)
	RebuildNativeTypeToScriptingClass (24ms)
	initialDomainReloadingComplete (84ms)
	LoadAllAssembliesAndSetupDomain (490ms)
		LoadAssemblies (652ms)
		RebuildTransferFunctionScriptingTraits (0ms)
		AnalyzeDomain (32ms)
			TypeCache.Refresh (11ms)
				TypeCache.ScanAssembly (0ms)
			ScanForSourceGeneratedMonoScriptInfo (0ms)
			ResolveRequiredComponents (15ms)
	FinalizeReload (2161ms)
		ReleaseScriptCaches (0ms)
		RebuildScriptCaches (0ms)
		SetupLoadedEditorAssemblies (898ms)
			LogAssemblyErrors (0ms)
			InitializePlatformSupportModulesInManaged (19ms)
			SetLoadedEditorAssemblies (9ms)
			RefreshPlugins (0ms)
			BeforeProcessingInitializeOnLoad (153ms)
			ProcessInitializeOnLoadAttributes (638ms)
			ProcessInitializeOnLoadMethodAttributes (49ms)
			AfterProcessingInitializeOnLoad (29ms)
			EditorAssembliesLoaded (0ms)
		ExecutionOrderSort2 (0ms)
		AwakeInstancesAfterBackupRestoration (18ms)
Refreshing native plugins compatible for Editor in 19.46 ms, found 4 plugins.
Preloading 0 native plugins for Editor in 0.00 ms.
Unloading 3252 Unused Serialized files (Serialized files now loaded: 0)
Unloading 16 unused Assets / (30.0 KB). Loaded Objects now: 3829.
Memory consumption went from 126.1 MB to 126.1 MB.
Total: 5.389000 ms (FindLiveObjects: 0.372000 ms CreateObjectMapping: 0.385700 ms MarkObjects: 4.533900 ms  DeleteObjects: 0.095700 ms)

Prepare: number of updated asset objects reloaded= 0
AssetImportParameters requested are different than current active one (requested -> active):
  custom:container-demuxer-ogg: 62fdf1f143b41e24485cea50d1cbac27 -> 
  custom:video-codec-MediaFoundation-h265: 746d11721c4dcdbdad8f713fa42b33f4 -> 
  custom:video-decoder-ogg-theora: a1e56fd34408186e4bbccfd4996cb3dc -> 
  custom:framework-win-MediaFoundation: 216162199b28c13a410421893ffa2e32 -> 
  custom:CustomObjectIndexerAttribute: 9a22284fe3817be447336de3de66b15e -> 
  custom:container-demuxer-webm: 4f35f7cbe854078d1ac9338744f61a02 -> 
  custom:container-muxer-webm: aa71ff27fc2769a1b78a27578f13a17b -> 
  custom:video-decoder-webm-vp8: 9c59270c3fd7afecdb556c50c9e8de78 -> 
  custom:SearchIndexIgnoredProperties: e643bd26f0fe6173181afceb89e7c659 -> 
  custom:AudioImporter_EditorPlatform: d09bf68614088b80899f8185d706f6e7 -> 
  custom:video-encoder-webm-vp8: eb34c28f22e8b96e1ab97ce403110664 -> 
  custom:audio-decoder-ogg-vorbis: bf7c407c2cedff20999df2af8eb42d56 -> 
  custom:audio-encoder-webm-vorbis: bf7c407c2cedff20999df2af8eb42d56 -> 
========================================================================
Received Prepare
Caller must complete domain reload
Begin MonoManager ReloadAssembly
- Loaded All Assemblies, in  0.972 seconds
Native extension for WindowsStandalone target not found
Native extension for WebGL target not found
Mono: successfully reloaded assembly
- Finished resetting the current domain, in  2.096 seconds
Domain Reload Profiling: 3051ms
	BeginReloadAssembly (295ms)
		ExecutionOrderSort (0ms)
		DisableScriptedObjects (12ms)
		BackupInstance (0ms)
		ReleaseScriptingObjects (0ms)
		CreateAndSetChildDomain (54ms)
	RebuildCommonClasses (78ms)
	RebuildNativeTypeToScriptingClass (25ms)
	initialDomainReloadingComplete (85ms)
	LoadAllAssembliesAndSetupDomain (471ms)
		LoadAssemblies (619ms)
		RebuildTransferFunctionScriptingTraits (0ms)
		AnalyzeDomain (24ms)
			TypeCache.Refresh (9ms)
				TypeCache.ScanAssembly (0ms)
			ScanForSourceGeneratedMonoScriptInfo (0ms)
			ResolveRequiredComponents (11ms)
	FinalizeReload (2097ms)
		ReleaseScriptCaches (0ms)
		RebuildScriptCaches (0ms)
		SetupLoadedEditorAssemblies (890ms)
			LogAssemblyErrors (0ms)
			InitializePlatformSupportModulesInManaged (17ms)
			SetLoadedEditorAssemblies (7ms)
			RefreshPlugins (0ms)
			BeforeProcessingInitializeOnLoad (141ms)
			ProcessInitializeOnLoadAttributes (646ms)
			ProcessInitializeOnLoadMethodAttributes (52ms)
			AfterProcessingInitializeOnLoad (27ms)
			EditorAssembliesLoaded (0ms)
		ExecutionOrderSort2 (0ms)
		AwakeInstancesAfterBackupRestoration (20ms)
Refreshing native plugins compatible for Editor in 20.67 ms, found 4 plugins.
Preloading 0 native plugins for Editor in 0.00 ms.
Unloading 3252 Unused Serialized files (Serialized files now loaded: 0)
Unloading 16 unused Assets / (28.5 KB). Loaded Objects now: 3832.
Memory consumption went from 126.1 MB to 126.1 MB.
Total: 6.707400 ms (FindLiveObjects: 0.479400 ms CreateObjectMapping: 0.430600 ms MarkObjects: 5.717300 ms  DeleteObjects: 0.078300 ms)

Prepare: number of updated asset objects reloaded= 0
AssetImportParameters requested are different than current active one (requested -> active):
  custom:container-demuxer-ogg: 62fdf1f143b41e24485cea50d1cbac27 -> 
  custom:video-codec-MediaFoundation-h265: 746d11721c4dcdbdad8f713fa42b33f4 -> 
  custom:video-decoder-ogg-theora: a1e56fd34408186e4bbccfd4996cb3dc -> 
  custom:framework-win-MediaFoundation: 216162199b28c13a410421893ffa2e32 -> 
  custom:CustomObjectIndexerAttribute: 9a22284fe3817be447336de3de66b15e -> 
  custom:container-demuxer-webm: 4f35f7cbe854078d1ac9338744f61a02 -> 
  custom:container-muxer-webm: aa71ff27fc2769a1b78a27578f13a17b -> 
  custom:video-decoder-webm-vp8: 9c59270c3fd7afecdb556c50c9e8de78 -> 
  custom:SearchIndexIgnoredProperties: e643bd26f0fe6173181afceb89e7c659 -> 
  custom:AudioImporter_EditorPlatform: d09bf68614088b80899f8185d706f6e7 -> 
  custom:video-encoder-webm-vp8: eb34c28f22e8b96e1ab97ce403110664 -> 
  custom:audio-decoder-ogg-vorbis: bf7c407c2cedff20999df2af8eb42d56 -> 
  custom:audio-encoder-webm-vorbis: bf7c407c2cedff20999df2af8eb42d56 -> 
========================================================================
Received Prepare
Caller must complete domain reload
Begin MonoManager ReloadAssembly
- Loaded All Assemblies, in  0.956 seconds
Native extension for WindowsStandalone target not found
Native extension for WebGL target not found
Mono: successfully reloaded assembly
- Finished resetting the current domain, in  2.090 seconds
Domain Reload Profiling: 3033ms
	BeginReloadAssembly (305ms)
		ExecutionOrderSort (0ms)
		DisableScriptedObjects (10ms)
		BackupInstance (0ms)
		ReleaseScriptingObjects (0ms)
		CreateAndSetChildDomain (52ms)
	RebuildCommonClasses (73ms)
	RebuildNativeTypeToScriptingClass (23ms)
	initialDomainReloadingComplete (71ms)
	LoadAllAssembliesAndSetupDomain (472ms)
		LoadAssemblies (629ms)
		RebuildTransferFunctionScriptingTraits (0ms)
		AnalyzeDomain (27ms)
			TypeCache.Refresh (11ms)
				TypeCache.ScanAssembly (0ms)
			ScanForSourceGeneratedMonoScriptInfo (0ms)
			ResolveRequiredComponents (10ms)
	FinalizeReload (2091ms)
		ReleaseScriptCaches (0ms)
		RebuildScriptCaches (0ms)
		SetupLoadedEditorAssemblies (903ms)
			LogAssemblyErrors (0ms)
			InitializePlatformSupportModulesInManaged (19ms)
			SetLoadedEditorAssemblies (8ms)
			RefreshPlugins (0ms)
			BeforeProcessingInitializeOnLoad (150ms)
			ProcessInitializeOnLoadAttributes (652ms)
			ProcessInitializeOnLoadMethodAttributes (47ms)
			AfterProcessingInitializeOnLoad (28ms)
			EditorAssembliesLoaded (0ms)
		ExecutionOrderSort2 (0ms)
		AwakeInstancesAfterBackupRestoration (20ms)
Refreshing native plugins compatible for Editor in 20.09 ms, found 4 plugins.
Preloading 0 native plugins for Editor in 0.00 ms.
Unloading 3252 Unused Serialized files (Serialized files now loaded: 0)
Unloading 16 unused Assets / (28.5 KB). Loaded Objects now: 3835.
Memory consumption went from 126.1 MB to 126.1 MB.
Total: 6.630500 ms (FindLiveObjects: 0.435200 ms CreateObjectMapping: 0.369200 ms MarkObjects: 5.757700 ms  DeleteObjects: 0.066600 ms)

Prepare: number of updated asset objects reloaded= 0
AssetImportParameters requested are different than current active one (requested -> active):
  custom:container-demuxer-ogg: 62fdf1f143b41e24485cea50d1cbac27 -> 
  custom:video-codec-MediaFoundation-h265: 746d11721c4dcdbdad8f713fa42b33f4 -> 
  custom:video-decoder-ogg-theora: a1e56fd34408186e4bbccfd4996cb3dc -> 
  custom:framework-win-MediaFoundation: 216162199b28c13a410421893ffa2e32 -> 
  custom:CustomObjectIndexerAttribute: 9a22284fe3817be447336de3de66b15e -> 
  custom:container-demuxer-webm: 4f35f7cbe854078d1ac9338744f61a02 -> 
  custom:container-muxer-webm: aa71ff27fc2769a1b78a27578f13a17b -> 
  custom:video-decoder-webm-vp8: 9c59270c3fd7afecdb556c50c9e8de78 -> 
  custom:SearchIndexIgnoredProperties: e643bd26f0fe6173181afceb89e7c659 -> 
  custom:AudioImporter_EditorPlatform: d09bf68614088b80899f8185d706f6e7 -> 
  custom:video-encoder-webm-vp8: eb34c28f22e8b96e1ab97ce403110664 -> 
  custom:audio-decoder-ogg-vorbis: bf7c407c2cedff20999df2af8eb42d56 -> 
  custom:audio-encoder-webm-vorbis: bf7c407c2cedff20999df2af8eb42d56 -> 
========================================================================
Received Prepare
Caller must complete domain reload
Begin MonoManager ReloadAssembly
- Loaded All Assemblies, in  0.945 seconds
Native extension for WindowsStandalone target not found
Native extension for WebGL target not found
Mono: successfully reloaded assembly
- Finished resetting the current domain, in  2.072 seconds
Domain Reload Profiling: 3004ms
	BeginReloadAssembly (293ms)
		ExecutionOrderSort (0ms)
		DisableScriptedObjects (11ms)
		BackupInstance (0ms)
		ReleaseScriptingObjects (0ms)
		CreateAndSetChildDomain (51ms)
	RebuildCommonClasses (74ms)
	RebuildNativeTypeToScriptingClass (28ms)
	initialDomainReloadingComplete (82ms)
	LoadAllAssembliesAndSetupDomain (455ms)
		LoadAssemblies (596ms)
		RebuildTransferFunctionScriptingTraits (0ms)
		AnalyzeDomain (31ms)
			TypeCache.Refresh (12ms)
				TypeCache.ScanAssembly (0ms)
			ScanForSourceGeneratedMonoScriptInfo (0ms)
			ResolveRequiredComponents (15ms)
	FinalizeReload (2073ms)
		ReleaseScriptCaches (0ms)
		RebuildScriptCaches (0ms)
		SetupLoadedEditorAssemblies (875ms)
			LogAssemblyErrors (0ms)
			InitializePlatformSupportModulesInManaged (16ms)
			SetLoadedEditorAssemblies (7ms)
			RefreshPlugins (0ms)
			BeforeProcessingInitializeOnLoad (138ms)
			ProcessInitializeOnLoadAttributes (631ms)
			ProcessInitializeOnLoadMethodAttributes (53ms)
			AfterProcessingInitializeOnLoad (29ms)
			EditorAssembliesLoaded (0ms)
		ExecutionOrderSort2 (0ms)
		AwakeInstancesAfterBackupRestoration (19ms)
Refreshing native plugins compatible for Editor in 20.94 ms, found 4 plugins.
Preloading 0 native plugins for Editor in 0.00 ms.
Unloading 3252 Unused Serialized files (Serialized files now loaded: 0)
Unloading 16 unused Assets / (28.5 KB). Loaded Objects now: 3838.
Memory consumption went from 126.1 MB to 126.1 MB.
Total: 6.419800 ms (FindLiveObjects: 0.409700 ms CreateObjectMapping: 0.378300 ms MarkObjects: 5.549200 ms  DeleteObjects: 0.080800 ms)

Prepare: number of updated asset objects reloaded= 0
AssetImportParameters requested are different than current active one (requested -> active):
  custom:container-demuxer-ogg: 62fdf1f143b41e24485cea50d1cbac27 -> 
  custom:video-codec-MediaFoundation-h265: 746d11721c4dcdbdad8f713fa42b33f4 -> 
  custom:video-decoder-ogg-theora: a1e56fd34408186e4bbccfd4996cb3dc -> 
  custom:framework-win-MediaFoundation: 216162199b28c13a410421893ffa2e32 -> 
  custom:CustomObjectIndexerAttribute: 9a22284fe3817be447336de3de66b15e -> 
  custom:container-demuxer-webm: 4f35f7cbe854078d1ac9338744f61a02 -> 
  custom:container-muxer-webm: aa71ff27fc2769a1b78a27578f13a17b -> 
  custom:video-decoder-webm-vp8: 9c59270c3fd7afecdb556c50c9e8de78 -> 
  custom:SearchIndexIgnoredProperties: e643bd26f0fe6173181afceb89e7c659 -> 
  custom:AudioImporter_EditorPlatform: d09bf68614088b80899f8185d706f6e7 -> 
  custom:video-encoder-webm-vp8: eb34c28f22e8b96e1ab97ce403110664 -> 
  custom:audio-decoder-ogg-vorbis: bf7c407c2cedff20999df2af8eb42d56 -> 
  custom:audio-encoder-webm-vorbis: bf7c407c2cedff20999df2af8eb42d56 -> 
========================================================================
Received Prepare
Caller must complete domain reload
Begin MonoManager ReloadAssembly
- Loaded All Assemblies, in  0.952 seconds
Native extension for WindowsStandalone target not found
Native extension for WebGL target not found
Mono: successfully reloaded assembly
- Finished resetting the current domain, in  2.159 seconds
Domain Reload Profiling: 3098ms
	BeginReloadAssembly (298ms)
		ExecutionOrderSort (0ms)
		DisableScriptedObjects (11ms)
		BackupInstance (0ms)
		ReleaseScriptingObjects (0ms)
		CreateAndSetChildDomain (57ms)
	RebuildCommonClasses (70ms)
	RebuildNativeTypeToScriptingClass (23ms)
	initialDomainReloadingComplete (77ms)
	LoadAllAssembliesAndSetupDomain (471ms)
		LoadAssemblies (617ms)
		RebuildTransferFunctionScriptingTraits (0ms)
		AnalyzeDomain (26ms)
			TypeCache.Refresh (9ms)
				TypeCache.ScanAssembly (0ms)
			ScanForSourceGeneratedMonoScriptInfo (0ms)
			ResolveRequiredComponents (12ms)
	FinalizeReload (2160ms)
		ReleaseScriptCaches (0ms)
		RebuildScriptCaches (0ms)
		SetupLoadedEditorAssemblies (904ms)
			LogAssemblyErrors (0ms)
			InitializePlatformSupportModulesInManaged (17ms)
			SetLoadedEditorAssemblies (9ms)
			RefreshPlugins (0ms)
			BeforeProcessingInitializeOnLoad (143ms)
			ProcessInitializeOnLoadAttributes (653ms)
			ProcessInitializeOnLoadMethodAttributes (54ms)
			AfterProcessingInitializeOnLoad (29ms)
			EditorAssembliesLoaded (0ms)
		ExecutionOrderSort2 (0ms)
		AwakeInstancesAfterBackupRestoration (21ms)
Refreshing native plugins compatible for Editor in 21.31 ms, found 4 plugins.
Preloading 0 native plugins for Editor in 0.00 ms.
Unloading 3252 Unused Serialized files (Serialized files now loaded: 0)
Unloading 16 unused Assets / (28.5 KB). Loaded Objects now: 3841.
Memory consumption went from 126.1 MB to 126.1 MB.
Total: 5.822100 ms (FindLiveObjects: 0.465200 ms CreateObjectMapping: 0.420900 ms MarkObjects: 4.871000 ms  DeleteObjects: 0.063400 ms)

Prepare: number of updated asset objects reloaded= 0
AssetImportParameters requested are different than current active one (requested -> active):
  custom:container-demuxer-ogg: 62fdf1f143b41e24485cea50d1cbac27 -> 
  custom:video-codec-MediaFoundation-h265: 746d11721c4dcdbdad8f713fa42b33f4 -> 
  custom:video-decoder-ogg-theora: a1e56fd34408186e4bbccfd4996cb3dc -> 
  custom:framework-win-MediaFoundation: 216162199b28c13a410421893ffa2e32 -> 
  custom:CustomObjectIndexerAttribute: 9a22284fe3817be447336de3de66b15e -> 
  custom:container-demuxer-webm: 4f35f7cbe854078d1ac9338744f61a02 -> 
  custom:container-muxer-webm: aa71ff27fc2769a1b78a27578f13a17b -> 
  custom:video-decoder-webm-vp8: 9c59270c3fd7afecdb556c50c9e8de78 -> 
  custom:SearchIndexIgnoredProperties: e643bd26f0fe6173181afceb89e7c659 -> 
  custom:AudioImporter_EditorPlatform: d09bf68614088b80899f8185d706f6e7 -> 
  custom:video-encoder-webm-vp8: eb34c28f22e8b96e1ab97ce403110664 -> 
  custom:audio-decoder-ogg-vorbis: bf7c407c2cedff20999df2af8eb42d56 -> 
  custom:audio-encoder-webm-vorbis: bf7c407c2cedff20999df2af8eb42d56 -> 
========================================================================
Received Prepare
Caller must complete domain reload
Begin MonoManager ReloadAssembly
- Loaded All Assemblies, in  0.954 seconds
Native extension for WindowsStandalone target not found
Native extension for WebGL target not found
Mono: successfully reloaded assembly
- Finished resetting the current domain, in  2.159 seconds
Domain Reload Profiling: 3100ms
	BeginReloadAssembly (305ms)
		ExecutionOrderSort (0ms)
		DisableScriptedObjects (10ms)
		BackupInstance (0ms)
		ReleaseScriptingObjects (0ms)
		CreateAndSetChildDomain (59ms)
	RebuildCommonClasses (68ms)
	RebuildNativeTypeToScriptingClass (21ms)
	initialDomainReloadingComplete (72ms)
	LoadAllAssembliesAndSetupDomain (474ms)
		LoadAssemblies (625ms)
		RebuildTransferFunctionScriptingTraits (0ms)
		AnalyzeDomain (26ms)
			TypeCache.Refresh (10ms)
				TypeCache.ScanAssembly (0ms)
			ScanForSourceGeneratedMonoScriptInfo (0ms)
			ResolveRequiredComponents (11ms)
	FinalizeReload (2160ms)
		ReleaseScriptCaches (0ms)
		RebuildScriptCaches (0ms)
		SetupLoadedEditorAssemblies (924ms)
			LogAssemblyErrors (0ms)
			InitializePlatformSupportModulesInManaged (18ms)
			SetLoadedEditorAssemblies (9ms)
			RefreshPlugins (0ms)
			BeforeProcessingInitializeOnLoad (149ms)
			ProcessInitializeOnLoadAttributes (661ms)
			ProcessInitializeOnLoadMethodAttributes (56ms)
			AfterProcessingInitializeOnLoad (30ms)
			EditorAssembliesLoaded (1ms)
		ExecutionOrderSort2 (0ms)
		AwakeInstancesAfterBackupRestoration (21ms)
Refreshing native plugins compatible for Editor in 19.92 ms, found 4 plugins.
Preloading 0 native plugins for Editor in 0.00 ms.
Unloading 3252 Unused Serialized files (Serialized files now loaded: 0)
Unloading 16 unused Assets / (28.5 KB). Loaded Objects now: 3844.
Memory consumption went from 126.1 MB to 126.1 MB.
Total: 4.833700 ms (FindLiveObjects: 0.382300 ms CreateObjectMapping: 0.314600 ms MarkObjects: 4.076200 ms  DeleteObjects: 0.059300 ms)

Prepare: number of updated asset objects reloaded= 0
AssetImportParameters requested are different than current active one (requested -> active):
  custom:container-demuxer-ogg: 62fdf1f143b41e24485cea50d1cbac27 -> 
  custom:video-codec-MediaFoundation-h265: 746d11721c4dcdbdad8f713fa42b33f4 -> 
  custom:video-decoder-ogg-theora: a1e56fd34408186e4bbccfd4996cb3dc -> 
  custom:framework-win-MediaFoundation: 216162199b28c13a410421893ffa2e32 -> 
  custom:CustomObjectIndexerAttribute: 9a22284fe3817be447336de3de66b15e -> 
  custom:container-demuxer-webm: 4f35f7cbe854078d1ac9338744f61a02 -> 
  custom:container-muxer-webm: aa71ff27fc2769a1b78a27578f13a17b -> 
  custom:video-decoder-webm-vp8: 9c59270c3fd7afecdb556c50c9e8de78 -> 
  custom:SearchIndexIgnoredProperties: e643bd26f0fe6173181afceb89e7c659 -> 
  custom:AudioImporter_EditorPlatform: d09bf68614088b80899f8185d706f6e7 -> 
  custom:video-encoder-webm-vp8: eb34c28f22e8b96e1ab97ce403110664 -> 
  custom:audio-decoder-ogg-vorbis: bf7c407c2cedff20999df2af8eb42d56 -> 
  custom:audio-encoder-webm-vorbis: bf7c407c2cedff20999df2af8eb42d56 -> 
========================================================================
Received Prepare
Caller must complete domain reload
Begin MonoManager ReloadAssembly
- Loaded All Assemblies, in  0.972 seconds
Native extension for WindowsStandalone target not found
Native extension for WebGL target not found
Mono: successfully reloaded assembly
- Finished resetting the current domain, in  2.142 seconds
Domain Reload Profiling: 3101ms
	BeginReloadAssembly (308ms)
		ExecutionOrderSort (0ms)
		DisableScriptedObjects (10ms)
		BackupInstance (0ms)
		ReleaseScriptingObjects (0ms)
		CreateAndSetChildDomain (57ms)
	RebuildCommonClasses (76ms)
	RebuildNativeTypeToScriptingClass (30ms)
	initialDomainReloadingComplete (77ms)
	LoadAllAssembliesAndSetupDomain (467ms)
		LoadAssemblies (625ms)
		RebuildTransferFunctionScriptingTraits (0ms)
		AnalyzeDomain (24ms)
			TypeCache.Refresh (9ms)
				TypeCache.ScanAssembly (0ms)
			ScanForSourceGeneratedMonoScriptInfo (0ms)
			ResolveRequiredComponents (11ms)
	FinalizeReload (2143ms)
		ReleaseScriptCaches (0ms)
		RebuildScriptCaches (0ms)
		SetupLoadedEditorAssemblies (909ms)
			LogAssemblyErrors (0ms)
			InitializePlatformSupportModulesInManaged (20ms)
			SetLoadedEditorAssemblies (9ms)
			RefreshPlugins (0ms)
			BeforeProcessingInitializeOnLoad (152ms)
			ProcessInitializeOnLoadAttributes (650ms)
			ProcessInitializeOnLoadMethodAttributes (51ms)
			AfterProcessingInitializeOnLoad (27ms)
			EditorAssembliesLoaded (0ms)
		ExecutionOrderSort2 (0ms)
		AwakeInstancesAfterBackupRestoration (22ms)
Refreshing native plugins compatible for Editor in 21.75 ms, found 4 plugins.
Preloading 0 native plugins for Editor in 0.00 ms.
Unloading 3252 Unused Serialized files (Serialized files now loaded: 0)
Unloading 16 unused Assets / (28.5 KB). Loaded Objects now: 3847.
Memory consumption went from 126.1 MB to 126.1 MB.
Total: 5.500400 ms (FindLiveObjects: 0.383600 ms CreateObjectMapping: 0.339300 ms MarkObjects: 4.713400 ms  DeleteObjects: 0.062200 ms)

Prepare: number of updated asset objects reloaded= 0
AssetImportParameters requested are different than current active one (requested -> active):
  custom:container-demuxer-ogg: 62fdf1f143b41e24485cea50d1cbac27 -> 
  custom:video-codec-MediaFoundation-h265: 746d11721c4dcdbdad8f713fa42b33f4 -> 
  custom:video-decoder-ogg-theora: a1e56fd34408186e4bbccfd4996cb3dc -> 
  custom:framework-win-MediaFoundation: 216162199b28c13a410421893ffa2e32 -> 
  custom:CustomObjectIndexerAttribute: 9a22284fe3817be447336de3de66b15e -> 
  custom:container-demuxer-webm: 4f35f7cbe854078d1ac9338744f61a02 -> 
  custom:container-muxer-webm: aa71ff27fc2769a1b78a27578f13a17b -> 
  custom:video-decoder-webm-vp8: 9c59270c3fd7afecdb556c50c9e8de78 -> 
  custom:SearchIndexIgnoredProperties: e643bd26f0fe6173181afceb89e7c659 -> 
  custom:AudioImporter_EditorPlatform: d09bf68614088b80899f8185d706f6e7 -> 
  custom:video-encoder-webm-vp8: eb34c28f22e8b96e1ab97ce403110664 -> 
  custom:audio-decoder-ogg-vorbis: bf7c407c2cedff20999df2af8eb42d56 -> 
  custom:audio-encoder-webm-vorbis: bf7c407c2cedff20999df2af8eb42d56 -> 
========================================================================
Received Prepare
Caller must complete domain reload
Begin MonoManager ReloadAssembly
- Loaded All Assemblies, in  1.002 seconds
Native extension for WindowsStandalone target not found
Native extension for WebGL target not found
Mono: successfully reloaded assembly
- Finished resetting the current domain, in  2.131 seconds
Domain Reload Profiling: 3119ms
	BeginReloadAssembly (311ms)
		ExecutionOrderSort (0ms)
		DisableScriptedObjects (11ms)
		BackupInstance (0ms)
		ReleaseScriptingObjects (0ms)
		CreateAndSetChildDomain (55ms)
	RebuildCommonClasses (76ms)
	RebuildNativeTypeToScriptingClass (25ms)
	initialDomainReloadingComplete (82ms)
	LoadAllAssembliesAndSetupDomain (494ms)
		LoadAssemblies (651ms)
		RebuildTransferFunctionScriptingTraits (0ms)
		AnalyzeDomain (26ms)
			TypeCache.Refresh (10ms)
				TypeCache.ScanAssembly (0ms)
			ScanForSourceGeneratedMonoScriptInfo (0ms)
			ResolveRequiredComponents (12ms)
	FinalizeReload (2132ms)
		ReleaseScriptCaches (0ms)
		RebuildScriptCaches (0ms)
		SetupLoadedEditorAssemblies (909ms)
			LogAssemblyErrors (0ms)
			InitializePlatformSupportModulesInManaged (20ms)
			SetLoadedEditorAssemblies (10ms)
			RefreshPlugins (0ms)
			BeforeProcessingInitializeOnLoad (145ms)
			ProcessInitializeOnLoadAttributes (650ms)
			ProcessInitializeOnLoadMethodAttributes (53ms)
			AfterProcessingInitializeOnLoad (31ms)
			EditorAssembliesLoaded (0ms)
		ExecutionOrderSort2 (0ms)
		AwakeInstancesAfterBackupRestoration (19ms)
Refreshing native plugins compatible for Editor in 20.21 ms, found 4 plugins.
Preloading 0 native plugins for Editor in 0.00 ms.
Unloading 3252 Unused Serialized files (Serialized files now loaded: 0)
Unloading 16 unused Assets / (28.5 KB). Loaded Objects now: 3850.
Memory consumption went from 126.1 MB to 126.1 MB.
Total: 4.779200 ms (FindLiveObjects: 0.440000 ms CreateObjectMapping: 0.335700 ms MarkObjects: 3.938400 ms  DeleteObjects: 0.063400 ms)

Prepare: number of updated asset objects reloaded= 0
AssetImportParameters requested are different than current active one (requested -> active):
  custom:container-demuxer-ogg: 62fdf1f143b41e24485cea50d1cbac27 -> 
  custom:video-codec-MediaFoundation-h265: 746d11721c4dcdbdad8f713fa42b33f4 -> 
  custom:video-decoder-ogg-theora: a1e56fd34408186e4bbccfd4996cb3dc -> 
  custom:framework-win-MediaFoundation: 216162199b28c13a410421893ffa2e32 -> 
  custom:CustomObjectIndexerAttribute: 9a22284fe3817be447336de3de66b15e -> 
  custom:container-demuxer-webm: 4f35f7cbe854078d1ac9338744f61a02 -> 
  custom:container-muxer-webm: aa71ff27fc2769a1b78a27578f13a17b -> 
  custom:video-decoder-webm-vp8: 9c59270c3fd7afecdb556c50c9e8de78 -> 
  custom:SearchIndexIgnoredProperties: e643bd26f0fe6173181afceb89e7c659 -> 
  custom:AudioImporter_EditorPlatform: d09bf68614088b80899f8185d706f6e7 -> 
  custom:video-encoder-webm-vp8: eb34c28f22e8b96e1ab97ce403110664 -> 
  custom:audio-decoder-ogg-vorbis: bf7c407c2cedff20999df2af8eb42d56 -> 
  custom:audio-encoder-webm-vorbis: bf7c407c2cedff20999df2af8eb42d56 -> 
========================================================================
Received Prepare
Refreshing native plugins compatible for Editor in 23.88 ms, found 4 plugins.
Preloading 0 native plugins for Editor in 0.00 ms.
Unloading 1 Unused Serialized files (Serialized files now loaded: 0)
Unloading 1 unused Assets / (3.1 KB). Loaded Objects now: 3850.
Memory consumption went from 75.8 MB to 75.8 MB.
Total: 6.388600 ms (FindLiveObjects: 0.580500 ms CreateObjectMapping: 0.406900 ms MarkObjects: 5.358000 ms  DeleteObjects: 0.040900 ms)

Prepare: number of updated asset objects reloaded= 0
AssetImportParameters requested are different than current active one (requested -> active):
  custom:container-demuxer-ogg: 62fdf1f143b41e24485cea50d1cbac27 -> 
  custom:video-codec-MediaFoundation-h265: 746d11721c4dcdbdad8f713fa42b33f4 -> 
  custom:video-decoder-ogg-theora: a1e56fd34408186e4bbccfd4996cb3dc -> 
  custom:framework-win-MediaFoundation: 216162199b28c13a410421893ffa2e32 -> 
  custom:CustomObjectIndexerAttribute: 9a22284fe3817be447336de3de66b15e -> 
  custom:container-demuxer-webm: 4f35f7cbe854078d1ac9338744f61a02 -> 
  custom:container-muxer-webm: aa71ff27fc2769a1b78a27578f13a17b -> 
  custom:video-decoder-webm-vp8: 9c59270c3fd7afecdb556c50c9e8de78 -> 
  custom:SearchIndexIgnoredProperties: e643bd26f0fe6173181afceb89e7c659 -> 
  custom:AudioImporter_EditorPlatform: d09bf68614088b80899f8185d706f6e7 -> 
  custom:video-encoder-webm-vp8: eb34c28f22e8b96e1ab97ce403110664 -> 
  custom:audio-decoder-ogg-vorbis: bf7c407c2cedff20999df2af8eb42d56 -> 
  custom:audio-encoder-webm-vorbis: bf7c407c2cedff20999df2af8eb42d56 -> 
========================================================================
Received Prepare
Refreshing native plugins compatible for Editor in 19.07 ms, found 4 plugins.
Preloading 0 native plugins for Editor in 0.00 ms.
Unloading 1 Unused Serialized files (Serialized files now loaded: 0)
Unloading 1 unused Assets / (3.1 KB). Loaded Objects now: 3850.
Memory consumption went from 75.4 MB to 75.4 MB.
Total: 4.623500 ms (FindLiveObjects: 0.390900 ms CreateObjectMapping: 0.324700 ms MarkObjects: 3.862000 ms  DeleteObjects: 0.044000 ms)

Prepare: number of updated asset objects reloaded= 0
AssetImportParameters requested are different than current active one (requested -> active):
  custom:container-demuxer-ogg: 62fdf1f143b41e24485cea50d1cbac27 -> 
  custom:video-codec-MediaFoundation-h265: 746d11721c4dcdbdad8f713fa42b33f4 -> 
  custom:video-decoder-ogg-theora: a1e56fd34408186e4bbccfd4996cb3dc -> 
  custom:framework-win-MediaFoundation: 216162199b28c13a410421893ffa2e32 -> 
  custom:CustomObjectIndexerAttribute: 9a22284fe3817be447336de3de66b15e -> 
  custom:container-demuxer-webm: 4f35f7cbe854078d1ac9338744f61a02 -> 
  custom:container-muxer-webm: aa71ff27fc2769a1b78a27578f13a17b -> 
  custom:video-decoder-webm-vp8: 9c59270c3fd7afecdb556c50c9e8de78 -> 
  custom:SearchIndexIgnoredProperties: e643bd26f0fe6173181afceb89e7c659 -> 
  custom:AudioImporter_EditorPlatform: d09bf68614088b80899f8185d706f6e7 -> 
  custom:video-encoder-webm-vp8: eb34c28f22e8b96e1ab97ce403110664 -> 
  custom:audio-decoder-ogg-vorbis: bf7c407c2cedff20999df2af8eb42d56 -> 
  custom:audio-encoder-webm-vorbis: bf7c407c2cedff20999df2af8eb42d56 -> 
========================================================================
Received Prepare
Refreshing native plugins compatible for Editor in 16.54 ms, found 4 plugins.
Preloading 0 native plugins for Editor in 0.00 ms.
Unloading 1 Unused Serialized files (Serialized files now loaded: 0)
Unloading 1 unused Assets / (3.1 KB). Loaded Objects now: 3850.
Memory consumption went from 75.4 MB to 75.4 MB.
Total: 6.178100 ms (FindLiveObjects: 0.404100 ms CreateObjectMapping: 0.324500 ms MarkObjects: 5.409500 ms  DeleteObjects: 0.037800 ms)

Prepare: number of updated asset objects reloaded= 0
AssetImportParameters requested are different than current active one (requested -> active):
  custom:container-demuxer-ogg: 62fdf1f143b41e24485cea50d1cbac27 -> 
  custom:video-codec-MediaFoundation-h265: 746d11721c4dcdbdad8f713fa42b33f4 -> 
  custom:video-decoder-ogg-theora: a1e56fd34408186e4bbccfd4996cb3dc -> 
  custom:framework-win-MediaFoundation: 216162199b28c13a410421893ffa2e32 -> 
  custom:CustomObjectIndexerAttribute: 9a22284fe3817be447336de3de66b15e -> 
  custom:container-demuxer-webm: 4f35f7cbe854078d1ac9338744f61a02 -> 
  custom:container-muxer-webm: aa71ff27fc2769a1b78a27578f13a17b -> 
  custom:video-decoder-webm-vp8: 9c59270c3fd7afecdb556c50c9e8de78 -> 
  custom:SearchIndexIgnoredProperties: e643bd26f0fe6173181afceb89e7c659 -> 
  custom:AudioImporter_EditorPlatform: d09bf68614088b80899f8185d706f6e7 -> 
  custom:video-encoder-webm-vp8: eb34c28f22e8b96e1ab97ce403110664 -> 
  custom:audio-decoder-ogg-vorbis: bf7c407c2cedff20999df2af8eb42d56 -> 
  custom:audio-encoder-webm-vorbis: bf7c407c2cedff20999df2af8eb42d56 -> 
========================================================================
Received Prepare
Refreshing native plugins compatible for Editor in 24.33 ms, found 4 plugins.
Preloading 0 native plugins for Editor in 0.00 ms.
Unloading 1 Unused Serialized files (Serialized files now loaded: 0)
Unloading 1 unused Assets / (3.1 KB). Loaded Objects now: 3850.
Memory consumption went from 75.4 MB to 75.4 MB.
Total: 5.532100 ms (FindLiveObjects: 0.398100 ms CreateObjectMapping: 0.349900 ms MarkObjects: 4.734200 ms  DeleteObjects: 0.047900 ms)

Prepare: number of updated asset objects reloaded= 0
AssetImportParameters requested are different than current active one (requested -> active):
  custom:container-demuxer-ogg: 62fdf1f143b41e24485cea50d1cbac27 -> 
  custom:video-codec-MediaFoundation-h265: 746d11721c4dcdbdad8f713fa42b33f4 -> 
  custom:video-decoder-ogg-theora: a1e56fd34408186e4bbccfd4996cb3dc -> 
  custom:framework-win-MediaFoundation: 216162199b28c13a410421893ffa2e32 -> 
  custom:CustomObjectIndexerAttribute: 9a22284fe3817be447336de3de66b15e -> 
  custom:container-demuxer-webm: 4f35f7cbe854078d1ac9338744f61a02 -> 
  custom:container-muxer-webm: aa71ff27fc2769a1b78a27578f13a17b -> 
  custom:video-decoder-webm-vp8: 9c59270c3fd7afecdb556c50c9e8de78 -> 
  custom:SearchIndexIgnoredProperties: e643bd26f0fe6173181afceb89e7c659 -> 
  custom:AudioImporter_EditorPlatform: d09bf68614088b80899f8185d706f6e7 -> 
  custom:video-encoder-webm-vp8: eb34c28f22e8b96e1ab97ce403110664 -> 
  custom:audio-decoder-ogg-vorbis: bf7c407c2cedff20999df2af8eb42d56 -> 
  custom:audio-encoder-webm-vorbis: bf7c407c2cedff20999df2af8eb42d56 -> 
========================================================================
Received Prepare
Refreshing native plugins compatible for Editor in 21.17 ms, found 4 plugins.
Preloading 0 native plugins for Editor in 0.00 ms.
Unloading 1 Unused Serialized files (Serialized files now loaded: 0)
Unloading 1 unused Assets / (3.1 KB). Loaded Objects now: 3850.
Memory consumption went from 75.4 MB to 75.4 MB.
Total: 4.558800 ms (FindLiveObjects: 0.360400 ms CreateObjectMapping: 0.278700 ms MarkObjects: 3.882700 ms  DeleteObjects: 0.035600 ms)

Prepare: number of updated asset objects reloaded= 0
AssetImportParameters requested are different than current active one (requested -> active):
  custom:container-demuxer-ogg: 62fdf1f143b41e24485cea50d1cbac27 -> 
  custom:video-codec-MediaFoundation-h265: 746d11721c4dcdbdad8f713fa42b33f4 -> 
  custom:video-decoder-ogg-theora: a1e56fd34408186e4bbccfd4996cb3dc -> 
  custom:framework-win-MediaFoundation: 216162199b28c13a410421893ffa2e32 -> 
  custom:CustomObjectIndexerAttribute: 9a22284fe3817be447336de3de66b15e -> 
  custom:container-demuxer-webm: 4f35f7cbe854078d1ac9338744f61a02 -> 
  custom:container-muxer-webm: aa71ff27fc2769a1b78a27578f13a17b -> 
  custom:video-decoder-webm-vp8: 9c59270c3fd7afecdb556c50c9e8de78 -> 
  custom:SearchIndexIgnoredProperties: e643bd26f0fe6173181afceb89e7c659 -> 
  custom:AudioImporter_EditorPlatform: d09bf68614088b80899f8185d706f6e7 -> 
  custom:video-encoder-webm-vp8: eb34c28f22e8b96e1ab97ce403110664 -> 
  custom:audio-decoder-ogg-vorbis: bf7c407c2cedff20999df2af8eb42d56 -> 
  custom:audio-encoder-webm-vorbis: bf7c407c2cedff20999df2af8eb42d56 -> 
========================================================================
Received Prepare
Refreshing native plugins compatible for Editor in 17.26 ms, found 4 plugins.
Preloading 0 native plugins for Editor in 0.00 ms.
Unloading 1 Unused Serialized files (Serialized files now loaded: 0)
Unloading 1 unused Assets / (3.1 KB). Loaded Objects now: 3850.
Memory consumption went from 75.4 MB to 75.4 MB.
Total: 5.539200 ms (FindLiveObjects: 0.396900 ms CreateObjectMapping: 0.320600 ms MarkObjects: 4.776800 ms  DeleteObjects: 0.043300 ms)

Prepare: number of updated asset objects reloaded= 0
AssetImportParameters requested are different than current active one (requested -> active):
  custom:container-demuxer-ogg: 62fdf1f143b41e24485cea50d1cbac27 -> 
  custom:video-codec-MediaFoundation-h265: 746d11721c4dcdbdad8f713fa42b33f4 -> 
  custom:video-decoder-ogg-theora: a1e56fd34408186e4bbccfd4996cb3dc -> 
  custom:framework-win-MediaFoundation: 216162199b28c13a410421893ffa2e32 -> 
  custom:CustomObjectIndexerAttribute: 9a22284fe3817be447336de3de66b15e -> 
  custom:container-demuxer-webm: 4f35f7cbe854078d1ac9338744f61a02 -> 
  custom:container-muxer-webm: aa71ff27fc2769a1b78a27578f13a17b -> 
  custom:video-decoder-webm-vp8: 9c59270c3fd7afecdb556c50c9e8de78 -> 
  custom:SearchIndexIgnoredProperties: e643bd26f0fe6173181afceb89e7c659 -> 
  custom:AudioImporter_EditorPlatform: d09bf68614088b80899f8185d706f6e7 -> 
  custom:video-encoder-webm-vp8: eb34c28f22e8b96e1ab97ce403110664 -> 
  custom:audio-decoder-ogg-vorbis: bf7c407c2cedff20999df2af8eb42d56 -> 
  custom:audio-encoder-webm-vorbis: bf7c407c2cedff20999df2af8eb42d56 -> 
========================================================================
Received Prepare
Caller must complete domain reload
Begin MonoManager ReloadAssembly
- Loaded All Assemblies, in  0.952 seconds
Native extension for WindowsStandalone target not found
Native extension for WebGL target not found
Mono: successfully reloaded assembly
- Finished resetting the current domain, in  2.129 seconds
Domain Reload Profiling: 3068ms
	BeginReloadAssembly (282ms)
		ExecutionOrderSort (0ms)
		DisableScriptedObjects (10ms)
		BackupInstance (0ms)
		ReleaseScriptingObjects (0ms)
		CreateAndSetChildDomain (53ms)
	RebuildCommonClasses (70ms)
	RebuildNativeTypeToScriptingClass (22ms)
	initialDomainReloadingComplete (74ms)
	LoadAllAssembliesAndSetupDomain (490ms)
		LoadAssemblies (628ms)
		RebuildTransferFunctionScriptingTraits (0ms)
		AnalyzeDomain (24ms)
			TypeCache.Refresh (9ms)
				TypeCache.ScanAssembly (0ms)
			ScanForSourceGeneratedMonoScriptInfo (0ms)
			ResolveRequiredComponents (11ms)
	FinalizeReload (2130ms)
		ReleaseScriptCaches (0ms)
		RebuildScriptCaches (0ms)
		SetupLoadedEditorAssemblies (892ms)
			LogAssemblyErrors (0ms)
			InitializePlatformSupportModulesInManaged (19ms)
			SetLoadedEditorAssemblies (8ms)
			RefreshPlugins (0ms)
			BeforeProcessingInitializeOnLoad (148ms)
			ProcessInitializeOnLoadAttributes (635ms)
			ProcessInitializeOnLoadMethodAttributes (53ms)
			AfterProcessingInitializeOnLoad (29ms)
			EditorAssembliesLoaded (0ms)
		ExecutionOrderSort2 (0ms)
		AwakeInstancesAfterBackupRestoration (22ms)
Refreshing native plugins compatible for Editor in 22.52 ms, found 4 plugins.
Preloading 0 native plugins for Editor in 0.00 ms.
Unloading 3252 Unused Serialized files (Serialized files now loaded: 0)
Unloading 16 unused Assets / (28.5 KB). Loaded Objects now: 3853.
Memory consumption went from 126.1 MB to 126.1 MB.
Total: 5.362400 ms (FindLiveObjects: 0.466700 ms CreateObjectMapping: 0.517400 ms MarkObjects: 4.311900 ms  DeleteObjects: 0.065000 ms)

Prepare: number of updated asset objects reloaded= 0
AssetImportParameters requested are different than current active one (requested -> active):
  custom:container-demuxer-ogg: 62fdf1f143b41e24485cea50d1cbac27 -> 
  custom:video-codec-MediaFoundation-h265: 746d11721c4dcdbdad8f713fa42b33f4 -> 
  custom:video-decoder-ogg-theora: a1e56fd34408186e4bbccfd4996cb3dc -> 
  custom:framework-win-MediaFoundation: 216162199b28c13a410421893ffa2e32 -> 
  custom:CustomObjectIndexerAttribute: 9a22284fe3817be447336de3de66b15e -> 
  custom:container-demuxer-webm: 4f35f7cbe854078d1ac9338744f61a02 -> 
  custom:container-muxer-webm: aa71ff27fc2769a1b78a27578f13a17b -> 
  custom:video-decoder-webm-vp8: 9c59270c3fd7afecdb556c50c9e8de78 -> 
  custom:SearchIndexIgnoredProperties: e643bd26f0fe6173181afceb89e7c659 -> 
  custom:AudioImporter_EditorPlatform: d09bf68614088b80899f8185d706f6e7 -> 
  custom:video-encoder-webm-vp8: eb34c28f22e8b96e1ab97ce403110664 -> 
  custom:audio-decoder-ogg-vorbis: bf7c407c2cedff20999df2af8eb42d56 -> 
  custom:audio-encoder-webm-vorbis: bf7c407c2cedff20999df2af8eb42d56 -> 
========================================================================
Received Prepare
Refreshing native plugins compatible for Editor in 27.70 ms, found 4 plugins.
Preloading 0 native plugins for Editor in 0.00 ms.
Unloading 1 Unused Serialized files (Serialized files now loaded: 0)
Unloading 1 unused Assets / (3.1 KB). Loaded Objects now: 3853.
Memory consumption went from 75.8 MB to 75.8 MB.
Total: 18.437900 ms (FindLiveObjects: 0.724300 ms CreateObjectMapping: 0.344600 ms MarkObjects: 17.230800 ms  DeleteObjects: 0.131200 ms)

Prepare: number of updated asset objects reloaded= 0
AssetImportParameters requested are different than current active one (requested -> active):
  custom:container-demuxer-ogg: 62fdf1f143b41e24485cea50d1cbac27 -> 
  custom:video-codec-MediaFoundation-h265: 746d11721c4dcdbdad8f713fa42b33f4 -> 
  custom:video-decoder-ogg-theora: a1e56fd34408186e4bbccfd4996cb3dc -> 
  custom:framework-win-MediaFoundation: 216162199b28c13a410421893ffa2e32 -> 
  custom:CustomObjectIndexerAttribute: 9a22284fe3817be447336de3de66b15e -> 
  custom:container-demuxer-webm: 4f35f7cbe854078d1ac9338744f61a02 -> 
  custom:container-muxer-webm: aa71ff27fc2769a1b78a27578f13a17b -> 
  custom:video-decoder-webm-vp8: 9c59270c3fd7afecdb556c50c9e8de78 -> 
  custom:SearchIndexIgnoredProperties: e643bd26f0fe6173181afceb89e7c659 -> 
  custom:AudioImporter_EditorPlatform: d09bf68614088b80899f8185d706f6e7 -> 
  custom:video-encoder-webm-vp8: eb34c28f22e8b96e1ab97ce403110664 -> 
  custom:audio-decoder-ogg-vorbis: bf7c407c2cedff20999df2af8eb42d56 -> 
  custom:audio-encoder-webm-vorbis: bf7c407c2cedff20999df2af8eb42d56 -> 
========================================================================
Received Prepare
Refreshing native plugins compatible for Editor in 18.83 ms, found 4 plugins.
Preloading 0 native plugins for Editor in 0.00 ms.
Unloading 1 Unused Serialized files (Serialized files now loaded: 0)
Unloading 1 unused Assets / (3.1 KB). Loaded Objects now: 3853.
Memory consumption went from 75.4 MB to 75.4 MB.
Total: 5.701100 ms (FindLiveObjects: 0.439200 ms CreateObjectMapping: 0.443100 ms MarkObjects: 4.783200 ms  DeleteObjects: 0.034200 ms)

Prepare: number of updated asset objects reloaded= 0
AssetImportParameters requested are different than current active one (requested -> active):
  custom:container-demuxer-ogg: 62fdf1f143b41e24485cea50d1cbac27 -> 
  custom:video-codec-MediaFoundation-h265: 746d11721c4dcdbdad8f713fa42b33f4 -> 
  custom:video-decoder-ogg-theora: a1e56fd34408186e4bbccfd4996cb3dc -> 
  custom:framework-win-MediaFoundation: 216162199b28c13a410421893ffa2e32 -> 
  custom:CustomObjectIndexerAttribute: 9a22284fe3817be447336de3de66b15e -> 
  custom:container-demuxer-webm: 4f35f7cbe854078d1ac9338744f61a02 -> 
  custom:container-muxer-webm: aa71ff27fc2769a1b78a27578f13a17b -> 
  custom:video-decoder-webm-vp8: 9c59270c3fd7afecdb556c50c9e8de78 -> 
  custom:SearchIndexIgnoredProperties: e643bd26f0fe6173181afceb89e7c659 -> 
  custom:AudioImporter_EditorPlatform: d09bf68614088b80899f8185d706f6e7 -> 
  custom:video-encoder-webm-vp8: eb34c28f22e8b96e1ab97ce403110664 -> 
  custom:audio-decoder-ogg-vorbis: bf7c407c2cedff20999df2af8eb42d56 -> 
  custom:audio-encoder-webm-vorbis: bf7c407c2cedff20999df2af8eb42d56 -> 
========================================================================
Received Prepare
Refreshing native plugins compatible for Editor in 19.51 ms, found 4 plugins.
Preloading 0 native plugins for Editor in 0.00 ms.
Unloading 1 Unused Serialized files (Serialized files now loaded: 0)
Unloading 1 unused Assets / (3.1 KB). Loaded Objects now: 3853.
Memory consumption went from 75.4 MB to 75.4 MB.
Total: 5.971100 ms (FindLiveObjects: 0.395100 ms CreateObjectMapping: 0.395500 ms MarkObjects: 5.129600 ms  DeleteObjects: 0.049400 ms)

Prepare: number of updated asset objects reloaded= 0
AssetImportParameters requested are different than current active one (requested -> active):
  custom:container-demuxer-ogg: 62fdf1f143b41e24485cea50d1cbac27 -> 
  custom:video-codec-MediaFoundation-h265: 746d11721c4dcdbdad8f713fa42b33f4 -> 
  custom:video-decoder-ogg-theora: a1e56fd34408186e4bbccfd4996cb3dc -> 
  custom:framework-win-MediaFoundation: 216162199b28c13a410421893ffa2e32 -> 
  custom:CustomObjectIndexerAttribute: 9a22284fe3817be447336de3de66b15e -> 
  custom:container-demuxer-webm: 4f35f7cbe854078d1ac9338744f61a02 -> 
  custom:container-muxer-webm: aa71ff27fc2769a1b78a27578f13a17b -> 
  custom:video-decoder-webm-vp8: 9c59270c3fd7afecdb556c50c9e8de78 -> 
  custom:SearchIndexIgnoredProperties: e643bd26f0fe6173181afceb89e7c659 -> 
  custom:AudioImporter_EditorPlatform: d09bf68614088b80899f8185d706f6e7 -> 
  custom:video-encoder-webm-vp8: eb34c28f22e8b96e1ab97ce403110664 -> 
  custom:audio-decoder-ogg-vorbis: bf7c407c2cedff20999df2af8eb42d56 -> 
  custom:audio-encoder-webm-vorbis: bf7c407c2cedff20999df2af8eb42d56 -> 
========================================================================
Received Prepare
Refreshing native plugins compatible for Editor in 20.88 ms, found 4 plugins.
Preloading 0 native plugins for Editor in 0.00 ms.
Unloading 1 Unused Serialized files (Serialized files now loaded: 0)
Unloading 1 unused Assets / (3.1 KB). Loaded Objects now: 3853.
Memory consumption went from 75.4 MB to 75.4 MB.
Total: 7.895900 ms (FindLiveObjects: 0.375900 ms CreateObjectMapping: 0.597000 ms MarkObjects: 6.839400 ms  DeleteObjects: 0.082300 ms)

Prepare: number of updated asset objects reloaded= 0
AssetImportParameters requested are different than current active one (requested -> active):
  custom:container-demuxer-ogg: 62fdf1f143b41e24485cea50d1cbac27 -> 
  custom:video-codec-MediaFoundation-h265: 746d11721c4dcdbdad8f713fa42b33f4 -> 
  custom:video-decoder-ogg-theora: a1e56fd34408186e4bbccfd4996cb3dc -> 
  custom:framework-win-MediaFoundation: 216162199b28c13a410421893ffa2e32 -> 
  custom:CustomObjectIndexerAttribute: 9a22284fe3817be447336de3de66b15e -> 
  custom:container-demuxer-webm: 4f35f7cbe854078d1ac9338744f61a02 -> 
  custom:container-muxer-webm: aa71ff27fc2769a1b78a27578f13a17b -> 
  custom:video-decoder-webm-vp8: 9c59270c3fd7afecdb556c50c9e8de78 -> 
  custom:SearchIndexIgnoredProperties: e643bd26f0fe6173181afceb89e7c659 -> 
  custom:AudioImporter_EditorPlatform: d09bf68614088b80899f8185d706f6e7 -> 
  custom:video-encoder-webm-vp8: eb34c28f22e8b96e1ab97ce403110664 -> 
  custom:audio-decoder-ogg-vorbis: bf7c407c2cedff20999df2af8eb42d56 -> 
  custom:audio-encoder-webm-vorbis: bf7c407c2cedff20999df2af8eb42d56 -> 
========================================================================
Received Prepare
Refreshing native plugins compatible for Editor in 23.31 ms, found 4 plugins.
Preloading 0 native plugins for Editor in 0.00 ms.
Unloading 1 Unused Serialized files (Serialized files now loaded: 0)
Unloading 1 unused Assets / (3.1 KB). Loaded Objects now: 3853.
Memory consumption went from 75.4 MB to 75.4 MB.
Total: 8.370000 ms (FindLiveObjects: 0.447100 ms CreateObjectMapping: 0.388800 ms MarkObjects: 7.489100 ms  DeleteObjects: 0.043500 ms)

Prepare: number of updated asset objects reloaded= 0
AssetImportParameters requested are different than current active one (requested -> active):
  custom:container-demuxer-ogg: 62fdf1f143b41e24485cea50d1cbac27 -> 
  custom:video-codec-MediaFoundation-h265: 746d11721c4dcdbdad8f713fa42b33f4 -> 
  custom:video-decoder-ogg-theora: a1e56fd34408186e4bbccfd4996cb3dc -> 
  custom:framework-win-MediaFoundation: 216162199b28c13a410421893ffa2e32 -> 
  custom:CustomObjectIndexerAttribute: 9a22284fe3817be447336de3de66b15e -> 
  custom:container-demuxer-webm: 4f35f7cbe854078d1ac9338744f61a02 -> 
  custom:container-muxer-webm: aa71ff27fc2769a1b78a27578f13a17b -> 
  custom:video-decoder-webm-vp8: 9c59270c3fd7afecdb556c50c9e8de78 -> 
  custom:SearchIndexIgnoredProperties: e643bd26f0fe6173181afceb89e7c659 -> 
  custom:AudioImporter_EditorPlatform: d09bf68614088b80899f8185d706f6e7 -> 
  custom:video-encoder-webm-vp8: eb34c28f22e8b96e1ab97ce403110664 -> 
  custom:audio-decoder-ogg-vorbis: bf7c407c2cedff20999df2af8eb42d56 -> 
  custom:audio-encoder-webm-vorbis: bf7c407c2cedff20999df2af8eb42d56 -> 
========================================================================
Received Prepare
Refreshing native plugins compatible for Editor in 16.53 ms, found 4 plugins.
Preloading 0 native plugins for Editor in 0.00 ms.
Unloading 1 Unused Serialized files (Serialized files now loaded: 0)
Unloading 1 unused Assets / (3.1 KB). Loaded Objects now: 3853.
Memory consumption went from 75.4 MB to 75.4 MB.
Total: 4.382000 ms (FindLiveObjects: 0.371700 ms CreateObjectMapping: 0.291800 ms MarkObjects: 3.687400 ms  DeleteObjects: 0.029700 ms)

Prepare: number of updated asset objects reloaded= 0
AssetImportParameters requested are different than current active one (requested -> active):
  custom:container-demuxer-ogg: 62fdf1f143b41e24485cea50d1cbac27 -> 
  custom:video-codec-MediaFoundation-h265: 746d11721c4dcdbdad8f713fa42b33f4 -> 
  custom:video-decoder-ogg-theora: a1e56fd34408186e4bbccfd4996cb3dc -> 
  custom:framework-win-MediaFoundation: 216162199b28c13a410421893ffa2e32 -> 
  custom:CustomObjectIndexerAttribute: 9a22284fe3817be447336de3de66b15e -> 
  custom:container-demuxer-webm: 4f35f7cbe854078d1ac9338744f61a02 -> 
  custom:container-muxer-webm: aa71ff27fc2769a1b78a27578f13a17b -> 
  custom:video-decoder-webm-vp8: 9c59270c3fd7afecdb556c50c9e8de78 -> 
  custom:SearchIndexIgnoredProperties: e643bd26f0fe6173181afceb89e7c659 -> 
  custom:AudioImporter_EditorPlatform: d09bf68614088b80899f8185d706f6e7 -> 
  custom:video-encoder-webm-vp8: eb34c28f22e8b96e1ab97ce403110664 -> 
  custom:audio-decoder-ogg-vorbis: bf7c407c2cedff20999df2af8eb42d56 -> 
  custom:audio-encoder-webm-vorbis: bf7c407c2cedff20999df2af8eb42d56 -> 
========================================================================
Received Prepare
Refreshing native plugins compatible for Editor in 28.15 ms, found 4 plugins.
Preloading 0 native plugins for Editor in 0.00 ms.
Unloading 1 Unused Serialized files (Serialized files now loaded: 0)
Unloading 1 unused Assets / (3.1 KB). Loaded Objects now: 3853.
Memory consumption went from 75.4 MB to 75.4 MB.
Total: 7.773500 ms (FindLiveObjects: 0.572900 ms CreateObjectMapping: 0.417600 ms MarkObjects: 6.739300 ms  DeleteObjects: 0.041700 ms)

Prepare: number of updated asset objects reloaded= 0
AssetImportParameters requested are different than current active one (requested -> active):
  custom:container-demuxer-ogg: 62fdf1f143b41e24485cea50d1cbac27 -> 
  custom:video-codec-MediaFoundation-h265: 746d11721c4dcdbdad8f713fa42b33f4 -> 
  custom:video-decoder-ogg-theora: a1e56fd34408186e4bbccfd4996cb3dc -> 
  custom:framework-win-MediaFoundation: 216162199b28c13a410421893ffa2e32 -> 
  custom:CustomObjectIndexerAttribute: 9a22284fe3817be447336de3de66b15e -> 
  custom:container-demuxer-webm: 4f35f7cbe854078d1ac9338744f61a02 -> 
  custom:container-muxer-webm: aa71ff27fc2769a1b78a27578f13a17b -> 
  custom:video-decoder-webm-vp8: 9c59270c3fd7afecdb556c50c9e8de78 -> 
  custom:SearchIndexIgnoredProperties: e643bd26f0fe6173181afceb89e7c659 -> 
  custom:AudioImporter_EditorPlatform: d09bf68614088b80899f8185d706f6e7 -> 
  custom:video-encoder-webm-vp8: eb34c28f22e8b96e1ab97ce403110664 -> 
  custom:audio-decoder-ogg-vorbis: bf7c407c2cedff20999df2af8eb42d56 -> 
  custom:audio-encoder-webm-vorbis: bf7c407c2cedff20999df2af8eb42d56 -> 
========================================================================
Received Prepare
Refreshing native plugins compatible for Editor in 20.85 ms, found 4 plugins.
Preloading 0 native plugins for Editor in 0.00 ms.
Unloading 1 Unused Serialized files (Serialized files now loaded: 0)
Unloading 1 unused Assets / (3.1 KB). Loaded Objects now: 3853.
Memory consumption went from 75.4 MB to 75.4 MB.
Total: 6.603600 ms (FindLiveObjects: 0.386700 ms CreateObjectMapping: 0.336300 ms MarkObjects: 5.843400 ms  DeleteObjects: 0.035400 ms)

Prepare: number of updated asset objects reloaded= 0
AssetImportParameters requested are different than current active one (requested -> active):
  custom:container-demuxer-ogg: 62fdf1f143b41e24485cea50d1cbac27 -> 
  custom:video-codec-MediaFoundation-h265: 746d11721c4dcdbdad8f713fa42b33f4 -> 
  custom:video-decoder-ogg-theora: a1e56fd34408186e4bbccfd4996cb3dc -> 
  custom:framework-win-MediaFoundation: 216162199b28c13a410421893ffa2e32 -> 
  custom:CustomObjectIndexerAttribute: 9a22284fe3817be447336de3de66b15e -> 
  custom:container-demuxer-webm: 4f35f7cbe854078d1ac9338744f61a02 -> 
  custom:container-muxer-webm: aa71ff27fc2769a1b78a27578f13a17b -> 
  custom:video-decoder-webm-vp8: 9c59270c3fd7afecdb556c50c9e8de78 -> 
  custom:SearchIndexIgnoredProperties: e643bd26f0fe6173181afceb89e7c659 -> 
  custom:AudioImporter_EditorPlatform: d09bf68614088b80899f8185d706f6e7 -> 
  custom:video-encoder-webm-vp8: eb34c28f22e8b96e1ab97ce403110664 -> 
  custom:audio-decoder-ogg-vorbis: bf7c407c2cedff20999df2af8eb42d56 -> 
  custom:audio-encoder-webm-vorbis: bf7c407c2cedff20999df2af8eb42d56 -> 
========================================================================
Received Prepare
Refreshing native plugins compatible for Editor in 22.13 ms, found 4 plugins.
Preloading 0 native plugins for Editor in 0.00 ms.
Unloading 1 Unused Serialized files (Serialized files now loaded: 0)
Unloading 1 unused Assets / (3.1 KB). Loaded Objects now: 3853.
Memory consumption went from 75.4 MB to 75.4 MB.
Total: 8.006600 ms (FindLiveObjects: 0.557000 ms CreateObjectMapping: 0.613500 ms MarkObjects: 6.788500 ms  DeleteObjects: 0.045900 ms)

Prepare: number of updated asset objects reloaded= 0
AssetImportParameters requested are different than current active one (requested -> active):
  custom:container-demuxer-ogg: 62fdf1f143b41e24485cea50d1cbac27 -> 
  custom:video-codec-MediaFoundation-h265: 746d11721c4dcdbdad8f713fa42b33f4 -> 
  custom:video-decoder-ogg-theora: a1e56fd34408186e4bbccfd4996cb3dc -> 
  custom:framework-win-MediaFoundation: 216162199b28c13a410421893ffa2e32 -> 
  custom:CustomObjectIndexerAttribute: 9a22284fe3817be447336de3de66b15e -> 
  custom:container-demuxer-webm: 4f35f7cbe854078d1ac9338744f61a02 -> 
  custom:container-muxer-webm: aa71ff27fc2769a1b78a27578f13a17b -> 
  custom:video-decoder-webm-vp8: 9c59270c3fd7afecdb556c50c9e8de78 -> 
  custom:SearchIndexIgnoredProperties: e643bd26f0fe6173181afceb89e7c659 -> 
  custom:AudioImporter_EditorPlatform: d09bf68614088b80899f8185d706f6e7 -> 
  custom:video-encoder-webm-vp8: eb34c28f22e8b96e1ab97ce403110664 -> 
  custom:audio-decoder-ogg-vorbis: bf7c407c2cedff20999df2af8eb42d56 -> 
  custom:audio-encoder-webm-vorbis: bf7c407c2cedff20999df2af8eb42d56 -> 
========================================================================
Received Prepare
Refreshing native plugins compatible for Editor in 23.62 ms, found 4 plugins.
Preloading 0 native plugins for Editor in 0.00 ms.
Unloading 1 Unused Serialized files (Serialized files now loaded: 0)
Unloading 1 unused Assets / (3.1 KB). Loaded Objects now: 3853.
Memory consumption went from 75.4 MB to 75.4 MB.
Total: 5.938700 ms (FindLiveObjects: 0.545100 ms CreateObjectMapping: 0.406600 ms MarkObjects: 4.952600 ms  DeleteObjects: 0.032700 ms)

Prepare: number of updated asset objects reloaded= 0
AssetImportParameters requested are different than current active one (requested -> active):
  custom:container-demuxer-ogg: 62fdf1f143b41e24485cea50d1cbac27 -> 
  custom:video-codec-MediaFoundation-h265: 746d11721c4dcdbdad8f713fa42b33f4 -> 
  custom:video-decoder-ogg-theora: a1e56fd34408186e4bbccfd4996cb3dc -> 
  custom:framework-win-MediaFoundation: 216162199b28c13a410421893ffa2e32 -> 
  custom:CustomObjectIndexerAttribute: 9a22284fe3817be447336de3de66b15e -> 
  custom:container-demuxer-webm: 4f35f7cbe854078d1ac9338744f61a02 -> 
  custom:container-muxer-webm: aa71ff27fc2769a1b78a27578f13a17b -> 
  custom:video-decoder-webm-vp8: 9c59270c3fd7afecdb556c50c9e8de78 -> 
  custom:SearchIndexIgnoredProperties: e643bd26f0fe6173181afceb89e7c659 -> 
  custom:AudioImporter_EditorPlatform: d09bf68614088b80899f8185d706f6e7 -> 
  custom:video-encoder-webm-vp8: eb34c28f22e8b96e1ab97ce403110664 -> 
  custom:audio-decoder-ogg-vorbis: bf7c407c2cedff20999df2af8eb42d56 -> 
  custom:audio-encoder-webm-vorbis: bf7c407c2cedff20999df2af8eb42d56 -> 
========================================================================
Received Prepare
Refreshing native plugins compatible for Editor in 20.52 ms, found 4 plugins.
Preloading 0 native plugins for Editor in 0.00 ms.
Unloading 1 Unused Serialized files (Serialized files now loaded: 0)
Unloading 1 unused Assets / (3.1 KB). Loaded Objects now: 3853.
Memory consumption went from 75.4 MB to 75.4 MB.
Total: 8.904700 ms (FindLiveObjects: 0.859700 ms CreateObjectMapping: 0.383500 ms MarkObjects: 7.627800 ms  DeleteObjects: 0.032400 ms)

Prepare: number of updated asset objects reloaded= 0
AssetImportParameters requested are different than current active one (requested -> active):
  custom:container-demuxer-ogg: 62fdf1f143b41e24485cea50d1cbac27 -> 
  custom:video-codec-MediaFoundation-h265: 746d11721c4dcdbdad8f713fa42b33f4 -> 
  custom:video-decoder-ogg-theora: a1e56fd34408186e4bbccfd4996cb3dc -> 
  custom:framework-win-MediaFoundation: 216162199b28c13a410421893ffa2e32 -> 
  custom:CustomObjectIndexerAttribute: 9a22284fe3817be447336de3de66b15e -> 
  custom:container-demuxer-webm: 4f35f7cbe854078d1ac9338744f61a02 -> 
  custom:container-muxer-webm: aa71ff27fc2769a1b78a27578f13a17b -> 
  custom:video-decoder-webm-vp8: 9c59270c3fd7afecdb556c50c9e8de78 -> 
  custom:SearchIndexIgnoredProperties: e643bd26f0fe6173181afceb89e7c659 -> 
  custom:AudioImporter_EditorPlatform: d09bf68614088b80899f8185d706f6e7 -> 
  custom:video-encoder-webm-vp8: eb34c28f22e8b96e1ab97ce403110664 -> 
  custom:audio-decoder-ogg-vorbis: bf7c407c2cedff20999df2af8eb42d56 -> 
  custom:audio-encoder-webm-vorbis: bf7c407c2cedff20999df2af8eb42d56 -> 
========================================================================
Received Prepare
Refreshing native plugins compatible for Editor in 17.21 ms, found 4 plugins.
Preloading 0 native plugins for Editor in 0.00 ms.
Unloading 1 Unused Serialized files (Serialized files now loaded: 0)
Unloading 1 unused Assets / (3.1 KB). Loaded Objects now: 3853.
Memory consumption went from 75.4 MB to 75.4 MB.
Total: 4.507000 ms (FindLiveObjects: 0.368700 ms CreateObjectMapping: 0.308700 ms MarkObjects: 3.797900 ms  DeleteObjects: 0.030700 ms)

Prepare: number of updated asset objects reloaded= 0
AssetImportParameters requested are different than current active one (requested -> active):
  custom:container-demuxer-ogg: 62fdf1f143b41e24485cea50d1cbac27 -> 
  custom:video-codec-MediaFoundation-h265: 746d11721c4dcdbdad8f713fa42b33f4 -> 
  custom:video-decoder-ogg-theora: a1e56fd34408186e4bbccfd4996cb3dc -> 
  custom:framework-win-MediaFoundation: 216162199b28c13a410421893ffa2e32 -> 
  custom:CustomObjectIndexerAttribute: 9a22284fe3817be447336de3de66b15e -> 
  custom:container-demuxer-webm: 4f35f7cbe854078d1ac9338744f61a02 -> 
  custom:container-muxer-webm: aa71ff27fc2769a1b78a27578f13a17b -> 
  custom:video-decoder-webm-vp8: 9c59270c3fd7afecdb556c50c9e8de78 -> 
  custom:SearchIndexIgnoredProperties: e643bd26f0fe6173181afceb89e7c659 -> 
  custom:AudioImporter_EditorPlatform: d09bf68614088b80899f8185d706f6e7 -> 
  custom:video-encoder-webm-vp8: eb34c28f22e8b96e1ab97ce403110664 -> 
  custom:audio-decoder-ogg-vorbis: bf7c407c2cedff20999df2af8eb42d56 -> 
  custom:audio-encoder-webm-vorbis: bf7c407c2cedff20999df2af8eb42d56 -> 
========================================================================
Received Prepare
Refreshing native plugins compatible for Editor in 24.28 ms, found 4 plugins.
Preloading 0 native plugins for Editor in 0.00 ms.
Unloading 1 Unused Serialized files (Serialized files now loaded: 0)
Unloading 1 unused Assets / (3.1 KB). Loaded Objects now: 3853.
Memory consumption went from 75.4 MB to 75.4 MB.
Total: 44.801000 ms (FindLiveObjects: 2.946400 ms CreateObjectMapping: 0.517300 ms MarkObjects: 41.135100 ms  DeleteObjects: 0.193000 ms)

Prepare: number of updated asset objects reloaded= 0
AssetImportParameters requested are different than current active one (requested -> active):
  custom:container-demuxer-ogg: 62fdf1f143b41e24485cea50d1cbac27 -> 
  custom:video-codec-MediaFoundation-h265: 746d11721c4dcdbdad8f713fa42b33f4 -> 
  custom:video-decoder-ogg-theora: a1e56fd34408186e4bbccfd4996cb3dc -> 
  custom:framework-win-MediaFoundation: 216162199b28c13a410421893ffa2e32 -> 
  custom:CustomObjectIndexerAttribute: 9a22284fe3817be447336de3de66b15e -> 
  custom:container-demuxer-webm: 4f35f7cbe854078d1ac9338744f61a02 -> 
  custom:container-muxer-webm: aa71ff27fc2769a1b78a27578f13a17b -> 
  custom:video-decoder-webm-vp8: 9c59270c3fd7afecdb556c50c9e8de78 -> 
  custom:SearchIndexIgnoredProperties: e643bd26f0fe6173181afceb89e7c659 -> 
  custom:AudioImporter_EditorPlatform: d09bf68614088b80899f8185d706f6e7 -> 
  custom:video-encoder-webm-vp8: eb34c28f22e8b96e1ab97ce403110664 -> 
  custom:audio-decoder-ogg-vorbis: bf7c407c2cedff20999df2af8eb42d56 -> 
  custom:audio-encoder-webm-vorbis: bf7c407c2cedff20999df2af8eb42d56 -> 
========================================================================
Received Prepare
Refreshing native plugins compatible for Editor in 19.63 ms, found 4 plugins.
Preloading 0 native plugins for Editor in 0.00 ms.
Unloading 1 Unused Serialized files (Serialized files now loaded: 0)
Unloading 1 unused Assets / (3.1 KB). Loaded Objects now: 3853.
Memory consumption went from 75.4 MB to 75.4 MB.
Total: 4.761800 ms (FindLiveObjects: 0.374300 ms CreateObjectMapping: 0.280000 ms MarkObjects: 4.053600 ms  DeleteObjects: 0.052500 ms)

Prepare: number of updated asset objects reloaded= 0
AssetImportParameters requested are different than current active one (requested -> active):
  custom:container-demuxer-ogg: 62fdf1f143b41e24485cea50d1cbac27 -> 
  custom:video-codec-MediaFoundation-h265: 746d11721c4dcdbdad8f713fa42b33f4 -> 
  custom:video-decoder-ogg-theora: a1e56fd34408186e4bbccfd4996cb3dc -> 
  custom:framework-win-MediaFoundation: 216162199b28c13a410421893ffa2e32 -> 
  custom:CustomObjectIndexerAttribute: 9a22284fe3817be447336de3de66b15e -> 
  custom:container-demuxer-webm: 4f35f7cbe854078d1ac9338744f61a02 -> 
  custom:container-muxer-webm: aa71ff27fc2769a1b78a27578f13a17b -> 
  custom:video-decoder-webm-vp8: 9c59270c3fd7afecdb556c50c9e8de78 -> 
  custom:SearchIndexIgnoredProperties: e643bd26f0fe6173181afceb89e7c659 -> 
  custom:AudioImporter_EditorPlatform: d09bf68614088b80899f8185d706f6e7 -> 
  custom:video-encoder-webm-vp8: eb34c28f22e8b96e1ab97ce403110664 -> 
  custom:audio-decoder-ogg-vorbis: bf7c407c2cedff20999df2af8eb42d56 -> 
  custom:audio-encoder-webm-vorbis: bf7c407c2cedff20999df2af8eb42d56 -> 
========================================================================
Received Prepare
Refreshing native plugins compatible for Editor in 20.36 ms, found 4 plugins.
Preloading 0 native plugins for Editor in 0.00 ms.
Unloading 1 Unused Serialized files (Serialized files now loaded: 0)
Unloading 1 unused Assets / (3.1 KB). Loaded Objects now: 3853.
Memory consumption went from 75.4 MB to 75.4 MB.
Total: 7.409700 ms (FindLiveObjects: 0.618600 ms CreateObjectMapping: 0.569600 ms MarkObjects: 6.176500 ms  DeleteObjects: 0.043400 ms)

Prepare: number of updated asset objects reloaded= 0
AssetImportParameters requested are different than current active one (requested -> active):
  custom:container-demuxer-ogg: 62fdf1f143b41e24485cea50d1cbac27 -> 
  custom:video-codec-MediaFoundation-h265: 746d11721c4dcdbdad8f713fa42b33f4 -> 
  custom:video-decoder-ogg-theora: a1e56fd34408186e4bbccfd4996cb3dc -> 
  custom:framework-win-MediaFoundation: 216162199b28c13a410421893ffa2e32 -> 
  custom:CustomObjectIndexerAttribute: 9a22284fe3817be447336de3de66b15e -> 
  custom:container-demuxer-webm: 4f35f7cbe854078d1ac9338744f61a02 -> 
  custom:container-muxer-webm: aa71ff27fc2769a1b78a27578f13a17b -> 
  custom:video-decoder-webm-vp8: 9c59270c3fd7afecdb556c50c9e8de78 -> 
  custom:SearchIndexIgnoredProperties: e643bd26f0fe6173181afceb89e7c659 -> 
  custom:AudioImporter_EditorPlatform: d09bf68614088b80899f8185d706f6e7 -> 
  custom:video-encoder-webm-vp8: eb34c28f22e8b96e1ab97ce403110664 -> 
  custom:audio-decoder-ogg-vorbis: bf7c407c2cedff20999df2af8eb42d56 -> 
  custom:audio-encoder-webm-vorbis: bf7c407c2cedff20999df2af8eb42d56 -> 
========================================================================
Received Prepare
Refreshing native plugins compatible for Editor in 20.66 ms, found 4 plugins.
Preloading 0 native plugins for Editor in 0.00 ms.
Unloading 1 Unused Serialized files (Serialized files now loaded: 0)
Unloading 1 unused Assets / (3.1 KB). Loaded Objects now: 3853.
Memory consumption went from 75.4 MB to 75.4 MB.
Total: 5.504100 ms (FindLiveObjects: 0.377800 ms CreateObjectMapping: 0.347800 ms MarkObjects: 4.742500 ms  DeleteObjects: 0.034500 ms)

Prepare: number of updated asset objects reloaded= 0
AssetImportParameters requested are different than current active one (requested -> active):
  custom:container-demuxer-ogg: 62fdf1f143b41e24485cea50d1cbac27 -> 
  custom:video-codec-MediaFoundation-h265: 746d11721c4dcdbdad8f713fa42b33f4 -> 
  custom:video-decoder-ogg-theora: a1e56fd34408186e4bbccfd4996cb3dc -> 
  custom:framework-win-MediaFoundation: 216162199b28c13a410421893ffa2e32 -> 
  custom:CustomObjectIndexerAttribute: 9a22284fe3817be447336de3de66b15e -> 
  custom:container-demuxer-webm: 4f35f7cbe854078d1ac9338744f61a02 -> 
  custom:container-muxer-webm: aa71ff27fc2769a1b78a27578f13a17b -> 
  custom:video-decoder-webm-vp8: 9c59270c3fd7afecdb556c50c9e8de78 -> 
  custom:SearchIndexIgnoredProperties: e643bd26f0fe6173181afceb89e7c659 -> 
  custom:AudioImporter_EditorPlatform: d09bf68614088b80899f8185d706f6e7 -> 
  custom:video-encoder-webm-vp8: eb34c28f22e8b96e1ab97ce403110664 -> 
  custom:audio-decoder-ogg-vorbis: bf7c407c2cedff20999df2af8eb42d56 -> 
  custom:audio-encoder-webm-vorbis: bf7c407c2cedff20999df2af8eb42d56 -> 
========================================================================
Received Prepare
Refreshing native plugins compatible for Editor in 23.33 ms, found 4 plugins.
Preloading 0 native plugins for Editor in 0.00 ms.
Unloading 1 Unused Serialized files (Serialized files now loaded: 0)
Unloading 1 unused Assets / (3.1 KB). Loaded Objects now: 3853.
Memory consumption went from 75.4 MB to 75.4 MB.
Total: 7.084900 ms (FindLiveObjects: 0.395600 ms CreateObjectMapping: 0.331600 ms MarkObjects: 6.320900 ms  DeleteObjects: 0.035200 ms)

Prepare: number of updated asset objects reloaded= 0
AssetImportParameters requested are different than current active one (requested -> active):
  custom:container-demuxer-ogg: 62fdf1f143b41e24485cea50d1cbac27 -> 
  custom:video-codec-MediaFoundation-h265: 746d11721c4dcdbdad8f713fa42b33f4 -> 
  custom:video-decoder-ogg-theora: a1e56fd34408186e4bbccfd4996cb3dc -> 
  custom:framework-win-MediaFoundation: 216162199b28c13a410421893ffa2e32 -> 
  custom:CustomObjectIndexerAttribute: 9a22284fe3817be447336de3de66b15e -> 
  custom:container-demuxer-webm: 4f35f7cbe854078d1ac9338744f61a02 -> 
  custom:container-muxer-webm: aa71ff27fc2769a1b78a27578f13a17b -> 
  custom:video-decoder-webm-vp8: 9c59270c3fd7afecdb556c50c9e8de78 -> 
  custom:SearchIndexIgnoredProperties: e643bd26f0fe6173181afceb89e7c659 -> 
  custom:AudioImporter_EditorPlatform: d09bf68614088b80899f8185d706f6e7 -> 
  custom:video-encoder-webm-vp8: eb34c28f22e8b96e1ab97ce403110664 -> 
  custom:audio-decoder-ogg-vorbis: bf7c407c2cedff20999df2af8eb42d56 -> 
  custom:audio-encoder-webm-vorbis: bf7c407c2cedff20999df2af8eb42d56 -> 
========================================================================
Received Prepare
Refreshing native plugins compatible for Editor in 19.64 ms, found 4 plugins.
Preloading 0 native plugins for Editor in 0.00 ms.
Unloading 1 Unused Serialized files (Serialized files now loaded: 0)
Unloading 1 unused Assets / (3.1 KB). Loaded Objects now: 3853.
Memory consumption went from 75.4 MB to 75.4 MB.
Total: 4.773700 ms (FindLiveObjects: 0.372200 ms CreateObjectMapping: 0.275200 ms MarkObjects: 4.094100 ms  DeleteObjects: 0.031100 ms)

Prepare: number of updated asset objects reloaded= 0
AssetImportParameters requested are different than current active one (requested -> active):
  custom:container-demuxer-ogg: 62fdf1f143b41e24485cea50d1cbac27 -> 
  custom:video-codec-MediaFoundation-h265: 746d11721c4dcdbdad8f713fa42b33f4 -> 
  custom:video-decoder-ogg-theora: a1e56fd34408186e4bbccfd4996cb3dc -> 
  custom:framework-win-MediaFoundation: 216162199b28c13a410421893ffa2e32 -> 
  custom:CustomObjectIndexerAttribute: 9a22284fe3817be447336de3de66b15e -> 
  custom:container-demuxer-webm: 4f35f7cbe854078d1ac9338744f61a02 -> 
  custom:container-muxer-webm: aa71ff27fc2769a1b78a27578f13a17b -> 
  custom:video-decoder-webm-vp8: 9c59270c3fd7afecdb556c50c9e8de78 -> 
  custom:SearchIndexIgnoredProperties: e643bd26f0fe6173181afceb89e7c659 -> 
  custom:AudioImporter_EditorPlatform: d09bf68614088b80899f8185d706f6e7 -> 
  custom:video-encoder-webm-vp8: eb34c28f22e8b96e1ab97ce403110664 -> 
  custom:audio-decoder-ogg-vorbis: bf7c407c2cedff20999df2af8eb42d56 -> 
  custom:audio-encoder-webm-vorbis: bf7c407c2cedff20999df2af8eb42d56 -> 
========================================================================
Received Prepare
Caller must complete domain reload
Begin MonoManager ReloadAssembly
- Loaded All Assemblies, in  1.390 seconds
Native extension for WindowsStandalone target not found
Native extension for WebGL target not found
Mono: successfully reloaded assembly
- Finished resetting the current domain, in  2.981 seconds
Domain Reload Profiling: 4358ms
	BeginReloadAssembly (440ms)
		ExecutionOrderSort (0ms)
		DisableScriptedObjects (14ms)
		BackupInstance (0ms)
		ReleaseScriptingObjects (0ms)
		CreateAndSetChildDomain (118ms)
	RebuildCommonClasses (72ms)
	RebuildNativeTypeToScriptingClass (27ms)
	initialDomainReloadingComplete (86ms)
	LoadAllAssembliesAndSetupDomain (751ms)
		LoadAssemblies (944ms)
		RebuildTransferFunctionScriptingTraits (0ms)
		AnalyzeDomain (30ms)
			TypeCache.Refresh (13ms)
				TypeCache.ScanAssembly (0ms)
			ScanForSourceGeneratedMonoScriptInfo (0ms)
			ResolveRequiredComponents (13ms)
	FinalizeReload (2982ms)
		ReleaseScriptCaches (0ms)
		RebuildScriptCaches (0ms)
		SetupLoadedEditorAssemblies (1333ms)
			LogAssemblyErrors (0ms)
			InitializePlatformSupportModulesInManaged (25ms)
			SetLoadedEditorAssemblies (11ms)
			RefreshPlugins (0ms)
			BeforeProcessingInitializeOnLoad (201ms)
			ProcessInitializeOnLoadAttributes (979ms)
			ProcessInitializeOnLoadMethodAttributes (76ms)
			AfterProcessingInitializeOnLoad (40ms)
			EditorAssembliesLoaded (0ms)
		ExecutionOrderSort2 (0ms)
		AwakeInstancesAfterBackupRestoration (27ms)
Refreshing native plugins compatible for Editor in 30.27 ms, found 4 plugins.
Preloading 0 native plugins for Editor in 0.00 ms.
Unloading 3252 Unused Serialized files (Serialized files now loaded: 0)
Unloading 16 unused Assets / (28.5 KB). Loaded Objects now: 3856.
Memory consumption went from 126.1 MB to 126.1 MB.
Total: 6.602500 ms (FindLiveObjects: 0.458400 ms CreateObjectMapping: 0.394700 ms MarkObjects: 5.679900 ms  DeleteObjects: 0.067500 ms)

Prepare: number of updated asset objects reloaded= 0
AssetImportParameters requested are different than current active one (requested -> active):
  custom:container-demuxer-ogg: 62fdf1f143b41e24485cea50d1cbac27 -> 
  custom:video-codec-MediaFoundation-h265: 746d11721c4dcdbdad8f713fa42b33f4 -> 
  custom:video-decoder-ogg-theora: a1e56fd34408186e4bbccfd4996cb3dc -> 
  custom:framework-win-MediaFoundation: 216162199b28c13a410421893ffa2e32 -> 
  custom:CustomObjectIndexerAttribute: 9a22284fe3817be447336de3de66b15e -> 
  custom:container-demuxer-webm: 4f35f7cbe854078d1ac9338744f61a02 -> 
  custom:container-muxer-webm: aa71ff27fc2769a1b78a27578f13a17b -> 
  custom:video-decoder-webm-vp8: 9c59270c3fd7afecdb556c50c9e8de78 -> 
  custom:SearchIndexIgnoredProperties: e643bd26f0fe6173181afceb89e7c659 -> 
  custom:AudioImporter_EditorPlatform: d09bf68614088b80899f8185d706f6e7 -> 
  custom:video-encoder-webm-vp8: eb34c28f22e8b96e1ab97ce403110664 -> 
  custom:audio-decoder-ogg-vorbis: bf7c407c2cedff20999df2af8eb42d56 -> 
  custom:audio-encoder-webm-vorbis: bf7c407c2cedff20999df2af8eb42d56 -> 
========================================================================
Received Prepare
Caller must complete domain reload
Begin MonoManager ReloadAssembly
- Loaded All Assemblies, in  1.077 seconds
Native extension for WindowsStandalone target not found
Native extension for WebGL target not found
Mono: successfully reloaded assembly
- Finished resetting the current domain, in  2.372 seconds
Domain Reload Profiling: 3435ms
	BeginReloadAssembly (321ms)
		ExecutionOrderSort (0ms)
		DisableScriptedObjects (13ms)
		BackupInstance (0ms)
		ReleaseScriptingObjects (0ms)
		CreateAndSetChildDomain (60ms)
	RebuildCommonClasses (77ms)
	RebuildNativeTypeToScriptingClass (25ms)
	initialDomainReloadingComplete (76ms)
	LoadAllAssembliesAndSetupDomain (562ms)
		LoadAssemblies (721ms)
		RebuildTransferFunctionScriptingTraits (0ms)
		AnalyzeDomain (28ms)
			TypeCache.Refresh (9ms)
				TypeCache.ScanAssembly (0ms)
			ScanForSourceGeneratedMonoScriptInfo (0ms)
			ResolveRequiredComponents (15ms)
	FinalizeReload (2374ms)
		ReleaseScriptCaches (0ms)
		RebuildScriptCaches (0ms)
		SetupLoadedEditorAssemblies (1017ms)
			LogAssemblyErrors (0ms)
			InitializePlatformSupportModulesInManaged (23ms)
			SetLoadedEditorAssemblies (10ms)
			RefreshPlugins (0ms)
			BeforeProcessingInitializeOnLoad (161ms)
			ProcessInitializeOnLoadAttributes (741ms)
			ProcessInitializeOnLoadMethodAttributes (51ms)
			AfterProcessingInitializeOnLoad (31ms)
			EditorAssembliesLoaded (0ms)
		ExecutionOrderSort2 (0ms)
		AwakeInstancesAfterBackupRestoration (23ms)
Refreshing native plugins compatible for Editor in 20.77 ms, found 4 plugins.
Preloading 0 native plugins for Editor in 0.00 ms.
Unloading 3252 Unused Serialized files (Serialized files now loaded: 0)
Unloading 16 unused Assets / (28.4 KB). Loaded Objects now: 3859.
Memory consumption went from 126.1 MB to 126.1 MB.
Total: 5.067200 ms (FindLiveObjects: 0.393000 ms CreateObjectMapping: 0.308100 ms MarkObjects: 4.279000 ms  DeleteObjects: 0.085200 ms)

Prepare: number of updated asset objects reloaded= 0
AssetImportParameters requested are different than current active one (requested -> active):
  custom:container-demuxer-ogg: 62fdf1f143b41e24485cea50d1cbac27 -> 
  custom:video-codec-MediaFoundation-h265: 746d11721c4dcdbdad8f713fa42b33f4 -> 
  custom:video-decoder-ogg-theora: a1e56fd34408186e4bbccfd4996cb3dc -> 
  custom:framework-win-MediaFoundation: 216162199b28c13a410421893ffa2e32 -> 
  custom:CustomObjectIndexerAttribute: 9a22284fe3817be447336de3de66b15e -> 
  custom:container-demuxer-webm: 4f35f7cbe854078d1ac9338744f61a02 -> 
  custom:container-muxer-webm: aa71ff27fc2769a1b78a27578f13a17b -> 
  custom:video-decoder-webm-vp8: 9c59270c3fd7afecdb556c50c9e8de78 -> 
  custom:SearchIndexIgnoredProperties: e643bd26f0fe6173181afceb89e7c659 -> 
  custom:AudioImporter_EditorPlatform: d09bf68614088b80899f8185d706f6e7 -> 
  custom:video-encoder-webm-vp8: eb34c28f22e8b96e1ab97ce403110664 -> 
  custom:audio-decoder-ogg-vorbis: bf7c407c2cedff20999df2af8eb42d56 -> 
  custom:audio-encoder-webm-vorbis: bf7c407c2cedff20999df2af8eb42d56 -> 
========================================================================
Received Prepare
Caller must complete domain reload
Begin MonoManager ReloadAssembly
- Loaded All Assemblies, in  1.041 seconds
Native extension for WindowsStandalone target not found
Native extension for WebGL target not found
Mono: successfully reloaded assembly
- Finished resetting the current domain, in  2.315 seconds
Domain Reload Profiling: 3340ms
	BeginReloadAssembly (324ms)
		ExecutionOrderSort (0ms)
		DisableScriptedObjects (11ms)
		BackupInstance (0ms)
		ReleaseScriptingObjects (0ms)
		CreateAndSetChildDomain (64ms)
	RebuildCommonClasses (85ms)
	RebuildNativeTypeToScriptingClass (22ms)
	initialDomainReloadingComplete (85ms)
	LoadAllAssembliesAndSetupDomain (507ms)
		LoadAssemblies (664ms)
		RebuildTransferFunctionScriptingTraits (0ms)
		AnalyzeDomain (26ms)
			TypeCache.Refresh (10ms)
				TypeCache.ScanAssembly (0ms)
			ScanForSourceGeneratedMonoScriptInfo (0ms)
			ResolveRequiredComponents (12ms)
	FinalizeReload (2316ms)
		ReleaseScriptCaches (0ms)
		RebuildScriptCaches (0ms)
		SetupLoadedEditorAssemblies (971ms)
			LogAssemblyErrors (0ms)
			InitializePlatformSupportModulesInManaged (20ms)
			SetLoadedEditorAssemblies (9ms)
			RefreshPlugins (0ms)
			BeforeProcessingInitializeOnLoad (161ms)
			ProcessInitializeOnLoadAttributes (692ms)
			ProcessInitializeOnLoadMethodAttributes (56ms)
			AfterProcessingInitializeOnLoad (33ms)
			EditorAssembliesLoaded (0ms)
		ExecutionOrderSort2 (0ms)
		AwakeInstancesAfterBackupRestoration (21ms)
Refreshing native plugins compatible for Editor in 21.49 ms, found 4 plugins.
Preloading 0 native plugins for Editor in 0.00 ms.
Unloading 3252 Unused Serialized files (Serialized files now loaded: 0)
Unloading 16 unused Assets / (28.5 KB). Loaded Objects now: 3862.
Memory consumption went from 126.1 MB to 126.1 MB.
Total: 5.356400 ms (FindLiveObjects: 0.409000 ms CreateObjectMapping: 0.531500 ms MarkObjects: 4.350100 ms  DeleteObjects: 0.064100 ms)

Prepare: number of updated asset objects reloaded= 0
AssetImportParameters requested are different than current active one (requested -> active):
  custom:container-demuxer-ogg: 62fdf1f143b41e24485cea50d1cbac27 -> 
  custom:video-codec-MediaFoundation-h265: 746d11721c4dcdbdad8f713fa42b33f4 -> 
  custom:video-decoder-ogg-theora: a1e56fd34408186e4bbccfd4996cb3dc -> 
  custom:framework-win-MediaFoundation: 216162199b28c13a410421893ffa2e32 -> 
  custom:CustomObjectIndexerAttribute: 9a22284fe3817be447336de3de66b15e -> 
  custom:container-demuxer-webm: 4f35f7cbe854078d1ac9338744f61a02 -> 
  custom:container-muxer-webm: aa71ff27fc2769a1b78a27578f13a17b -> 
  custom:video-decoder-webm-vp8: 9c59270c3fd7afecdb556c50c9e8de78 -> 
  custom:SearchIndexIgnoredProperties: e643bd26f0fe6173181afceb89e7c659 -> 
  custom:AudioImporter_EditorPlatform: d09bf68614088b80899f8185d706f6e7 -> 
  custom:video-encoder-webm-vp8: eb34c28f22e8b96e1ab97ce403110664 -> 
  custom:audio-decoder-ogg-vorbis: bf7c407c2cedff20999df2af8eb42d56 -> 
  custom:audio-encoder-webm-vorbis: bf7c407c2cedff20999df2af8eb42d56 -> 
========================================================================
Received Prepare
Caller must complete domain reload
Begin MonoManager ReloadAssembly
- Loaded All Assemblies, in  1.031 seconds
Native extension for WindowsStandalone target not found
Native extension for WebGL target not found
Mono: successfully reloaded assembly
- Finished resetting the current domain, in  2.232 seconds
Domain Reload Profiling: 3247ms
	BeginReloadAssembly (339ms)
		ExecutionOrderSort (0ms)
		DisableScriptedObjects (12ms)
		BackupInstance (0ms)
		ReleaseScriptingObjects (0ms)
		CreateAndSetChildDomain (61ms)
	RebuildCommonClasses (81ms)
	RebuildNativeTypeToScriptingClass (28ms)
	initialDomainReloadingComplete (82ms)
	LoadAllAssembliesAndSetupDomain (483ms)
		LoadAssemblies (648ms)
		RebuildTransferFunctionScriptingTraits (0ms)
		AnalyzeDomain (31ms)
			TypeCache.Refresh (12ms)
				TypeCache.ScanAssembly (0ms)
			ScanForSourceGeneratedMonoScriptInfo (0ms)
			ResolveRequiredComponents (14ms)
	FinalizeReload (2233ms)
		ReleaseScriptCaches (0ms)
		RebuildScriptCaches (0ms)
		SetupLoadedEditorAssemblies (911ms)
			LogAssemblyErrors (0ms)
			InitializePlatformSupportModulesInManaged (20ms)
			SetLoadedEditorAssemblies (10ms)
			RefreshPlugins (0ms)
			BeforeProcessingInitializeOnLoad (155ms)
			ProcessInitializeOnLoadAttributes (643ms)
			ProcessInitializeOnLoadMethodAttributes (51ms)
			AfterProcessingInitializeOnLoad (32ms)
			EditorAssembliesLoaded (0ms)
		ExecutionOrderSort2 (0ms)
		AwakeInstancesAfterBackupRestoration (22ms)
Refreshing native plugins compatible for Editor in 20.82 ms, found 4 plugins.
Preloading 0 native plugins for Editor in 0.00 ms.
Unloading 3252 Unused Serialized files (Serialized files now loaded: 0)
Unloading 16 unused Assets / (28.5 KB). Loaded Objects now: 3865.
Memory consumption went from 126.2 MB to 126.1 MB.
Total: 4.860700 ms (FindLiveObjects: 0.389700 ms CreateObjectMapping: 0.354900 ms MarkObjects: 4.051100 ms  DeleteObjects: 0.063600 ms)

Prepare: number of updated asset objects reloaded= 0
AssetImportParameters requested are different than current active one (requested -> active):
  custom:container-demuxer-ogg: 62fdf1f143b41e24485cea50d1cbac27 -> 
  custom:video-codec-MediaFoundation-h265: 746d11721c4dcdbdad8f713fa42b33f4 -> 
  custom:video-decoder-ogg-theora: a1e56fd34408186e4bbccfd4996cb3dc -> 
  custom:framework-win-MediaFoundation: 216162199b28c13a410421893ffa2e32 -> 
  custom:CustomObjectIndexerAttribute: 9a22284fe3817be447336de3de66b15e -> 
  custom:container-demuxer-webm: 4f35f7cbe854078d1ac9338744f61a02 -> 
  custom:container-muxer-webm: aa71ff27fc2769a1b78a27578f13a17b -> 
  custom:video-decoder-webm-vp8: 9c59270c3fd7afecdb556c50c9e8de78 -> 
  custom:SearchIndexIgnoredProperties: e643bd26f0fe6173181afceb89e7c659 -> 
  custom:AudioImporter_EditorPlatform: d09bf68614088b80899f8185d706f6e7 -> 
  custom:video-encoder-webm-vp8: eb34c28f22e8b96e1ab97ce403110664 -> 
  custom:audio-decoder-ogg-vorbis: bf7c407c2cedff20999df2af8eb42d56 -> 
  custom:audio-encoder-webm-vorbis: bf7c407c2cedff20999df2af8eb42d56 -> 
========================================================================
Received Prepare
Caller must complete domain reload
Begin MonoManager ReloadAssembly
- Loaded All Assemblies, in  1.007 seconds
Native extension for WindowsStandalone target not found
Native extension for WebGL target not found
Mono: successfully reloaded assembly
- Finished resetting the current domain, in  2.233 seconds
Domain Reload Profiling: 3226ms
	BeginReloadAssembly (318ms)
		ExecutionOrderSort (0ms)
		DisableScriptedObjects (10ms)
		BackupInstance (0ms)
		ReleaseScriptingObjects (0ms)
		CreateAndSetChildDomain (57ms)
	RebuildCommonClasses (87ms)
	RebuildNativeTypeToScriptingClass (25ms)
	initialDomainReloadingComplete (80ms)
	LoadAllAssembliesAndSetupDomain (481ms)
		LoadAssemblies (644ms)
		RebuildTransferFunctionScriptingTraits (0ms)
		AnalyzeDomain (26ms)
			TypeCache.Refresh (10ms)
				TypeCache.ScanAssembly (0ms)
			ScanForSourceGeneratedMonoScriptInfo (0ms)
			ResolveRequiredComponents (12ms)
	FinalizeReload (2234ms)
		ReleaseScriptCaches (0ms)
		RebuildScriptCaches (0ms)
		SetupLoadedEditorAssemblies (932ms)
			LogAssemblyErrors (0ms)
			InitializePlatformSupportModulesInManaged (19ms)
			SetLoadedEditorAssemblies (8ms)
			RefreshPlugins (0ms)
			BeforeProcessingInitializeOnLoad (164ms)
			ProcessInitializeOnLoadAttributes (663ms)
			ProcessInitializeOnLoadMethodAttributes (48ms)
			AfterProcessingInitializeOnLoad (30ms)
			EditorAssembliesLoaded (0ms)
		ExecutionOrderSort2 (0ms)
		AwakeInstancesAfterBackupRestoration (19ms)
Refreshing native plugins compatible for Editor in 23.41 ms, found 4 plugins.
Preloading 0 native plugins for Editor in 0.00 ms.
Unloading 3252 Unused Serialized files (Serialized files now loaded: 0)
Unloading 16 unused Assets / (28.5 KB). Loaded Objects now: 3868.
Memory consumption went from 126.2 MB to 126.1 MB.
Total: 5.330400 ms (FindLiveObjects: 0.411600 ms CreateObjectMapping: 0.368900 ms MarkObjects: 4.483600 ms  DeleteObjects: 0.064800 ms)

Prepare: number of updated asset objects reloaded= 0
AssetImportParameters requested are different than current active one (requested -> active):
  custom:container-demuxer-ogg: 62fdf1f143b41e24485cea50d1cbac27 -> 
  custom:video-codec-MediaFoundation-h265: 746d11721c4dcdbdad8f713fa42b33f4 -> 
  custom:video-decoder-ogg-theora: a1e56fd34408186e4bbccfd4996cb3dc -> 
  custom:framework-win-MediaFoundation: 216162199b28c13a410421893ffa2e32 -> 
  custom:CustomObjectIndexerAttribute: 9a22284fe3817be447336de3de66b15e -> 
  custom:container-demuxer-webm: 4f35f7cbe854078d1ac9338744f61a02 -> 
  custom:container-muxer-webm: aa71ff27fc2769a1b78a27578f13a17b -> 
  custom:video-decoder-webm-vp8: 9c59270c3fd7afecdb556c50c9e8de78 -> 
  custom:SearchIndexIgnoredProperties: e643bd26f0fe6173181afceb89e7c659 -> 
  custom:AudioImporter_EditorPlatform: d09bf68614088b80899f8185d706f6e7 -> 
  custom:video-encoder-webm-vp8: eb34c28f22e8b96e1ab97ce403110664 -> 
  custom:audio-decoder-ogg-vorbis: bf7c407c2cedff20999df2af8eb42d56 -> 
  custom:audio-encoder-webm-vorbis: bf7c407c2cedff20999df2af8eb42d56 -> 
========================================================================
Received Prepare
Caller must complete domain reload
Begin MonoManager ReloadAssembly
- Loaded All Assemblies, in  1.006 seconds
Native extension for WindowsStandalone target not found
Native extension for WebGL target not found
Mono: successfully reloaded assembly
- Finished resetting the current domain, in  2.276 seconds
Domain Reload Profiling: 3268ms
	BeginReloadAssembly (300ms)
		ExecutionOrderSort (0ms)
		DisableScriptedObjects (10ms)
		BackupInstance (0ms)
		ReleaseScriptingObjects (0ms)
		CreateAndSetChildDomain (50ms)
	RebuildCommonClasses (80ms)
	RebuildNativeTypeToScriptingClass (30ms)
	initialDomainReloadingComplete (82ms)
	LoadAllAssembliesAndSetupDomain (498ms)
		LoadAssemblies (647ms)
		RebuildTransferFunctionScriptingTraits (0ms)
		AnalyzeDomain (27ms)
			TypeCache.Refresh (10ms)
				TypeCache.ScanAssembly (0ms)
			ScanForSourceGeneratedMonoScriptInfo (0ms)
			ResolveRequiredComponents (12ms)
	FinalizeReload (2277ms)
		ReleaseScriptCaches (0ms)
		RebuildScriptCaches (0ms)
		SetupLoadedEditorAssemblies (916ms)
			LogAssemblyErrors (0ms)
			InitializePlatformSupportModulesInManaged (18ms)
			SetLoadedEditorAssemblies (9ms)
			RefreshPlugins (0ms)
			BeforeProcessingInitializeOnLoad (154ms)
			ProcessInitializeOnLoadAttributes (654ms)
			ProcessInitializeOnLoadMethodAttributes (50ms)
			AfterProcessingInitializeOnLoad (31ms)
			EditorAssembliesLoaded (0ms)
		ExecutionOrderSort2 (0ms)
		AwakeInstancesAfterBackupRestoration (20ms)
Refreshing native plugins compatible for Editor in 21.28 ms, found 4 plugins.
Preloading 0 native plugins for Editor in 0.00 ms.
Unloading 3252 Unused Serialized files (Serialized files now loaded: 0)
Unloading 16 unused Assets / (28.5 KB). Loaded Objects now: 3871.
Memory consumption went from 126.2 MB to 126.1 MB.
Total: 5.992100 ms (FindLiveObjects: 0.807700 ms CreateObjectMapping: 0.389600 ms MarkObjects: 4.724400 ms  DeleteObjects: 0.068900 ms)

Prepare: number of updated asset objects reloaded= 0
AssetImportParameters requested are different than current active one (requested -> active):
  custom:container-demuxer-ogg: 62fdf1f143b41e24485cea50d1cbac27 -> 
  custom:video-codec-MediaFoundation-h265: 746d11721c4dcdbdad8f713fa42b33f4 -> 
  custom:video-decoder-ogg-theora: a1e56fd34408186e4bbccfd4996cb3dc -> 
  custom:framework-win-MediaFoundation: 216162199b28c13a410421893ffa2e32 -> 
  custom:CustomObjectIndexerAttribute: 9a22284fe3817be447336de3de66b15e -> 
  custom:container-demuxer-webm: 4f35f7cbe854078d1ac9338744f61a02 -> 
  custom:container-muxer-webm: aa71ff27fc2769a1b78a27578f13a17b -> 
  custom:video-decoder-webm-vp8: 9c59270c3fd7afecdb556c50c9e8de78 -> 
  custom:SearchIndexIgnoredProperties: e643bd26f0fe6173181afceb89e7c659 -> 
  custom:AudioImporter_EditorPlatform: d09bf68614088b80899f8185d706f6e7 -> 
  custom:video-encoder-webm-vp8: eb34c28f22e8b96e1ab97ce403110664 -> 
  custom:audio-decoder-ogg-vorbis: bf7c407c2cedff20999df2af8eb42d56 -> 
  custom:audio-encoder-webm-vorbis: bf7c407c2cedff20999df2af8eb42d56 -> 
========================================================================
Received Prepare
Caller must complete domain reload
Begin MonoManager ReloadAssembly
- Loaded All Assemblies, in  1.039 seconds
Native extension for WindowsStandalone target not found
Native extension for WebGL target not found
Mono: successfully reloaded assembly
- Finished resetting the current domain, in  2.299 seconds
Domain Reload Profiling: 3324ms
	BeginReloadAssembly (305ms)
		ExecutionOrderSort (0ms)
		DisableScriptedObjects (11ms)
		BackupInstance (0ms)
		ReleaseScriptingObjects (0ms)
		CreateAndSetChildDomain (59ms)
	RebuildCommonClasses (66ms)
	RebuildNativeTypeToScriptingClass (25ms)
	initialDomainReloadingComplete (85ms)
	LoadAllAssembliesAndSetupDomain (543ms)
		LoadAssemblies (698ms)
		RebuildTransferFunctionScriptingTraits (0ms)
		AnalyzeDomain (23ms)
			TypeCache.Refresh (9ms)
				TypeCache.ScanAssembly (0ms)
			ScanForSourceGeneratedMonoScriptInfo (0ms)
			ResolveRequiredComponents (11ms)
	FinalizeReload (2300ms)
		ReleaseScriptCaches (0ms)
		RebuildScriptCaches (0ms)
		SetupLoadedEditorAssemblies (779ms)
			LogAssemblyErrors (0ms)
			InitializePlatformSupportModulesInManaged (16ms)
			SetLoadedEditorAssemblies (7ms)
			RefreshPlugins (0ms)
			BeforeProcessingInitializeOnLoad (130ms)
			ProcessInitializeOnLoadAttributes (555ms)
			ProcessInitializeOnLoadMethodAttributes (47ms)
			AfterProcessingInitializeOnLoad (24ms)
			EditorAssembliesLoaded (0ms)
		ExecutionOrderSort2 (0ms)
		AwakeInstancesAfterBackupRestoration (17ms)
Refreshing native plugins compatible for Editor in 22.58 ms, found 4 plugins.
Preloading 0 native plugins for Editor in 0.00 ms.
Unloading 3252 Unused Serialized files (Serialized files now loaded: 0)
Unloading 16 unused Assets / (28.5 KB). Loaded Objects now: 3874.
Memory consumption went from 126.2 MB to 126.1 MB.
Total: 4.887400 ms (FindLiveObjects: 0.426300 ms CreateObjectMapping: 0.330400 ms MarkObjects: 4.066700 ms  DeleteObjects: 0.062500 ms)

Prepare: number of updated asset objects reloaded= 0
AssetImportParameters requested are different than current active one (requested -> active):
  custom:container-demuxer-ogg: 62fdf1f143b41e24485cea50d1cbac27 -> 
  custom:video-codec-MediaFoundation-h265: 746d11721c4dcdbdad8f713fa42b33f4 -> 
  custom:video-decoder-ogg-theora: a1e56fd34408186e4bbccfd4996cb3dc -> 
  custom:framework-win-MediaFoundation: 216162199b28c13a410421893ffa2e32 -> 
  custom:CustomObjectIndexerAttribute: 9a22284fe3817be447336de3de66b15e -> 
  custom:container-demuxer-webm: 4f35f7cbe854078d1ac9338744f61a02 -> 
  custom:container-muxer-webm: aa71ff27fc2769a1b78a27578f13a17b -> 
  custom:video-decoder-webm-vp8: 9c59270c3fd7afecdb556c50c9e8de78 -> 
  custom:SearchIndexIgnoredProperties: e643bd26f0fe6173181afceb89e7c659 -> 
  custom:AudioImporter_EditorPlatform: d09bf68614088b80899f8185d706f6e7 -> 
  custom:video-encoder-webm-vp8: eb34c28f22e8b96e1ab97ce403110664 -> 
  custom:audio-decoder-ogg-vorbis: bf7c407c2cedff20999df2af8eb42d56 -> 
  custom:audio-encoder-webm-vorbis: bf7c407c2cedff20999df2af8eb42d56 -> 
========================================================================
Received Prepare
Caller must complete domain reload
Begin MonoManager ReloadAssembly
- Loaded All Assemblies, in  0.940 seconds
Native extension for WindowsStandalone target not found
Native extension for WebGL target not found
Mono: successfully reloaded assembly
- Finished resetting the current domain, in  2.064 seconds
Domain Reload Profiling: 2992ms
	BeginReloadAssembly (292ms)
		ExecutionOrderSort (0ms)
		DisableScriptedObjects (11ms)
		BackupInstance (0ms)
		ReleaseScriptingObjects (0ms)
		CreateAndSetChildDomain (52ms)
	RebuildCommonClasses (74ms)
	RebuildNativeTypeToScriptingClass (32ms)
	initialDomainReloadingComplete (70ms)
	LoadAllAssembliesAndSetupDomain (458ms)
		LoadAssemblies (597ms)
		RebuildTransferFunctionScriptingTraits (0ms)
		AnalyzeDomain (31ms)
			TypeCache.Refresh (11ms)
				TypeCache.ScanAssembly (0ms)
			ScanForSourceGeneratedMonoScriptInfo (0ms)
			ResolveRequiredComponents (16ms)
	FinalizeReload (2065ms)
		ReleaseScriptCaches (0ms)
		RebuildScriptCaches (0ms)
		SetupLoadedEditorAssemblies (862ms)
			LogAssemblyErrors (0ms)
			InitializePlatformSupportModulesInManaged (19ms)
			SetLoadedEditorAssemblies (9ms)
			RefreshPlugins (0ms)
			BeforeProcessingInitializeOnLoad (150ms)
			ProcessInitializeOnLoadAttributes (613ms)
			ProcessInitializeOnLoadMethodAttributes (45ms)
			AfterProcessingInitializeOnLoad (26ms)
			EditorAssembliesLoaded (0ms)
		ExecutionOrderSort2 (0ms)
		AwakeInstancesAfterBackupRestoration (20ms)
Refreshing native plugins compatible for Editor in 18.64 ms, found 4 plugins.
Preloading 0 native plugins for Editor in 0.00 ms.
Unloading 3252 Unused Serialized files (Serialized files now loaded: 0)
Unloading 16 unused Assets / (28.5 KB). Loaded Objects now: 3877.
Memory consumption went from 126.2 MB to 126.1 MB.
Total: 5.725600 ms (FindLiveObjects: 0.497200 ms CreateObjectMapping: 0.679900 ms MarkObjects: 4.484800 ms  DeleteObjects: 0.061800 ms)

Prepare: number of updated asset objects reloaded= 0
AssetImportParameters requested are different than current active one (requested -> active):
  custom:container-demuxer-ogg: 62fdf1f143b41e24485cea50d1cbac27 -> 
  custom:video-codec-MediaFoundation-h265: 746d11721c4dcdbdad8f713fa42b33f4 -> 
  custom:video-decoder-ogg-theora: a1e56fd34408186e4bbccfd4996cb3dc -> 
  custom:framework-win-MediaFoundation: 216162199b28c13a410421893ffa2e32 -> 
  custom:CustomObjectIndexerAttribute: 9a22284fe3817be447336de3de66b15e -> 
  custom:container-demuxer-webm: 4f35f7cbe854078d1ac9338744f61a02 -> 
  custom:container-muxer-webm: aa71ff27fc2769a1b78a27578f13a17b -> 
  custom:video-decoder-webm-vp8: 9c59270c3fd7afecdb556c50c9e8de78 -> 
  custom:SearchIndexIgnoredProperties: e643bd26f0fe6173181afceb89e7c659 -> 
  custom:AudioImporter_EditorPlatform: d09bf68614088b80899f8185d706f6e7 -> 
  custom:video-encoder-webm-vp8: eb34c28f22e8b96e1ab97ce403110664 -> 
  custom:audio-decoder-ogg-vorbis: bf7c407c2cedff20999df2af8eb42d56 -> 
  custom:audio-encoder-webm-vorbis: bf7c407c2cedff20999df2af8eb42d56 -> 
========================================================================
Received Prepare
Caller must complete domain reload
Begin MonoManager ReloadAssembly
- Loaded All Assemblies, in  0.958 seconds
Native extension for WindowsStandalone target not found
Native extension for WebGL target not found
Mono: successfully reloaded assembly
- Finished resetting the current domain, in  2.050 seconds
Domain Reload Profiling: 2995ms
	BeginReloadAssembly (311ms)
		ExecutionOrderSort (0ms)
		DisableScriptedObjects (10ms)
		BackupInstance (0ms)
		ReleaseScriptingObjects (0ms)
		CreateAndSetChildDomain (55ms)
	RebuildCommonClasses (86ms)
	RebuildNativeTypeToScriptingClass (32ms)
	initialDomainReloadingComplete (75ms)
	LoadAllAssembliesAndSetupDomain (441ms)
		LoadAssemblies (603ms)
		RebuildTransferFunctionScriptingTraits (0ms)
		AnalyzeDomain (24ms)
			TypeCache.Refresh (9ms)
				TypeCache.ScanAssembly (0ms)
			ScanForSourceGeneratedMonoScriptInfo (0ms)
			ResolveRequiredComponents (11ms)
	FinalizeReload (2051ms)
		ReleaseScriptCaches (0ms)
		RebuildScriptCaches (0ms)
		SetupLoadedEditorAssemblies (861ms)
			LogAssemblyErrors (0ms)
			InitializePlatformSupportModulesInManaged (19ms)
			SetLoadedEditorAssemblies (8ms)
			RefreshPlugins (0ms)
			BeforeProcessingInitializeOnLoad (140ms)
			ProcessInitializeOnLoadAttributes (620ms)
			ProcessInitializeOnLoadMethodAttributes (49ms)
			AfterProcessingInitializeOnLoad (25ms)
			EditorAssembliesLoaded (0ms)
		ExecutionOrderSort2 (0ms)
		AwakeInstancesAfterBackupRestoration (18ms)
Refreshing native plugins compatible for Editor in 19.69 ms, found 4 plugins.
Preloading 0 native plugins for Editor in 0.00 ms.
Unloading 3252 Unused Serialized files (Serialized files now loaded: 0)
Unloading 16 unused Assets / (28.5 KB). Loaded Objects now: 3880.
Memory consumption went from 126.2 MB to 126.1 MB.
Total: 4.570900 ms (FindLiveObjects: 0.373400 ms CreateObjectMapping: 0.298600 ms MarkObjects: 3.821700 ms  DeleteObjects: 0.075600 ms)

Prepare: number of updated asset objects reloaded= 0
AssetImportParameters requested are different than current active one (requested -> active):
  custom:container-demuxer-ogg: 62fdf1f143b41e24485cea50d1cbac27 -> 
  custom:video-codec-MediaFoundation-h265: 746d11721c4dcdbdad8f713fa42b33f4 -> 
  custom:video-decoder-ogg-theora: a1e56fd34408186e4bbccfd4996cb3dc -> 
  custom:framework-win-MediaFoundation: 216162199b28c13a410421893ffa2e32 -> 
  custom:CustomObjectIndexerAttribute: 9a22284fe3817be447336de3de66b15e -> 
  custom:container-demuxer-webm: 4f35f7cbe854078d1ac9338744f61a02 -> 
  custom:container-muxer-webm: aa71ff27fc2769a1b78a27578f13a17b -> 
  custom:video-decoder-webm-vp8: 9c59270c3fd7afecdb556c50c9e8de78 -> 
  custom:SearchIndexIgnoredProperties: e643bd26f0fe6173181afceb89e7c659 -> 
  custom:AudioImporter_EditorPlatform: d09bf68614088b80899f8185d706f6e7 -> 
  custom:video-encoder-webm-vp8: eb34c28f22e8b96e1ab97ce403110664 -> 
  custom:audio-decoder-ogg-vorbis: bf7c407c2cedff20999df2af8eb42d56 -> 
  custom:audio-encoder-webm-vorbis: bf7c407c2cedff20999df2af8eb42d56 -> 
========================================================================
Received Prepare
Caller must complete domain reload
Begin MonoManager ReloadAssembly
- Loaded All Assemblies, in  0.907 seconds
Native extension for WindowsStandalone target not found
Native extension for WebGL target not found
Mono: successfully reloaded assembly
- Finished resetting the current domain, in  2.014 seconds
Domain Reload Profiling: 2903ms
	BeginReloadAssembly (282ms)
		ExecutionOrderSort (0ms)
		DisableScriptedObjects (11ms)
		BackupInstance (0ms)
		ReleaseScriptingObjects (0ms)
		CreateAndSetChildDomain (48ms)
	RebuildCommonClasses (78ms)
	RebuildNativeTypeToScriptingClass (22ms)
	initialDomainReloadingComplete (70ms)
	LoadAllAssembliesAndSetupDomain (437ms)
		LoadAssemblies (574ms)
		RebuildTransferFunctionScriptingTraits (0ms)
		AnalyzeDomain (25ms)
			TypeCache.Refresh (9ms)
				TypeCache.ScanAssembly (0ms)
			ScanForSourceGeneratedMonoScriptInfo (0ms)
			ResolveRequiredComponents (12ms)
	FinalizeReload (2015ms)
		ReleaseScriptCaches (0ms)
		RebuildScriptCaches (0ms)
		SetupLoadedEditorAssemblies (860ms)
			LogAssemblyErrors (0ms)
			InitializePlatformSupportModulesInManaged (21ms)
			SetLoadedEditorAssemblies (10ms)
			RefreshPlugins (0ms)
			BeforeProcessingInitializeOnLoad (146ms)
			ProcessInitializeOnLoadAttributes (603ms)
			ProcessInitializeOnLoadMethodAttributes (52ms)
			AfterProcessingInitializeOnLoad (27ms)
			EditorAssembliesLoaded (0ms)
		ExecutionOrderSort2 (0ms)
		AwakeInstancesAfterBackupRestoration (19ms)
Refreshing native plugins compatible for Editor in 17.22 ms, found 4 plugins.
Preloading 0 native plugins for Editor in 0.00 ms.
Unloading 3252 Unused Serialized files (Serialized files now loaded: 0)
Unloading 16 unused Assets / (28.5 KB). Loaded Objects now: 3883.
Memory consumption went from 126.2 MB to 126.1 MB.
Total: 4.871700 ms (FindLiveObjects: 0.434600 ms CreateObjectMapping: 0.363700 ms MarkObjects: 4.010200 ms  DeleteObjects: 0.061900 ms)

Prepare: number of updated asset objects reloaded= 0
AssetImportParameters requested are different than current active one (requested -> active):
  custom:container-demuxer-ogg: 62fdf1f143b41e24485cea50d1cbac27 -> 
  custom:video-codec-MediaFoundation-h265: 746d11721c4dcdbdad8f713fa42b33f4 -> 
  custom:video-decoder-ogg-theora: a1e56fd34408186e4bbccfd4996cb3dc -> 
  custom:framework-win-MediaFoundation: 216162199b28c13a410421893ffa2e32 -> 
  custom:CustomObjectIndexerAttribute: 9a22284fe3817be447336de3de66b15e -> 
  custom:container-demuxer-webm: 4f35f7cbe854078d1ac9338744f61a02 -> 
  custom:container-muxer-webm: aa71ff27fc2769a1b78a27578f13a17b -> 
  custom:video-decoder-webm-vp8: 9c59270c3fd7afecdb556c50c9e8de78 -> 
  custom:SearchIndexIgnoredProperties: e643bd26f0fe6173181afceb89e7c659 -> 
  custom:AudioImporter_EditorPlatform: d09bf68614088b80899f8185d706f6e7 -> 
  custom:video-encoder-webm-vp8: eb34c28f22e8b96e1ab97ce403110664 -> 
  custom:audio-decoder-ogg-vorbis: bf7c407c2cedff20999df2af8eb42d56 -> 
  custom:audio-encoder-webm-vorbis: bf7c407c2cedff20999df2af8eb42d56 -> 
========================================================================
Received Prepare
Caller must complete domain reload
Begin MonoManager ReloadAssembly
- Loaded All Assemblies, in  0.889 seconds
Native extension for WindowsStandalone target not found
Native extension for WebGL target not found
Mono: successfully reloaded assembly
- Finished resetting the current domain, in  1.979 seconds
Domain Reload Profiling: 2856ms
	BeginReloadAssembly (280ms)
		ExecutionOrderSort (0ms)
		DisableScriptedObjects (10ms)
		BackupInstance (0ms)
		ReleaseScriptingObjects (0ms)
		CreateAndSetChildDomain (46ms)
	RebuildCommonClasses (61ms)
	RebuildNativeTypeToScriptingClass (24ms)
	initialDomainReloadingComplete (74ms)
	LoadAllAssembliesAndSetupDomain (437ms)
		LoadAssemblies (577ms)
		RebuildTransferFunctionScriptingTraits (0ms)
		AnalyzeDomain (24ms)
			TypeCache.Refresh (10ms)
				TypeCache.ScanAssembly (0ms)
			ScanForSourceGeneratedMonoScriptInfo (0ms)
			ResolveRequiredComponents (10ms)
	FinalizeReload (1981ms)
		ReleaseScriptCaches (0ms)
		RebuildScriptCaches (0ms)
		SetupLoadedEditorAssemblies (855ms)
			LogAssemblyErrors (0ms)
			InitializePlatformSupportModulesInManaged (20ms)
			SetLoadedEditorAssemblies (9ms)
			RefreshPlugins (0ms)
			BeforeProcessingInitializeOnLoad (134ms)
			ProcessInitializeOnLoadAttributes (612ms)
			ProcessInitializeOnLoadMethodAttributes (55ms)
			AfterProcessingInitializeOnLoad (25ms)
			EditorAssembliesLoaded (0ms)
		ExecutionOrderSort2 (0ms)
		AwakeInstancesAfterBackupRestoration (17ms)
Refreshing native plugins compatible for Editor in 17.30 ms, found 4 plugins.
Preloading 0 native plugins for Editor in 0.00 ms.
Unloading 3252 Unused Serialized files (Serialized files now loaded: 0)
Unloading 16 unused Assets / (28.5 KB). Loaded Objects now: 3886.
Memory consumption went from 126.2 MB to 126.1 MB.
Total: 4.786200 ms (FindLiveObjects: 0.388400 ms CreateObjectMapping: 0.376500 ms MarkObjects: 3.958900 ms  DeleteObjects: 0.060800 ms)

Prepare: number of updated asset objects reloaded= 0
AssetImportParameters requested are different than current active one (requested -> active):
  custom:container-demuxer-ogg: 62fdf1f143b41e24485cea50d1cbac27 -> 
  custom:video-codec-MediaFoundation-h265: 746d11721c4dcdbdad8f713fa42b33f4 -> 
  custom:video-decoder-ogg-theora: a1e56fd34408186e4bbccfd4996cb3dc -> 
  custom:framework-win-MediaFoundation: 216162199b28c13a410421893ffa2e32 -> 
  custom:CustomObjectIndexerAttribute: 9a22284fe3817be447336de3de66b15e -> 
  custom:container-demuxer-webm: 4f35f7cbe854078d1ac9338744f61a02 -> 
  custom:container-muxer-webm: aa71ff27fc2769a1b78a27578f13a17b -> 
  custom:video-decoder-webm-vp8: 9c59270c3fd7afecdb556c50c9e8de78 -> 
  custom:SearchIndexIgnoredProperties: e643bd26f0fe6173181afceb89e7c659 -> 
  custom:AudioImporter_EditorPlatform: d09bf68614088b80899f8185d706f6e7 -> 
  custom:video-encoder-webm-vp8: eb34c28f22e8b96e1ab97ce403110664 -> 
  custom:audio-decoder-ogg-vorbis: bf7c407c2cedff20999df2af8eb42d56 -> 
  custom:audio-encoder-webm-vorbis: bf7c407c2cedff20999df2af8eb42d56 -> 
========================================================================
Received Prepare
Caller must complete domain reload
Begin MonoManager ReloadAssembly
- Loaded All Assemblies, in  2.080 seconds
Native extension for WindowsStandalone target not found
Native extension for WebGL target not found
Mono: successfully reloaded assembly
- Finished resetting the current domain, in  3.088 seconds
Domain Reload Profiling: 5147ms
	BeginReloadAssembly (712ms)
		ExecutionOrderSort (0ms)
		DisableScriptedObjects (32ms)
		BackupInstance (0ms)
		ReleaseScriptingObjects (0ms)
		CreateAndSetChildDomain (233ms)
	RebuildCommonClasses (182ms)
	RebuildNativeTypeToScriptingClass (36ms)
	initialDomainReloadingComplete (142ms)
	LoadAllAssembliesAndSetupDomain (986ms)
		LoadAssemblies (1186ms)
		RebuildTransferFunctionScriptingTraits (0ms)
		AnalyzeDomain (98ms)
			TypeCache.Refresh (45ms)
				TypeCache.ScanAssembly (9ms)
			ScanForSourceGeneratedMonoScriptInfo (29ms)
			ResolveRequiredComponents (21ms)
	FinalizeReload (3089ms)
		ReleaseScriptCaches (0ms)
		RebuildScriptCaches (0ms)
		SetupLoadedEditorAssemblies (1238ms)
			LogAssemblyErrors (0ms)
			InitializePlatformSupportModulesInManaged (24ms)
			SetLoadedEditorAssemblies (15ms)
			RefreshPlugins (0ms)
			BeforeProcessingInitializeOnLoad (266ms)
			ProcessInitializeOnLoadAttributes (821ms)
			ProcessInitializeOnLoadMethodAttributes (77ms)
			AfterProcessingInitializeOnLoad (36ms)
			EditorAssembliesLoaded (0ms)
		ExecutionOrderSort2 (0ms)
		AwakeInstancesAfterBackupRestoration (25ms)
Refreshing native plugins compatible for Editor in 20.73 ms, found 4 plugins.
Preloading 0 native plugins for Editor in 0.00 ms.
Unloading 3253 Unused Serialized files (Serialized files now loaded: 0)
Unloading 16 unused Assets / (28.5 KB). Loaded Objects now: 3890.
Memory consumption went from 126.2 MB to 126.2 MB.
Total: 7.895200 ms (FindLiveObjects: 0.577900 ms CreateObjectMapping: 0.484000 ms MarkObjects: 6.709000 ms  DeleteObjects: 0.122500 ms)

Prepare: number of updated asset objects reloaded= 0
AssetImportParameters requested are different than current active one (requested -> active):
  custom:container-demuxer-ogg: 62fdf1f143b41e24485cea50d1cbac27 -> 
  custom:video-codec-MediaFoundation-h265: 746d11721c4dcdbdad8f713fa42b33f4 -> 
  custom:video-decoder-ogg-theora: a1e56fd34408186e4bbccfd4996cb3dc -> 
  custom:framework-win-MediaFoundation: 216162199b28c13a410421893ffa2e32 -> 
  custom:CustomObjectIndexerAttribute: 9a22284fe3817be447336de3de66b15e -> 
  custom:container-demuxer-webm: 4f35f7cbe854078d1ac9338744f61a02 -> 
  custom:container-muxer-webm: aa71ff27fc2769a1b78a27578f13a17b -> 
  custom:video-decoder-webm-vp8: 9c59270c3fd7afecdb556c50c9e8de78 -> 
  custom:SearchIndexIgnoredProperties: e643bd26f0fe6173181afceb89e7c659 -> 
  custom:AudioImporter_EditorPlatform: d09bf68614088b80899f8185d706f6e7 -> 
  custom:scripting/monoscript/fileName/ExampleGenConfig.cs: 2d21554d83bd53efca28765b954d65c7 -> 
  custom:video-encoder-webm-vp8: eb34c28f22e8b96e1ab97ce403110664 -> 
  custom:audio-decoder-ogg-vorbis: bf7c407c2cedff20999df2af8eb42d56 -> 
  custom:audio-encoder-webm-vorbis: bf7c407c2cedff20999df2af8eb42d56 -> 
  custom:scripting/precompiled-assembly-types:Assembly-CSharp: f92bb97a75c1a00eb491ba137ec766d0 -> e72714bde2f0db21cfc2a265dc5c1124
========================================================================
Received Prepare
Caller must complete domain reload
Begin MonoManager ReloadAssembly
- Loaded All Assemblies, in  1.109 seconds
Native extension for WindowsStandalone target not found
Native extension for WebGL target not found
Mono: successfully reloaded assembly
- Finished resetting the current domain, in  2.325 seconds
Domain Reload Profiling: 3417ms
	BeginReloadAssembly (331ms)
		ExecutionOrderSort (0ms)
		DisableScriptedObjects (11ms)
		BackupInstance (0ms)
		ReleaseScriptingObjects (0ms)
		CreateAndSetChildDomain (56ms)
	RebuildCommonClasses (87ms)
	RebuildNativeTypeToScriptingClass (31ms)
	initialDomainReloadingComplete (87ms)
	LoadAllAssembliesAndSetupDomain (555ms)
		LoadAssemblies (722ms)
		RebuildTransferFunctionScriptingTraits (0ms)
		AnalyzeDomain (35ms)
			TypeCache.Refresh (15ms)
				TypeCache.ScanAssembly (0ms)
			ScanForSourceGeneratedMonoScriptInfo (0ms)
			ResolveRequiredComponents (16ms)
	FinalizeReload (2326ms)
		ReleaseScriptCaches (0ms)
		RebuildScriptCaches (0ms)
		SetupLoadedEditorAssemblies (957ms)
			LogAssemblyErrors (0ms)
			InitializePlatformSupportModulesInManaged (17ms)
			SetLoadedEditorAssemblies (7ms)
			RefreshPlugins (0ms)
			BeforeProcessingInitializeOnLoad (163ms)
			ProcessInitializeOnLoadAttributes (684ms)
			ProcessInitializeOnLoadMethodAttributes (51ms)
			AfterProcessingInitializeOnLoad (35ms)
			EditorAssembliesLoaded (0ms)
		ExecutionOrderSort2 (0ms)
		AwakeInstancesAfterBackupRestoration (20ms)
Refreshing native plugins compatible for Editor in 18.93 ms, found 4 plugins.
Preloading 0 native plugins for Editor in 0.00 ms.
Unloading 3253 Unused Serialized files (Serialized files now loaded: 0)
Unloading 16 unused Assets / (28.5 KB). Loaded Objects now: 3893.
Memory consumption went from 126.2 MB to 126.2 MB.
Total: 5.229100 ms (FindLiveObjects: 0.483600 ms CreateObjectMapping: 0.378400 ms MarkObjects: 4.289400 ms  DeleteObjects: 0.075800 ms)

Prepare: number of updated asset objects reloaded= 0
AssetImportParameters requested are different than current active one (requested -> active):
  custom:container-demuxer-ogg: 62fdf1f143b41e24485cea50d1cbac27 -> 
  custom:video-codec-MediaFoundation-h265: 746d11721c4dcdbdad8f713fa42b33f4 -> 
  custom:video-decoder-ogg-theora: a1e56fd34408186e4bbccfd4996cb3dc -> 
  custom:framework-win-MediaFoundation: 216162199b28c13a410421893ffa2e32 -> 
  custom:CustomObjectIndexerAttribute: 9a22284fe3817be447336de3de66b15e -> 
  custom:container-demuxer-webm: 4f35f7cbe854078d1ac9338744f61a02 -> 
  custom:container-muxer-webm: aa71ff27fc2769a1b78a27578f13a17b -> 
  custom:video-decoder-webm-vp8: 9c59270c3fd7afecdb556c50c9e8de78 -> 
  custom:SearchIndexIgnoredProperties: e643bd26f0fe6173181afceb89e7c659 -> 
  custom:AudioImporter_EditorPlatform: d09bf68614088b80899f8185d706f6e7 -> 
  custom:scripting/monoscript/fileName/ExampleGenConfig.cs: 2d21554d83bd53efca28765b954d65c7 -> 
  custom:video-encoder-webm-vp8: eb34c28f22e8b96e1ab97ce403110664 -> 
  custom:audio-decoder-ogg-vorbis: bf7c407c2cedff20999df2af8eb42d56 -> 
  custom:audio-encoder-webm-vorbis: bf7c407c2cedff20999df2af8eb42d56 -> 
  custom:scripting/precompiled-assembly-types:Assembly-CSharp: f92bb97a75c1a00eb491ba137ec766d0 -> e72714bde2f0db21cfc2a265dc5c1124
========================================================================
Received Prepare
Caller must complete domain reload
Begin MonoManager ReloadAssembly
- Loaded All Assemblies, in  1.046 seconds
Native extension for WindowsStandalone target not found
Native extension for WebGL target not found
Mono: successfully reloaded assembly
- Finished resetting the current domain, in  2.249 seconds
Domain Reload Profiling: 3280ms
	BeginReloadAssembly (317ms)
		ExecutionOrderSort (0ms)
		DisableScriptedObjects (11ms)
		BackupInstance (0ms)
		ReleaseScriptingObjects (0ms)
		CreateAndSetChildDomain (57ms)
	RebuildCommonClasses (77ms)
	RebuildNativeTypeToScriptingClass (24ms)
	initialDomainReloadingComplete (73ms)
	LoadAllAssembliesAndSetupDomain (539ms)
		LoadAssemblies (698ms)
		RebuildTransferFunctionScriptingTraits (0ms)
		AnalyzeDomain (31ms)
			TypeCache.Refresh (12ms)
				TypeCache.ScanAssembly (0ms)
			ScanForSourceGeneratedMonoScriptInfo (0ms)
			ResolveRequiredComponents (14ms)
	FinalizeReload (2250ms)
		ReleaseScriptCaches (0ms)
		RebuildScriptCaches (0ms)
		SetupLoadedEditorAssemblies (926ms)
			LogAssemblyErrors (0ms)
			InitializePlatformSupportModulesInManaged (19ms)
			SetLoadedEditorAssemblies (11ms)
			RefreshPlugins (0ms)
			BeforeProcessingInitializeOnLoad (147ms)
			ProcessInitializeOnLoadAttributes (660ms)
			ProcessInitializeOnLoadMethodAttributes (56ms)
			AfterProcessingInitializeOnLoad (33ms)
			EditorAssembliesLoaded (0ms)
		ExecutionOrderSort2 (0ms)
		AwakeInstancesAfterBackupRestoration (19ms)
Refreshing native plugins compatible for Editor in 20.71 ms, found 4 plugins.
Preloading 0 native plugins for Editor in 0.00 ms.
Unloading 3253 Unused Serialized files (Serialized files now loaded: 0)
Unloading 16 unused Assets / (28.6 KB). Loaded Objects now: 3896.
Memory consumption went from 126.2 MB to 126.2 MB.
Total: 5.113500 ms (FindLiveObjects: 0.435800 ms CreateObjectMapping: 0.332200 ms MarkObjects: 4.280300 ms  DeleteObjects: 0.063800 ms)

Prepare: number of updated asset objects reloaded= 0
AssetImportParameters requested are different than current active one (requested -> active):
  custom:container-demuxer-ogg: 62fdf1f143b41e24485cea50d1cbac27 -> 
  custom:video-codec-MediaFoundation-h265: 746d11721c4dcdbdad8f713fa42b33f4 -> 
  custom:video-decoder-ogg-theora: a1e56fd34408186e4bbccfd4996cb3dc -> 
  custom:framework-win-MediaFoundation: 216162199b28c13a410421893ffa2e32 -> 
  custom:CustomObjectIndexerAttribute: 9a22284fe3817be447336de3de66b15e -> 
  custom:container-demuxer-webm: 4f35f7cbe854078d1ac9338744f61a02 -> 
  custom:container-muxer-webm: aa71ff27fc2769a1b78a27578f13a17b -> 
  custom:video-decoder-webm-vp8: 9c59270c3fd7afecdb556c50c9e8de78 -> 
  custom:SearchIndexIgnoredProperties: e643bd26f0fe6173181afceb89e7c659 -> 
  custom:AudioImporter_EditorPlatform: d09bf68614088b80899f8185d706f6e7 -> 
  custom:scripting/monoscript/fileName/ExampleGenConfig.cs: 2d21554d83bd53efca28765b954d65c7 -> 
  custom:video-encoder-webm-vp8: eb34c28f22e8b96e1ab97ce403110664 -> 
  custom:audio-decoder-ogg-vorbis: bf7c407c2cedff20999df2af8eb42d56 -> 
  custom:audio-encoder-webm-vorbis: bf7c407c2cedff20999df2af8eb42d56 -> 
  custom:scripting/precompiled-assembly-types:Assembly-CSharp: f92bb97a75c1a00eb491ba137ec766d0 -> e72714bde2f0db21cfc2a265dc5c1124
========================================================================
Received Prepare
Caller must complete domain reload
Begin MonoManager ReloadAssembly
- Loaded All Assemblies, in  1.022 seconds
Native extension for WindowsStandalone target not found
Native extension for WebGL target not found
Mono: successfully reloaded assembly
- Finished resetting the current domain, in  2.021 seconds
Domain Reload Profiling: 3028ms
	BeginReloadAssembly (304ms)
		ExecutionOrderSort (0ms)
		DisableScriptedObjects (11ms)
		BackupInstance (0ms)
		ReleaseScriptingObjects (0ms)
		CreateAndSetChildDomain (51ms)
	RebuildCommonClasses (73ms)
	RebuildNativeTypeToScriptingClass (24ms)
	initialDomainReloadingComplete (75ms)
	LoadAllAssembliesAndSetupDomain (530ms)
		LoadAssemblies (658ms)
		RebuildTransferFunctionScriptingTraits (0ms)
		AnalyzeDomain (54ms)
			TypeCache.Refresh (21ms)
				TypeCache.ScanAssembly (6ms)
			ScanForSourceGeneratedMonoScriptInfo (15ms)
			ResolveRequiredComponents (12ms)
	FinalizeReload (2022ms)
		ReleaseScriptCaches (0ms)
		RebuildScriptCaches (0ms)
		SetupLoadedEditorAssemblies (791ms)
			LogAssemblyErrors (0ms)
			InitializePlatformSupportModulesInManaged (15ms)
			SetLoadedEditorAssemblies (5ms)
			RefreshPlugins (0ms)
			BeforeProcessingInitializeOnLoad (124ms)
			ProcessInitializeOnLoadAttributes (573ms)
			ProcessInitializeOnLoadMethodAttributes (49ms)
			AfterProcessingInitializeOnLoad (25ms)
			EditorAssembliesLoaded (0ms)
		ExecutionOrderSort2 (0ms)
		AwakeInstancesAfterBackupRestoration (17ms)
Refreshing native plugins compatible for Editor in 19.86 ms, found 4 plugins.
Preloading 0 native plugins for Editor in 0.00 ms.
Unloading 3282 Unused Serialized files (Serialized files now loaded: 0)
Unloading 16 unused Assets / (28.6 KB). Loaded Objects now: 3928.
Memory consumption went from 126.7 MB to 126.7 MB.
Total: 5.141700 ms (FindLiveObjects: 0.392300 ms CreateObjectMapping: 0.295000 ms MarkObjects: 4.388400 ms  DeleteObjects: 0.064900 ms)

Prepare: number of updated asset objects reloaded= 0
AssetImportParameters requested are different than current active one (requested -> active):
  custom:scripting/monoscript/fileName/UnityEngine_BehaviourWrap.cs: 07f04650a03b829841e9fab9d7740454 -> 
  custom:container-demuxer-ogg: 62fdf1f143b41e24485cea50d1cbac27 -> 
  custom:scripting/monoscript/fileName/UnityEngine_Vector3Wrap.cs: 63f465b9380555daafea25b4176adba5 -> 
  custom:scripting/monoscript/fileName/UnityEngine_RayWrap.cs: 0b84fbe6cabdb1173feb41e835ef3a40 -> 
  custom:video-codec-MediaFoundation-h265: 746d11721c4dcdbdad8f713fa42b33f4 -> 
  custom:video-decoder-ogg-theora: a1e56fd34408186e4bbccfd4996cb3dc -> 
  custom:framework-win-MediaFoundation: 216162199b28c13a410421893ffa2e32 -> 
  custom:scripting/monoscript/fileName/UnityEngine_TimeWrap.cs: 5e744018ad83dc4e6b5341356b280ff7 -> 
  custom:scripting/monoscript/fileName/UnityEngine_AnimationClipWrap.cs: 77a92debc688d37d0c76ed29e7849dc6 -> 
  custom:scripting/monoscript/fileName/UnityEngine_MonoBehaviourWrap.cs: 04d351bf9d6db68acd2847f2651b2d6b -> 
  custom:scripting/monoscript/fileName/UnityEngine_MathfWrap.cs: 333033f071a58c53b030860e1dc36f4e -> 
  custom:scripting/monoscript/fileName/UnityEngine_ResourcesWrap.cs: 698ab99237a4262ce7f88356cded464a -> 
  custom:CustomObjectIndexerAttribute: 9a22284fe3817be447336de3de66b15e -> 
  custom:container-demuxer-webm: 4f35f7cbe854078d1ac9338744f61a02 -> 
  custom:scripting/monoscript/fileName/UnityEngine_ParticleSystemWrap.cs: eee33c4ac5a2b762ef5a90683fe90f0f -> 
  custom:scripting/monoscript/fileName/UnityEngine_BoundsWrap.cs: 3dd26eeb95bac2de8ce2da585d995261 -> 
  custom:scripting/monoscript/fileName/UnityEngine_KeyframeWrap.cs: f022c20884bfebd1cdba5d0a32b69287 -> 
  custom:container-muxer-webm: aa71ff27fc2769a1b78a27578f13a17b -> 
  custom:video-decoder-webm-vp8: 9c59270c3fd7afecdb556c50c9e8de78 -> 
  custom:scripting/monoscript/fileName/System_Collections_Generic_List_1_System_Int32_Wrap.cs: 0d81f6d3ce2afe6f735fa61fb6f44318 -> 
  custom:SearchIndexIgnoredProperties: e643bd26f0fe6173181afceb89e7c659 -> 
  custom:scripting/monoscript/fileName/UnityEngine_ColorWrap.cs: a2199b901d8d68ac06d36f834d48f0de -> 
  custom:AudioImporter_EditorPlatform: d09bf68614088b80899f8185d706f6e7 -> 
  custom:scripting/monoscript/fileName/UnityEngine_Ray2DWrap.cs: 3948513cbdb210ff5fa49a4b2880e106 -> 
  custom:scripting/monoscript/fileName/UnityEngine_ComponentWrap.cs: 3c3e0b9fedb2878f9f3fac771839136b -> 
  custom:scripting/monoscript/fileName/System_ObjectWrap.cs: 9fb5e5ed9e38c23dad1e0232edf0373b -> 
  custom:scripting/monoscript/fileName/UnityEngine_QuaternionWrap.cs: 2be38f3d0f8715c9babd38533b7cc2f6 -> 
  custom:scripting/monoscript/fileName/ExampleGenConfig.cs: 2d21554d83bd53efca28765b954d65c7 -> 
  custom:scripting/monoscript/fileName/UnityEngine_AnimationCurveWrap.cs: a1b4a7dab75f49fff03082ff025e4e5e -> 
  custom:scripting/monoscript/fileName/UnityEngine_LightWrap.cs: afdccdb78964e15816bd84ff574e1d72 -> 
  custom:scripting/monoscript/fileName/System_Collections_IEnumeratorBridge.cs: a6b8b2b6997973169c6bebc4e00197c3 -> 
  custom:video-encoder-webm-vp8: eb34c28f22e8b96e1ab97ce403110664 -> 
  custom:scripting/monoscript/fileName/UnityEngine_Vector2Wrap.cs: d8bd11c5df83747314d76d2e1152a25a -> 
  custom:audio-decoder-ogg-vorbis: bf7c407c2cedff20999df2af8eb42d56 -> 
  custom:scripting/monoscript/fileName/UnityEngine_GameObjectWrap.cs: 499beb086fe32ba82bd6b30d04f108ea -> 
  custom:scripting/monoscript/fileName/UnityEngine_DebugWrap.cs: 2a23054f13a8c643d838dbc57d787e1a -> 
  custom:scripting/monoscript/fileName/UnityEngine_SkinnedMeshRendererWrap.cs: e6c3bb62aa80867a3afe5dcbb6224761 -> 
  custom:scripting/monoscript/fileName/UnityEngine_TextAssetWrap.cs: 96eae3d139831963806db363328bfefe -> 
  custom:scripting/monoscript/fileName/UnityEngine_TransformWrap.cs: 50d916bbc9cc3aa204547c1dbcf1b841 -> 
  custom:scripting/monoscript/fileName/UnityEngine_RendererWrap.cs: e28d66316639c5d4634a4f4176885c0f -> 
  custom:audio-encoder-webm-vorbis: bf7c407c2cedff20999df2af8eb42d56 -> 
  custom:scripting/monoscript/fileName/UnityEngine_Vector4Wrap.cs: e876ed87f63c3dc401e686c851325f69 -> 
  custom:scripting/monoscript/fileName/UnityEngine_ObjectWrap.cs: d239f04268fb712161f840d533347443 -> 
  custom:scripting/precompiled-assembly-types:Assembly-CSharp: b6f6826115f6ce21e7ac599e249680bb -> e72714bde2f0db21cfc2a265dc5c1124
========================================================================
Received Prepare
Caller must complete domain reload
Begin MonoManager ReloadAssembly
- Loaded All Assemblies, in  0.975 seconds
Native extension for WindowsStandalone target not found
Native extension for WebGL target not found
Mono: successfully reloaded assembly
- Finished resetting the current domain, in  2.266 seconds
Domain Reload Profiling: 3225ms
	BeginReloadAssembly (296ms)
		ExecutionOrderSort (0ms)
		DisableScriptedObjects (11ms)
		BackupInstance (0ms)
		ReleaseScriptingObjects (0ms)
		CreateAndSetChildDomain (53ms)
	RebuildCommonClasses (67ms)
	RebuildNativeTypeToScriptingClass (31ms)
	initialDomainReloadingComplete (78ms)
	LoadAllAssembliesAndSetupDomain (485ms)
		LoadAssemblies (620ms)
		RebuildTransferFunctionScriptingTraits (0ms)
		AnalyzeDomain (30ms)
			TypeCache.Refresh (15ms)
				TypeCache.ScanAssembly (0ms)
			ScanForSourceGeneratedMonoScriptInfo (0ms)
			ResolveRequiredComponents (11ms)
	FinalizeReload (2267ms)
		ReleaseScriptCaches (0ms)
		RebuildScriptCaches (0ms)
		SetupLoadedEditorAssemblies (970ms)
			LogAssemblyErrors (0ms)
			InitializePlatformSupportModulesInManaged (17ms)
			SetLoadedEditorAssemblies (9ms)
			RefreshPlugins (0ms)
			BeforeProcessingInitializeOnLoad (159ms)
			ProcessInitializeOnLoadAttributes (696ms)
			ProcessInitializeOnLoadMethodAttributes (59ms)
			AfterProcessingInitializeOnLoad (30ms)
			EditorAssembliesLoaded (0ms)
		ExecutionOrderSort2 (0ms)
		AwakeInstancesAfterBackupRestoration (22ms)
Refreshing native plugins compatible for Editor in 20.47 ms, found 4 plugins.
Preloading 0 native plugins for Editor in 0.00 ms.
Unloading 3282 Unused Serialized files (Serialized files now loaded: 0)
Unloading 16 unused Assets / (28.5 KB). Loaded Objects now: 3931.
Memory consumption went from 126.7 MB to 126.7 MB.
Total: 5.173100 ms (FindLiveObjects: 0.491700 ms CreateObjectMapping: 0.382700 ms MarkObjects: 4.226900 ms  DeleteObjects: 0.070200 ms)

Prepare: number of updated asset objects reloaded= 0
AssetImportParameters requested are different than current active one (requested -> active):
  custom:scripting/monoscript/fileName/UnityEngine_BehaviourWrap.cs: 07f04650a03b829841e9fab9d7740454 -> 
  custom:container-demuxer-ogg: 62fdf1f143b41e24485cea50d1cbac27 -> 
  custom:scripting/monoscript/fileName/UnityEngine_Vector3Wrap.cs: 63f465b9380555daafea25b4176adba5 -> 
  custom:scripting/monoscript/fileName/UnityEngine_RayWrap.cs: 0b84fbe6cabdb1173feb41e835ef3a40 -> 
  custom:video-codec-MediaFoundation-h265: 746d11721c4dcdbdad8f713fa42b33f4 -> 
  custom:video-decoder-ogg-theora: a1e56fd34408186e4bbccfd4996cb3dc -> 
  custom:framework-win-MediaFoundation: 216162199b28c13a410421893ffa2e32 -> 
  custom:scripting/monoscript/fileName/UnityEngine_TimeWrap.cs: 5e744018ad83dc4e6b5341356b280ff7 -> 
  custom:scripting/monoscript/fileName/UnityEngine_AnimationClipWrap.cs: 77a92debc688d37d0c76ed29e7849dc6 -> 
  custom:scripting/monoscript/fileName/UnityEngine_MonoBehaviourWrap.cs: 04d351bf9d6db68acd2847f2651b2d6b -> 
  custom:scripting/monoscript/fileName/UnityEngine_MathfWrap.cs: 333033f071a58c53b030860e1dc36f4e -> 
  custom:scripting/monoscript/fileName/UnityEngine_ResourcesWrap.cs: 698ab99237a4262ce7f88356cded464a -> 
  custom:CustomObjectIndexerAttribute: 9a22284fe3817be447336de3de66b15e -> 
  custom:container-demuxer-webm: 4f35f7cbe854078d1ac9338744f61a02 -> 
  custom:scripting/monoscript/fileName/UnityEngine_ParticleSystemWrap.cs: eee33c4ac5a2b762ef5a90683fe90f0f -> 
  custom:scripting/monoscript/fileName/UnityEngine_BoundsWrap.cs: 3dd26eeb95bac2de8ce2da585d995261 -> 
  custom:scripting/monoscript/fileName/UnityEngine_KeyframeWrap.cs: f022c20884bfebd1cdba5d0a32b69287 -> 
  custom:container-muxer-webm: aa71ff27fc2769a1b78a27578f13a17b -> 
  custom:video-decoder-webm-vp8: 9c59270c3fd7afecdb556c50c9e8de78 -> 
  custom:scripting/monoscript/fileName/System_Collections_Generic_List_1_System_Int32_Wrap.cs: 0d81f6d3ce2afe6f735fa61fb6f44318 -> 
  custom:SearchIndexIgnoredProperties: e643bd26f0fe6173181afceb89e7c659 -> 
  custom:scripting/monoscript/fileName/UnityEngine_ColorWrap.cs: a2199b901d8d68ac06d36f834d48f0de -> 
  custom:AudioImporter_EditorPlatform: d09bf68614088b80899f8185d706f6e7 -> 
  custom:scripting/monoscript/fileName/UnityEngine_Ray2DWrap.cs: 3948513cbdb210ff5fa49a4b2880e106 -> 
  custom:scripting/monoscript/fileName/UnityEngine_ComponentWrap.cs: 3c3e0b9fedb2878f9f3fac771839136b -> 
  custom:scripting/monoscript/fileName/System_ObjectWrap.cs: 9fb5e5ed9e38c23dad1e0232edf0373b -> 
  custom:scripting/monoscript/fileName/UnityEngine_QuaternionWrap.cs: 2be38f3d0f8715c9babd38533b7cc2f6 -> 
  custom:scripting/monoscript/fileName/ExampleGenConfig.cs: 2d21554d83bd53efca28765b954d65c7 -> 
  custom:scripting/monoscript/fileName/UnityEngine_AnimationCurveWrap.cs: a1b4a7dab75f49fff03082ff025e4e5e -> 
  custom:scripting/monoscript/fileName/UnityEngine_LightWrap.cs: afdccdb78964e15816bd84ff574e1d72 -> 
  custom:scripting/monoscript/fileName/System_Collections_IEnumeratorBridge.cs: a6b8b2b6997973169c6bebc4e00197c3 -> 
  custom:video-encoder-webm-vp8: eb34c28f22e8b96e1ab97ce403110664 -> 
  custom:scripting/monoscript/fileName/UnityEngine_Vector2Wrap.cs: d8bd11c5df83747314d76d2e1152a25a -> 
  custom:audio-decoder-ogg-vorbis: bf7c407c2cedff20999df2af8eb42d56 -> 
  custom:scripting/monoscript/fileName/UnityEngine_GameObjectWrap.cs: 499beb086fe32ba82bd6b30d04f108ea -> 
  custom:scripting/monoscript/fileName/UnityEngine_DebugWrap.cs: 2a23054f13a8c643d838dbc57d787e1a -> 
  custom:scripting/monoscript/fileName/UnityEngine_SkinnedMeshRendererWrap.cs: e6c3bb62aa80867a3afe5dcbb6224761 -> 
  custom:scripting/monoscript/fileName/UnityEngine_TextAssetWrap.cs: 96eae3d139831963806db363328bfefe -> 
  custom:scripting/monoscript/fileName/UnityEngine_TransformWrap.cs: 50d916bbc9cc3aa204547c1dbcf1b841 -> 
  custom:scripting/monoscript/fileName/UnityEngine_RendererWrap.cs: e28d66316639c5d4634a4f4176885c0f -> 
  custom:audio-encoder-webm-vorbis: bf7c407c2cedff20999df2af8eb42d56 -> 
  custom:scripting/monoscript/fileName/UnityEngine_Vector4Wrap.cs: e876ed87f63c3dc401e686c851325f69 -> 
  custom:scripting/monoscript/fileName/UnityEngine_ObjectWrap.cs: d239f04268fb712161f840d533347443 -> 
  custom:scripting/precompiled-assembly-types:Assembly-CSharp: b6f6826115f6ce21e7ac599e249680bb -> e72714bde2f0db21cfc2a265dc5c1124
========================================================================
Received Prepare
Caller must complete domain reload
Begin MonoManager ReloadAssembly
- Loaded All Assemblies, in  1.086 seconds
Native extension for WindowsStandalone target not found
Native extension for WebGL target not found
Mono: successfully reloaded assembly
- Finished resetting the current domain, in  1.944 seconds
Domain Reload Profiling: 3014ms
	BeginReloadAssembly (318ms)
		ExecutionOrderSort (0ms)
		DisableScriptedObjects (11ms)
		BackupInstance (0ms)
		ReleaseScriptingObjects (0ms)
		CreateAndSetChildDomain (56ms)
	RebuildCommonClasses (86ms)
	RebuildNativeTypeToScriptingClass (21ms)
	initialDomainReloadingComplete (78ms)
	LoadAllAssembliesAndSetupDomain (566ms)
		LoadAssemblies (690ms)
		RebuildTransferFunctionScriptingTraits (0ms)
		AnalyzeDomain (62ms)
			TypeCache.Refresh (24ms)
				TypeCache.ScanAssembly (6ms)
			ScanForSourceGeneratedMonoScriptInfo (22ms)
			ResolveRequiredComponents (11ms)
	FinalizeReload (1945ms)
		ReleaseScriptCaches (0ms)
		RebuildScriptCaches (0ms)
		SetupLoadedEditorAssemblies (774ms)
			LogAssemblyErrors (0ms)
			InitializePlatformSupportModulesInManaged (15ms)
			SetLoadedEditorAssemblies (7ms)
			RefreshPlugins (0ms)
			BeforeProcessingInitializeOnLoad (130ms)
			ProcessInitializeOnLoadAttributes (553ms)
			ProcessInitializeOnLoadMethodAttributes (44ms)
			AfterProcessingInitializeOnLoad (24ms)
			EditorAssembliesLoaded (0ms)
		ExecutionOrderSort2 (0ms)
		AwakeInstancesAfterBackupRestoration (17ms)
Refreshing native plugins compatible for Editor in 17.56 ms, found 4 plugins.
Preloading 0 native plugins for Editor in 0.00 ms.
Unloading 3282 Unused Serialized files (Serialized files now loaded: 0)
Unloading 16 unused Assets / (28.5 KB). Loaded Objects now: 3934.
Memory consumption went from 126.7 MB to 126.7 MB.
Total: 5.280800 ms (FindLiveObjects: 0.392700 ms CreateObjectMapping: 0.314900 ms MarkObjects: 4.507700 ms  DeleteObjects: 0.063700 ms)

Prepare: number of updated asset objects reloaded= 0
AssetImportParameters requested are different than current active one (requested -> active):
  custom:scripting/monoscript/fileName/UnityEngine_BehaviourWrap.cs: 07f04650a03b829841e9fab9d7740454 -> 
  custom:container-demuxer-ogg: 62fdf1f143b41e24485cea50d1cbac27 -> 
  custom:scripting/monoscript/fileName/UnityEngine_Vector3Wrap.cs: 63f465b9380555daafea25b4176adba5 -> 
  custom:scripting/monoscript/fileName/UnityEngine_RayWrap.cs: 0b84fbe6cabdb1173feb41e835ef3a40 -> 
  custom:video-codec-MediaFoundation-h265: 746d11721c4dcdbdad8f713fa42b33f4 -> 
  custom:video-decoder-ogg-theora: a1e56fd34408186e4bbccfd4996cb3dc -> 
  custom:framework-win-MediaFoundation: 216162199b28c13a410421893ffa2e32 -> 
  custom:scripting/monoscript/fileName/UnityEngine_TimeWrap.cs: 5e744018ad83dc4e6b5341356b280ff7 -> 
  custom:scripting/monoscript/fileName/UnityEngine_AnimationClipWrap.cs: 77a92debc688d37d0c76ed29e7849dc6 -> 
  custom:scripting/monoscript/fileName/UnityEngine_MonoBehaviourWrap.cs: 04d351bf9d6db68acd2847f2651b2d6b -> 
  custom:scripting/monoscript/fileName/UnityEngine_MathfWrap.cs: 333033f071a58c53b030860e1dc36f4e -> 
  custom:scripting/monoscript/fileName/UnityEngine_ResourcesWrap.cs: 698ab99237a4262ce7f88356cded464a -> 
  custom:CustomObjectIndexerAttribute: 9a22284fe3817be447336de3de66b15e -> 
  custom:container-demuxer-webm: 4f35f7cbe854078d1ac9338744f61a02 -> 
  custom:scripting/monoscript/fileName/UnityEngine_ParticleSystemWrap.cs: eee33c4ac5a2b762ef5a90683fe90f0f -> 
  custom:scripting/monoscript/fileName/UnityEngine_BoundsWrap.cs: 3dd26eeb95bac2de8ce2da585d995261 -> 
  custom:scripting/monoscript/fileName/UnityEngine_KeyframeWrap.cs: f022c20884bfebd1cdba5d0a32b69287 -> 
  custom:container-muxer-webm: aa71ff27fc2769a1b78a27578f13a17b -> 
  custom:video-decoder-webm-vp8: 9c59270c3fd7afecdb556c50c9e8de78 -> 
  custom:scripting/monoscript/fileName/System_Collections_Generic_List_1_System_Int32_Wrap.cs: 0d81f6d3ce2afe6f735fa61fb6f44318 -> 
  custom:SearchIndexIgnoredProperties: e643bd26f0fe6173181afceb89e7c659 -> 
  custom:scripting/monoscript/fileName/UnityEngine_ColorWrap.cs: a2199b901d8d68ac06d36f834d48f0de -> 
  custom:AudioImporter_EditorPlatform: d09bf68614088b80899f8185d706f6e7 -> 
  custom:scripting/monoscript/fileName/UnityEngine_Ray2DWrap.cs: 3948513cbdb210ff5fa49a4b2880e106 -> 
  custom:scripting/monoscript/fileName/UnityEngine_ComponentWrap.cs: 3c3e0b9fedb2878f9f3fac771839136b -> 
  custom:scripting/monoscript/fileName/System_ObjectWrap.cs: 9fb5e5ed9e38c23dad1e0232edf0373b -> 
  custom:scripting/monoscript/fileName/UnityEngine_QuaternionWrap.cs: 2be38f3d0f8715c9babd38533b7cc2f6 -> 
  custom:scripting/monoscript/fileName/ExampleGenConfig.cs: 2d21554d83bd53efca28765b954d65c7 -> 
  custom:scripting/monoscript/fileName/UnityEngine_AnimationCurveWrap.cs: a1b4a7dab75f49fff03082ff025e4e5e -> 
  custom:scripting/monoscript/fileName/UnityEngine_LightWrap.cs: afdccdb78964e15816bd84ff574e1d72 -> 
  custom:scripting/monoscript/fileName/System_Collections_IEnumeratorBridge.cs: a6b8b2b6997973169c6bebc4e00197c3 -> 
  custom:video-encoder-webm-vp8: eb34c28f22e8b96e1ab97ce403110664 -> 
  custom:scripting/monoscript/fileName/UnityEngine_Vector2Wrap.cs: d8bd11c5df83747314d76d2e1152a25a -> 
  custom:audio-decoder-ogg-vorbis: bf7c407c2cedff20999df2af8eb42d56 -> 
  custom:scripting/monoscript/fileName/UnityEngine_GameObjectWrap.cs: 499beb086fe32ba82bd6b30d04f108ea -> 
  custom:scripting/monoscript/fileName/UnityEngine_DebugWrap.cs: 2a23054f13a8c643d838dbc57d787e1a -> 
  custom:scripting/monoscript/fileName/UnityEngine_SkinnedMeshRendererWrap.cs: e6c3bb62aa80867a3afe5dcbb6224761 -> 
  custom:scripting/monoscript/fileName/UnityEngine_TextAssetWrap.cs: 96eae3d139831963806db363328bfefe -> 
  custom:scripting/monoscript/fileName/UnityEngine_TransformWrap.cs: 50d916bbc9cc3aa204547c1dbcf1b841 -> 
  custom:scripting/monoscript/fileName/UnityEngine_RendererWrap.cs: e28d66316639c5d4634a4f4176885c0f -> 
  custom:audio-encoder-webm-vorbis: bf7c407c2cedff20999df2af8eb42d56 -> 
  custom:scripting/monoscript/fileName/UnityEngine_Vector4Wrap.cs: e876ed87f63c3dc401e686c851325f69 -> 
  custom:scripting/monoscript/fileName/UnityEngine_ObjectWrap.cs: d239f04268fb712161f840d533347443 -> 
  custom:scripting/precompiled-assembly-types:Assembly-CSharp: b6f6826115f6ce21e7ac599e249680bb -> e72714bde2f0db21cfc2a265dc5c1124
========================================================================
Received Prepare
Caller must complete domain reload
Begin MonoManager ReloadAssembly
- Loaded All Assemblies, in  1.242 seconds
Native extension for WindowsStandalone target not found
Native extension for WebGL target not found
Mono: successfully reloaded assembly
- Finished resetting the current domain, in  1.926 seconds
Domain Reload Profiling: 3149ms
	BeginReloadAssembly (296ms)
		ExecutionOrderSort (0ms)
		DisableScriptedObjects (10ms)
		BackupInstance (0ms)
		ReleaseScriptingObjects (0ms)
		CreateAndSetChildDomain (56ms)
	RebuildCommonClasses (69ms)
	RebuildNativeTypeToScriptingClass (22ms)
	initialDomainReloadingComplete (77ms)
	LoadAllAssembliesAndSetupDomain (758ms)
		LoadAssemblies (680ms)
		RebuildTransferFunctionScriptingTraits (0ms)
		AnalyzeDomain (248ms)
			TypeCache.Refresh (195ms)
				TypeCache.ScanAssembly (166ms)
			ScanForSourceGeneratedMonoScriptInfo (38ms)
			ResolveRequiredComponents (11ms)
	FinalizeReload (1927ms)
		ReleaseScriptCaches (0ms)
		RebuildScriptCaches (0ms)
		SetupLoadedEditorAssemblies (780ms)
			LogAssemblyErrors (0ms)
			InitializePlatformSupportModulesInManaged (15ms)
			SetLoadedEditorAssemblies (5ms)
			RefreshPlugins (0ms)
			BeforeProcessingInitializeOnLoad (125ms)
			ProcessInitializeOnLoadAttributes (562ms)
			ProcessInitializeOnLoadMethodAttributes (46ms)
			AfterProcessingInitializeOnLoad (26ms)
			EditorAssembliesLoaded (0ms)
		ExecutionOrderSort2 (0ms)
		AwakeInstancesAfterBackupRestoration (18ms)
Refreshing native plugins compatible for Editor in 20.82 ms, found 4 plugins.
Preloading 0 native plugins for Editor in 0.00 ms.
Unloading 3282 Unused Serialized files (Serialized files now loaded: 0)
Unloading 16 unused Assets / (28.5 KB). Loaded Objects now: 3937.
Memory consumption went from 126.7 MB to 126.7 MB.
Total: 4.621600 ms (FindLiveObjects: 0.390900 ms CreateObjectMapping: 0.312800 ms MarkObjects: 3.848900 ms  DeleteObjects: 0.067100 ms)

Prepare: number of updated asset objects reloaded= 0
AssetImportParameters requested are different than current active one (requested -> active):
  custom:scripting/monoscript/fileName/UnityEngine_BehaviourWrap.cs: 07f04650a03b829841e9fab9d7740454 -> 
  custom:container-demuxer-ogg: 62fdf1f143b41e24485cea50d1cbac27 -> 
  custom:scripting/monoscript/fileName/UnityEngine_Vector3Wrap.cs: 63f465b9380555daafea25b4176adba5 -> 
  custom:scripting/monoscript/fileName/UnityEngine_RayWrap.cs: 0b84fbe6cabdb1173feb41e835ef3a40 -> 
  custom:video-codec-MediaFoundation-h265: 746d11721c4dcdbdad8f713fa42b33f4 -> 
  custom:video-decoder-ogg-theora: a1e56fd34408186e4bbccfd4996cb3dc -> 
  custom:framework-win-MediaFoundation: 216162199b28c13a410421893ffa2e32 -> 
  custom:scripting/monoscript/fileName/UnityEngine_TimeWrap.cs: 5e744018ad83dc4e6b5341356b280ff7 -> 
  custom:scripting/monoscript/fileName/UnityEngine_AnimationClipWrap.cs: 77a92debc688d37d0c76ed29e7849dc6 -> 
  custom:scripting/monoscript/fileName/UnityEngine_MonoBehaviourWrap.cs: 04d351bf9d6db68acd2847f2651b2d6b -> 
  custom:scripting/monoscript/fileName/UnityEngine_MathfWrap.cs: 333033f071a58c53b030860e1dc36f4e -> 
  custom:scripting/monoscript/fileName/UnityEngine_ResourcesWrap.cs: 698ab99237a4262ce7f88356cded464a -> 
  custom:CustomObjectIndexerAttribute: 9a22284fe3817be447336de3de66b15e -> 
  custom:container-demuxer-webm: 4f35f7cbe854078d1ac9338744f61a02 -> 
  custom:scripting/monoscript/fileName/UnityEngine_ParticleSystemWrap.cs: eee33c4ac5a2b762ef5a90683fe90f0f -> 
  custom:scripting/monoscript/fileName/UnityEngine_BoundsWrap.cs: 3dd26eeb95bac2de8ce2da585d995261 -> 
  custom:scripting/monoscript/fileName/UnityEngine_KeyframeWrap.cs: f022c20884bfebd1cdba5d0a32b69287 -> 
  custom:container-muxer-webm: aa71ff27fc2769a1b78a27578f13a17b -> 
  custom:video-decoder-webm-vp8: 9c59270c3fd7afecdb556c50c9e8de78 -> 
  custom:scripting/monoscript/fileName/System_Collections_Generic_List_1_System_Int32_Wrap.cs: 0d81f6d3ce2afe6f735fa61fb6f44318 -> 
  custom:SearchIndexIgnoredProperties: e643bd26f0fe6173181afceb89e7c659 -> 
  custom:scripting/monoscript/fileName/UnityEngine_ColorWrap.cs: a2199b901d8d68ac06d36f834d48f0de -> 
  custom:AudioImporter_EditorPlatform: d09bf68614088b80899f8185d706f6e7 -> 
  custom:scripting/monoscript/fileName/UnityEngine_Ray2DWrap.cs: 3948513cbdb210ff5fa49a4b2880e106 -> 
  custom:scripting/monoscript/fileName/UnityEngine_ComponentWrap.cs: 3c3e0b9fedb2878f9f3fac771839136b -> 
  custom:scripting/monoscript/fileName/System_ObjectWrap.cs: 9fb5e5ed9e38c23dad1e0232edf0373b -> 
  custom:scripting/monoscript/fileName/UnityEngine_QuaternionWrap.cs: 2be38f3d0f8715c9babd38533b7cc2f6 -> 
  custom:scripting/monoscript/fileName/ExampleGenConfig.cs: 2d21554d83bd53efca28765b954d65c7 -> 
  custom:scripting/monoscript/fileName/UnityEngine_AnimationCurveWrap.cs: a1b4a7dab75f49fff03082ff025e4e5e -> 
  custom:scripting/monoscript/fileName/UnityEngine_LightWrap.cs: afdccdb78964e15816bd84ff574e1d72 -> 
  custom:scripting/monoscript/fileName/System_Collections_IEnumeratorBridge.cs: a6b8b2b6997973169c6bebc4e00197c3 -> 
  custom:video-encoder-webm-vp8: eb34c28f22e8b96e1ab97ce403110664 -> 
  custom:scripting/monoscript/fileName/UnityEngine_Vector2Wrap.cs: d8bd11c5df83747314d76d2e1152a25a -> 
  custom:audio-decoder-ogg-vorbis: bf7c407c2cedff20999df2af8eb42d56 -> 
  custom:scripting/monoscript/fileName/UnityEngine_GameObjectWrap.cs: 499beb086fe32ba82bd6b30d04f108ea -> 
  custom:scripting/monoscript/fileName/UnityEngine_DebugWrap.cs: 2a23054f13a8c643d838dbc57d787e1a -> 
  custom:scripting/monoscript/fileName/UnityEngine_SkinnedMeshRendererWrap.cs: e6c3bb62aa80867a3afe5dcbb6224761 -> 
  custom:scripting/monoscript/fileName/UnityEngine_TextAssetWrap.cs: 96eae3d139831963806db363328bfefe -> 
  custom:scripting/monoscript/fileName/Hotfix.cs: 54d9f1ade52076024b3f1e4e7c41699b -> 
  custom:scripting/monoscript/fileName/UnityEngine_TransformWrap.cs: 50d916bbc9cc3aa204547c1dbcf1b841 -> 
  custom:scripting/monoscript/fileName/UnityEngine_RendererWrap.cs: e28d66316639c5d4634a4f4176885c0f -> 
  custom:audio-encoder-webm-vorbis: bf7c407c2cedff20999df2af8eb42d56 -> 
  custom:scripting/monoscript/fileName/UnityEngine_Vector4Wrap.cs: e876ed87f63c3dc401e686c851325f69 -> 
  custom:scripting/precompiled-assembly-types:Assembly-CSharp-Editor: a8074916e553e097405b5991a4cb4578 -> 6325889ca3d690caac56de41d2536aa9
  custom:scripting/monoscript/fileName/UnityEngine_ObjectWrap.cs: d239f04268fb712161f840d533347443 -> 
  custom:scripting/precompiled-assembly-types:Assembly-CSharp: b6f6826115f6ce21e7ac599e249680bb -> e72714bde2f0db21cfc2a265dc5c1124
========================================================================
Received Prepare
Caller must complete domain reload
Begin MonoManager ReloadAssembly
- Loaded All Assemblies, in  1.019 seconds
Native extension for WindowsStandalone target not found
Native extension for WebGL target not found
Mono: successfully reloaded assembly
- Finished resetting the current domain, in  2.042 seconds
Domain Reload Profiling: 3044ms
	BeginReloadAssembly (318ms)
		ExecutionOrderSort (0ms)
		DisableScriptedObjects (15ms)
		BackupInstance (0ms)
		ReleaseScriptingObjects (0ms)
		CreateAndSetChildDomain (58ms)
	RebuildCommonClasses (76ms)
	RebuildNativeTypeToScriptingClass (23ms)
	initialDomainReloadingComplete (71ms)
	LoadAllAssembliesAndSetupDomain (514ms)
		LoadAssemblies (651ms)
		RebuildTransferFunctionScriptingTraits (0ms)
		AnalyzeDomain (37ms)
			TypeCache.Refresh (16ms)
				TypeCache.ScanAssembly (0ms)
			ScanForSourceGeneratedMonoScriptInfo (1ms)
			ResolveRequiredComponents (15ms)
	FinalizeReload (2043ms)
		ReleaseScriptCaches (0ms)
		RebuildScriptCaches (0ms)
		SetupLoadedEditorAssemblies (797ms)
			LogAssemblyErrors (0ms)
			InitializePlatformSupportModulesInManaged (20ms)
			SetLoadedEditorAssemblies (9ms)
			RefreshPlugins (0ms)
			BeforeProcessingInitializeOnLoad (127ms)
			ProcessInitializeOnLoadAttributes (569ms)
			ProcessInitializeOnLoadMethodAttributes (45ms)
			AfterProcessingInitializeOnLoad (26ms)
			EditorAssembliesLoaded (0ms)
		ExecutionOrderSort2 (0ms)
		AwakeInstancesAfterBackupRestoration (19ms)
Refreshing native plugins compatible for Editor in 20.80 ms, found 4 plugins.
Preloading 0 native plugins for Editor in 0.00 ms.
Unloading 3282 Unused Serialized files (Serialized files now loaded: 0)
Unloading 16 unused Assets / (28.5 KB). Loaded Objects now: 3940.
Memory consumption went from 126.7 MB to 126.7 MB.
Total: 4.884400 ms (FindLiveObjects: 0.400800 ms CreateObjectMapping: 0.365100 ms MarkObjects: 4.047300 ms  DeleteObjects: 0.069800 ms)

Prepare: number of updated asset objects reloaded= 0
AssetImportParameters requested are different than current active one (requested -> active):
  custom:scripting/monoscript/fileName/UnityEngine_BehaviourWrap.cs: 07f04650a03b829841e9fab9d7740454 -> 
  custom:container-demuxer-ogg: 62fdf1f143b41e24485cea50d1cbac27 -> 
  custom:scripting/monoscript/fileName/UnityEngine_Vector3Wrap.cs: 63f465b9380555daafea25b4176adba5 -> 
  custom:scripting/monoscript/fileName/UnityEngine_RayWrap.cs: 0b84fbe6cabdb1173feb41e835ef3a40 -> 
  custom:video-codec-MediaFoundation-h265: 746d11721c4dcdbdad8f713fa42b33f4 -> 
  custom:video-decoder-ogg-theora: a1e56fd34408186e4bbccfd4996cb3dc -> 
  custom:framework-win-MediaFoundation: 216162199b28c13a410421893ffa2e32 -> 
  custom:scripting/monoscript/fileName/UnityEngine_TimeWrap.cs: 5e744018ad83dc4e6b5341356b280ff7 -> 
  custom:scripting/monoscript/fileName/UnityEngine_AnimationClipWrap.cs: 77a92debc688d37d0c76ed29e7849dc6 -> 
  custom:scripting/monoscript/fileName/UnityEngine_MonoBehaviourWrap.cs: 04d351bf9d6db68acd2847f2651b2d6b -> 
  custom:scripting/monoscript/fileName/UnityEngine_MathfWrap.cs: 333033f071a58c53b030860e1dc36f4e -> 
  custom:scripting/monoscript/fileName/UnityEngine_ResourcesWrap.cs: 698ab99237a4262ce7f88356cded464a -> 
  custom:CustomObjectIndexerAttribute: 9a22284fe3817be447336de3de66b15e -> 
  custom:container-demuxer-webm: 4f35f7cbe854078d1ac9338744f61a02 -> 
  custom:scripting/monoscript/fileName/UnityEngine_ParticleSystemWrap.cs: eee33c4ac5a2b762ef5a90683fe90f0f -> 
  custom:scripting/monoscript/fileName/UnityEngine_BoundsWrap.cs: 3dd26eeb95bac2de8ce2da585d995261 -> 
  custom:scripting/monoscript/fileName/UnityEngine_KeyframeWrap.cs: f022c20884bfebd1cdba5d0a32b69287 -> 
  custom:container-muxer-webm: aa71ff27fc2769a1b78a27578f13a17b -> 
  custom:video-decoder-webm-vp8: 9c59270c3fd7afecdb556c50c9e8de78 -> 
  custom:scripting/monoscript/fileName/System_Collections_Generic_List_1_System_Int32_Wrap.cs: 0d81f6d3ce2afe6f735fa61fb6f44318 -> 
  custom:SearchIndexIgnoredProperties: e643bd26f0fe6173181afceb89e7c659 -> 
  custom:scripting/monoscript/fileName/UnityEngine_ColorWrap.cs: a2199b901d8d68ac06d36f834d48f0de -> 
  custom:AudioImporter_EditorPlatform: d09bf68614088b80899f8185d706f6e7 -> 
  custom:scripting/monoscript/fileName/UnityEngine_Ray2DWrap.cs: 3948513cbdb210ff5fa49a4b2880e106 -> 
  custom:scripting/monoscript/fileName/UnityEngine_ComponentWrap.cs: 3c3e0b9fedb2878f9f3fac771839136b -> 
  custom:scripting/monoscript/fileName/System_ObjectWrap.cs: 9fb5e5ed9e38c23dad1e0232edf0373b -> 
  custom:scripting/monoscript/fileName/UnityEngine_QuaternionWrap.cs: 2be38f3d0f8715c9babd38533b7cc2f6 -> 
  custom:scripting/monoscript/fileName/ExampleGenConfig.cs: 2d21554d83bd53efca28765b954d65c7 -> 
  custom:scripting/monoscript/fileName/UnityEngine_AnimationCurveWrap.cs: a1b4a7dab75f49fff03082ff025e4e5e -> 
  custom:scripting/monoscript/fileName/UnityEngine_LightWrap.cs: afdccdb78964e15816bd84ff574e1d72 -> 
  custom:scripting/monoscript/fileName/System_Collections_IEnumeratorBridge.cs: a6b8b2b6997973169c6bebc4e00197c3 -> 
  custom:video-encoder-webm-vp8: eb34c28f22e8b96e1ab97ce403110664 -> 
  custom:scripting/monoscript/fileName/UnityEngine_Vector2Wrap.cs: d8bd11c5df83747314d76d2e1152a25a -> 
  custom:audio-decoder-ogg-vorbis: bf7c407c2cedff20999df2af8eb42d56 -> 
  custom:scripting/monoscript/fileName/UnityEngine_GameObjectWrap.cs: 499beb086fe32ba82bd6b30d04f108ea -> 
  custom:scripting/monoscript/fileName/UnityEngine_DebugWrap.cs: 2a23054f13a8c643d838dbc57d787e1a -> 
  custom:scripting/monoscript/fileName/UnityEngine_SkinnedMeshRendererWrap.cs: e6c3bb62aa80867a3afe5dcbb6224761 -> 
  custom:scripting/monoscript/fileName/UnityEngine_TextAssetWrap.cs: 96eae3d139831963806db363328bfefe -> 
  custom:scripting/monoscript/fileName/Hotfix.cs: 54d9f1ade52076024b3f1e4e7c41699b -> 
  custom:scripting/monoscript/fileName/UnityEngine_TransformWrap.cs: 50d916bbc9cc3aa204547c1dbcf1b841 -> 
  custom:scripting/monoscript/fileName/UnityEngine_RendererWrap.cs: e28d66316639c5d4634a4f4176885c0f -> 
  custom:audio-encoder-webm-vorbis: bf7c407c2cedff20999df2af8eb42d56 -> 
  custom:scripting/monoscript/fileName/UnityEngine_Vector4Wrap.cs: e876ed87f63c3dc401e686c851325f69 -> 
  custom:scripting/precompiled-assembly-types:Assembly-CSharp-Editor: a8074916e553e097405b5991a4cb4578 -> 6325889ca3d690caac56de41d2536aa9
  custom:scripting/monoscript/fileName/UnityEngine_ObjectWrap.cs: d239f04268fb712161f840d533347443 -> 
  custom:scripting/precompiled-assembly-types:Assembly-CSharp: b6f6826115f6ce21e7ac599e249680bb -> e72714bde2f0db21cfc2a265dc5c1124
========================================================================
Received Prepare
Caller must complete domain reload
Begin MonoManager ReloadAssembly
- Loaded All Assemblies, in  0.981 seconds
Native extension for WindowsStandalone target not found
Native extension for WebGL target not found
Mono: successfully reloaded assembly
- Finished resetting the current domain, in  2.258 seconds
Domain Reload Profiling: 3227ms
	BeginReloadAssembly (303ms)
		ExecutionOrderSort (0ms)
		DisableScriptedObjects (12ms)
		BackupInstance (0ms)
		ReleaseScriptingObjects (0ms)
		CreateAndSetChildDomain (51ms)
	RebuildCommonClasses (65ms)
	RebuildNativeTypeToScriptingClass (22ms)
	initialDomainReloadingComplete (78ms)
	LoadAllAssembliesAndSetupDomain (500ms)
		LoadAssemblies (644ms)
		RebuildTransferFunctionScriptingTraits (0ms)
		AnalyzeDomain (27ms)
			TypeCache.Refresh (11ms)
				TypeCache.ScanAssembly (0ms)
			ScanForSourceGeneratedMonoScriptInfo (0ms)
			ResolveRequiredComponents (11ms)
	FinalizeReload (2259ms)
		ReleaseScriptCaches (0ms)
		RebuildScriptCaches (0ms)
		SetupLoadedEditorAssemblies (934ms)
			LogAssemblyErrors (0ms)
			InitializePlatformSupportModulesInManaged (22ms)
			SetLoadedEditorAssemblies (7ms)
			RefreshPlugins (0ms)
			BeforeProcessingInitializeOnLoad (160ms)
			ProcessInitializeOnLoadAttributes (658ms)
			ProcessInitializeOnLoadMethodAttributes (58ms)
			AfterProcessingInitializeOnLoad (30ms)
			EditorAssembliesLoaded (0ms)
		ExecutionOrderSort2 (0ms)
		AwakeInstancesAfterBackupRestoration (24ms)
Refreshing native plugins compatible for Editor in 25.58 ms, found 4 plugins.
Preloading 0 native plugins for Editor in 0.00 ms.
Unloading 3282 Unused Serialized files (Serialized files now loaded: 0)
Unloading 16 unused Assets / (28.5 KB). Loaded Objects now: 3943.
Memory consumption went from 126.7 MB to 126.7 MB.
Total: 7.053500 ms (FindLiveObjects: 0.402000 ms CreateObjectMapping: 0.351300 ms MarkObjects: 6.158700 ms  DeleteObjects: 0.138200 ms)

Prepare: number of updated asset objects reloaded= 0
AssetImportParameters requested are different than current active one (requested -> active):
  custom:scripting/monoscript/fileName/UnityEngine_BehaviourWrap.cs: 07f04650a03b829841e9fab9d7740454 -> 
  custom:container-demuxer-ogg: 62fdf1f143b41e24485cea50d1cbac27 -> 
  custom:scripting/monoscript/fileName/UnityEngine_Vector3Wrap.cs: 63f465b9380555daafea25b4176adba5 -> 
  custom:scripting/monoscript/fileName/UnityEngine_RayWrap.cs: 0b84fbe6cabdb1173feb41e835ef3a40 -> 
  custom:video-codec-MediaFoundation-h265: 746d11721c4dcdbdad8f713fa42b33f4 -> 
  custom:video-decoder-ogg-theora: a1e56fd34408186e4bbccfd4996cb3dc -> 
  custom:framework-win-MediaFoundation: 216162199b28c13a410421893ffa2e32 -> 
  custom:scripting/monoscript/fileName/UnityEngine_TimeWrap.cs: 5e744018ad83dc4e6b5341356b280ff7 -> 
  custom:scripting/monoscript/fileName/UnityEngine_AnimationClipWrap.cs: 77a92debc688d37d0c76ed29e7849dc6 -> 
  custom:scripting/monoscript/fileName/UnityEngine_MonoBehaviourWrap.cs: 04d351bf9d6db68acd2847f2651b2d6b -> 
  custom:scripting/monoscript/fileName/UnityEngine_MathfWrap.cs: 333033f071a58c53b030860e1dc36f4e -> 
  custom:scripting/monoscript/fileName/UnityEngine_ResourcesWrap.cs: 698ab99237a4262ce7f88356cded464a -> 
  custom:CustomObjectIndexerAttribute: 9a22284fe3817be447336de3de66b15e -> 
  custom:container-demuxer-webm: 4f35f7cbe854078d1ac9338744f61a02 -> 
  custom:scripting/monoscript/fileName/UnityEngine_ParticleSystemWrap.cs: eee33c4ac5a2b762ef5a90683fe90f0f -> 
  custom:scripting/monoscript/fileName/UnityEngine_BoundsWrap.cs: 3dd26eeb95bac2de8ce2da585d995261 -> 
  custom:scripting/monoscript/fileName/UnityEngine_KeyframeWrap.cs: f022c20884bfebd1cdba5d0a32b69287 -> 
  custom:container-muxer-webm: aa71ff27fc2769a1b78a27578f13a17b -> 
  custom:video-decoder-webm-vp8: 9c59270c3fd7afecdb556c50c9e8de78 -> 
  custom:scripting/monoscript/fileName/System_Collections_Generic_List_1_System_Int32_Wrap.cs: 0d81f6d3ce2afe6f735fa61fb6f44318 -> 
  custom:SearchIndexIgnoredProperties: e643bd26f0fe6173181afceb89e7c659 -> 
  custom:scripting/monoscript/fileName/UnityEngine_ColorWrap.cs: a2199b901d8d68ac06d36f834d48f0de -> 
  custom:AudioImporter_EditorPlatform: d09bf68614088b80899f8185d706f6e7 -> 
  custom:scripting/monoscript/fileName/UnityEngine_Ray2DWrap.cs: 3948513cbdb210ff5fa49a4b2880e106 -> 
  custom:scripting/monoscript/fileName/UnityEngine_ComponentWrap.cs: 3c3e0b9fedb2878f9f3fac771839136b -> 
  custom:scripting/monoscript/fileName/System_ObjectWrap.cs: 9fb5e5ed9e38c23dad1e0232edf0373b -> 
  custom:scripting/monoscript/fileName/UnityEngine_QuaternionWrap.cs: 2be38f3d0f8715c9babd38533b7cc2f6 -> 
  custom:scripting/monoscript/fileName/ExampleGenConfig.cs: 2d21554d83bd53efca28765b954d65c7 -> 
  custom:scripting/monoscript/fileName/UnityEngine_AnimationCurveWrap.cs: a1b4a7dab75f49fff03082ff025e4e5e -> 
  custom:scripting/monoscript/fileName/UnityEngine_LightWrap.cs: afdccdb78964e15816bd84ff574e1d72 -> 
  custom:scripting/monoscript/fileName/System_Collections_IEnumeratorBridge.cs: a6b8b2b6997973169c6bebc4e00197c3 -> 
  custom:video-encoder-webm-vp8: eb34c28f22e8b96e1ab97ce403110664 -> 
  custom:scripting/monoscript/fileName/UnityEngine_Vector2Wrap.cs: d8bd11c5df83747314d76d2e1152a25a -> 
  custom:audio-decoder-ogg-vorbis: bf7c407c2cedff20999df2af8eb42d56 -> 
  custom:scripting/monoscript/fileName/UnityEngine_GameObjectWrap.cs: 499beb086fe32ba82bd6b30d04f108ea -> 
  custom:scripting/monoscript/fileName/UnityEngine_DebugWrap.cs: 2a23054f13a8c643d838dbc57d787e1a -> 
  custom:scripting/monoscript/fileName/UnityEngine_SkinnedMeshRendererWrap.cs: e6c3bb62aa80867a3afe5dcbb6224761 -> 
  custom:scripting/monoscript/fileName/UnityEngine_TextAssetWrap.cs: 96eae3d139831963806db363328bfefe -> 
  custom:scripting/monoscript/fileName/Hotfix.cs: 54d9f1ade52076024b3f1e4e7c41699b -> 
  custom:scripting/monoscript/fileName/UnityEngine_TransformWrap.cs: 50d916bbc9cc3aa204547c1dbcf1b841 -> 
  custom:scripting/monoscript/fileName/UnityEngine_RendererWrap.cs: e28d66316639c5d4634a4f4176885c0f -> 
  custom:audio-encoder-webm-vorbis: bf7c407c2cedff20999df2af8eb42d56 -> 
  custom:scripting/monoscript/fileName/UnityEngine_Vector4Wrap.cs: e876ed87f63c3dc401e686c851325f69 -> 
  custom:scripting/precompiled-assembly-types:Assembly-CSharp-Editor: a8074916e553e097405b5991a4cb4578 -> 6325889ca3d690caac56de41d2536aa9
  custom:scripting/monoscript/fileName/UnityEngine_ObjectWrap.cs: d239f04268fb712161f840d533347443 -> 
  custom:scripting/precompiled-assembly-types:Assembly-CSharp: b6f6826115f6ce21e7ac599e249680bb -> e72714bde2f0db21cfc2a265dc5c1124
========================================================================
Received Prepare
Caller must complete domain reload
Begin MonoManager ReloadAssembly
- Loaded All Assemblies, in  1.009 seconds
Native extension for WindowsStandalone target not found
Native extension for WebGL target not found
Mono: successfully reloaded assembly
- Finished resetting the current domain, in  2.055 seconds
Domain Reload Profiling: 3048ms
	BeginReloadAssembly (296ms)
		ExecutionOrderSort (0ms)
		DisableScriptedObjects (12ms)
		BackupInstance (0ms)
		ReleaseScriptingObjects (0ms)
		CreateAndSetChildDomain (51ms)
	RebuildCommonClasses (78ms)
	RebuildNativeTypeToScriptingClass (22ms)
	initialDomainReloadingComplete (75ms)
	LoadAllAssembliesAndSetupDomain (520ms)
		LoadAssemblies (633ms)
		RebuildTransferFunctionScriptingTraits (0ms)
		AnalyzeDomain (55ms)
			TypeCache.Refresh (22ms)
				TypeCache.ScanAssembly (7ms)
			ScanForSourceGeneratedMonoScriptInfo (16ms)
			ResolveRequiredComponents (13ms)
	FinalizeReload (2057ms)
		ReleaseScriptCaches (0ms)
		RebuildScriptCaches (0ms)
		SetupLoadedEditorAssemblies (809ms)
			LogAssemblyErrors (0ms)
			InitializePlatformSupportModulesInManaged (16ms)
			SetLoadedEditorAssemblies (7ms)
			RefreshPlugins (0ms)
			BeforeProcessingInitializeOnLoad (127ms)
			ProcessInitializeOnLoadAttributes (588ms)
			ProcessInitializeOnLoadMethodAttributes (43ms)
			AfterProcessingInitializeOnLoad (27ms)
			EditorAssembliesLoaded (0ms)
		ExecutionOrderSort2 (0ms)
		AwakeInstancesAfterBackupRestoration (16ms)
Refreshing native plugins compatible for Editor in 19.11 ms, found 4 plugins.
Preloading 0 native plugins for Editor in 0.00 ms.
Unloading 3231 Unused Serialized files (Serialized files now loaded: 0)
Unloading 67 unused Assets / (55.5 KB). Loaded Objects now: 3895.
Memory consumption went from 125.9 MB to 125.8 MB.
Total: 5.192000 ms (FindLiveObjects: 0.450000 ms CreateObjectMapping: 0.418000 ms MarkObjects: 4.165100 ms  DeleteObjects: 0.157300 ms)

Prepare: number of updated asset objects reloaded= 0
AssetImportParameters requested are different than current active one (requested -> active):
  custom:scripting/monoscript/fileName/UnityEngine_BehaviourWrap.cs: 07f04650a03b829841e9fab9d7740454 -> 
  custom:container-demuxer-ogg: 62fdf1f143b41e24485cea50d1cbac27 -> 
  custom:scripting/monoscript/fileName/UnityEngine_Vector3Wrap.cs: 63f465b9380555daafea25b4176adba5 -> 
  custom:scripting/monoscript/fileName/UnityEngine_RayWrap.cs: 0b84fbe6cabdb1173feb41e835ef3a40 -> 
  custom:video-codec-MediaFoundation-h265: 746d11721c4dcdbdad8f713fa42b33f4 -> 
  custom:video-decoder-ogg-theora: a1e56fd34408186e4bbccfd4996cb3dc -> 
  custom:framework-win-MediaFoundation: 216162199b28c13a410421893ffa2e32 -> 
  custom:scripting/monoscript/fileName/UnityEngine_TimeWrap.cs: 5e744018ad83dc4e6b5341356b280ff7 -> 
  custom:scripting/monoscript/fileName/UnityEngine_AnimationClipWrap.cs: 77a92debc688d37d0c76ed29e7849dc6 -> 
  custom:scripting/monoscript/fileName/UnityEngine_MonoBehaviourWrap.cs: 04d351bf9d6db68acd2847f2651b2d6b -> 
  custom:scripting/monoscript/fileName/UnityEngine_MathfWrap.cs: 333033f071a58c53b030860e1dc36f4e -> 
  custom:scripting/monoscript/fileName/UnityEngine_ResourcesWrap.cs: 698ab99237a4262ce7f88356cded464a -> 
  custom:CustomObjectIndexerAttribute: 9a22284fe3817be447336de3de66b15e -> 
  custom:container-demuxer-webm: 4f35f7cbe854078d1ac9338744f61a02 -> 
  custom:scripting/monoscript/fileName/UnityEngine_ParticleSystemWrap.cs: eee33c4ac5a2b762ef5a90683fe90f0f -> 
  custom:scripting/monoscript/fileName/UnityEngine_BoundsWrap.cs: 3dd26eeb95bac2de8ce2da585d995261 -> 
  custom:scripting/monoscript/fileName/UnityEngine_KeyframeWrap.cs: f022c20884bfebd1cdba5d0a32b69287 -> 
  custom:container-muxer-webm: aa71ff27fc2769a1b78a27578f13a17b -> 
  custom:video-decoder-webm-vp8: 9c59270c3fd7afecdb556c50c9e8de78 -> 
  custom:scripting/monoscript/fileName/System_Collections_Generic_List_1_System_Int32_Wrap.cs: 0d81f6d3ce2afe6f735fa61fb6f44318 -> 
  custom:SearchIndexIgnoredProperties: e643bd26f0fe6173181afceb89e7c659 -> 
  custom:scripting/monoscript/fileName/UnityEngine_ColorWrap.cs: a2199b901d8d68ac06d36f834d48f0de -> 
  custom:AudioImporter_EditorPlatform: d09bf68614088b80899f8185d706f6e7 -> 
  custom:scripting/monoscript/fileName/UnityEngine_Ray2DWrap.cs: 3948513cbdb210ff5fa49a4b2880e106 -> 
  custom:scripting/monoscript/fileName/UnityEngine_ComponentWrap.cs: 3c3e0b9fedb2878f9f3fac771839136b -> 
  custom:scripting/monoscript/fileName/System_ObjectWrap.cs: 9fb5e5ed9e38c23dad1e0232edf0373b -> 
  custom:scripting/monoscript/fileName/UnityEngine_QuaternionWrap.cs: 2be38f3d0f8715c9babd38533b7cc2f6 -> 
  custom:scripting/monoscript/fileName/ExampleGenConfig.cs: 2d21554d83bd53efca28765b954d65c7 -> 
  custom:scripting/monoscript/fileName/UnityEngine_AnimationCurveWrap.cs: a1b4a7dab75f49fff03082ff025e4e5e -> 
  custom:scripting/monoscript/fileName/UnityEngine_LightWrap.cs: afdccdb78964e15816bd84ff574e1d72 -> 
  custom:scripting/monoscript/fileName/System_Collections_IEnumeratorBridge.cs: a6b8b2b6997973169c6bebc4e00197c3 -> 
  custom:video-encoder-webm-vp8: eb34c28f22e8b96e1ab97ce403110664 -> 
  custom:scripting/monoscript/fileName/UnityEngine_Vector2Wrap.cs: d8bd11c5df83747314d76d2e1152a25a -> 
  custom:audio-decoder-ogg-vorbis: bf7c407c2cedff20999df2af8eb42d56 -> 
  custom:scripting/monoscript/fileName/UnityEngine_GameObjectWrap.cs: 499beb086fe32ba82bd6b30d04f108ea -> 
  custom:scripting/monoscript/fileName/UnityEngine_DebugWrap.cs: 2a23054f13a8c643d838dbc57d787e1a -> 
  custom:scripting/monoscript/fileName/UnityEngine_SkinnedMeshRendererWrap.cs: e6c3bb62aa80867a3afe5dcbb6224761 -> 
  custom:scripting/monoscript/fileName/UnityEngine_TextAssetWrap.cs: 96eae3d139831963806db363328bfefe -> 
  custom:scripting/monoscript/fileName/Hotfix.cs: 54d9f1ade52076024b3f1e4e7c41699b -> 
  custom:scripting/monoscript/fileName/UnityEngine_TransformWrap.cs: 50d916bbc9cc3aa204547c1dbcf1b841 -> 
  custom:scripting/monoscript/fileName/UnityEngine_RendererWrap.cs: e28d66316639c5d4634a4f4176885c0f -> 
  custom:audio-encoder-webm-vorbis: bf7c407c2cedff20999df2af8eb42d56 -> 
  custom:scripting/monoscript/fileName/UnityEngine_Vector4Wrap.cs: e876ed87f63c3dc401e686c851325f69 -> 
  custom:scripting/precompiled-assembly-types:Assembly-CSharp-Editor: a8074916e553e097405b5991a4cb4578 -> 6325889ca3d690caac56de41d2536aa9
  custom:scripting/monoscript/fileName/UnityEngine_ObjectWrap.cs: d239f04268fb712161f840d533347443 -> 
  custom:scripting/precompiled-assembly-types:Assembly-CSharp: 325c172d14106f73c65b0c96d0f76cd7 -> e72714bde2f0db21cfc2a265dc5c1124
========================================================================
Received Prepare
Caller must complete domain reload
Begin MonoManager ReloadAssembly
- Loaded All Assemblies, in  1.107 seconds
Native extension for WindowsStandalone target not found
Native extension for WebGL target not found
Mono: successfully reloaded assembly
- Finished resetting the current domain, in  2.157 seconds
Domain Reload Profiling: 3248ms
	BeginReloadAssembly (308ms)
		ExecutionOrderSort (0ms)
		DisableScriptedObjects (12ms)
		BackupInstance (0ms)
		ReleaseScriptingObjects (0ms)
		CreateAndSetChildDomain (52ms)
	RebuildCommonClasses (72ms)
	RebuildNativeTypeToScriptingClass (30ms)
	initialDomainReloadingComplete (82ms)
	LoadAllAssembliesAndSetupDomain (599ms)
		LoadAssemblies (707ms)
		RebuildTransferFunctionScriptingTraits (0ms)
		AnalyzeDomain (69ms)
			TypeCache.Refresh (27ms)
				TypeCache.ScanAssembly (5ms)
			ScanForSourceGeneratedMonoScriptInfo (21ms)
			ResolveRequiredComponents (16ms)
	FinalizeReload (2158ms)
		ReleaseScriptCaches (0ms)
		RebuildScriptCaches (0ms)
		SetupLoadedEditorAssemblies (780ms)
			LogAssemblyErrors (0ms)
			InitializePlatformSupportModulesInManaged (19ms)
			SetLoadedEditorAssemblies (6ms)
			RefreshPlugins (0ms)
			BeforeProcessingInitializeOnLoad (126ms)
			ProcessInitializeOnLoadAttributes (561ms)
			ProcessInitializeOnLoadMethodAttributes (44ms)
			AfterProcessingInitializeOnLoad (24ms)
			EditorAssembliesLoaded (0ms)
		ExecutionOrderSort2 (0ms)
		AwakeInstancesAfterBackupRestoration (21ms)
Refreshing native plugins compatible for Editor in 20.69 ms, found 4 plugins.
Preloading 0 native plugins for Editor in 0.00 ms.
Unloading 3282 Unused Serialized files (Serialized files now loaded: 0)
Unloading 16 unused Assets / (28.6 KB). Loaded Objects now: 3949.
Memory consumption went from 126.7 MB to 126.7 MB.
Total: 4.697600 ms (FindLiveObjects: 0.376100 ms CreateObjectMapping: 0.277900 ms MarkObjects: 3.972100 ms  DeleteObjects: 0.070000 ms)

Prepare: number of updated asset objects reloaded= 0
AssetImportParameters requested are different than current active one (requested -> active):
  custom:scripting/monoscript/fileName/UnityEngine_BehaviourWrap.cs: 07f04650a03b829841e9fab9d7740454 -> 
  custom:container-demuxer-ogg: 62fdf1f143b41e24485cea50d1cbac27 -> 
  custom:scripting/monoscript/fileName/UnityEngine_Vector3Wrap.cs: 63f465b9380555daafea25b4176adba5 -> 
  custom:scripting/monoscript/fileName/UnityEngine_RayWrap.cs: 0b84fbe6cabdb1173feb41e835ef3a40 -> 
  custom:video-codec-MediaFoundation-h265: 746d11721c4dcdbdad8f713fa42b33f4 -> 
  custom:video-decoder-ogg-theora: a1e56fd34408186e4bbccfd4996cb3dc -> 
  custom:framework-win-MediaFoundation: 216162199b28c13a410421893ffa2e32 -> 
  custom:scripting/monoscript/fileName/UnityEngine_TimeWrap.cs: 5e744018ad83dc4e6b5341356b280ff7 -> 
  custom:scripting/monoscript/fileName/UnityEngine_AnimationClipWrap.cs: 77a92debc688d37d0c76ed29e7849dc6 -> 
  custom:scripting/monoscript/fileName/UnityEngine_MonoBehaviourWrap.cs: 04d351bf9d6db68acd2847f2651b2d6b -> 
  custom:scripting/monoscript/fileName/UnityEngine_MathfWrap.cs: 333033f071a58c53b030860e1dc36f4e -> 
  custom:scripting/monoscript/fileName/UnityEngine_ResourcesWrap.cs: 698ab99237a4262ce7f88356cded464a -> 
  custom:CustomObjectIndexerAttribute: 9a22284fe3817be447336de3de66b15e -> 
  custom:container-demuxer-webm: 4f35f7cbe854078d1ac9338744f61a02 -> 
  custom:scripting/monoscript/fileName/UnityEngine_ParticleSystemWrap.cs: eee33c4ac5a2b762ef5a90683fe90f0f -> 
  custom:scripting/monoscript/fileName/UnityEngine_BoundsWrap.cs: 3dd26eeb95bac2de8ce2da585d995261 -> 
  custom:scripting/monoscript/fileName/UnityEngine_KeyframeWrap.cs: f022c20884bfebd1cdba5d0a32b69287 -> 
  custom:container-muxer-webm: aa71ff27fc2769a1b78a27578f13a17b -> 
  custom:video-decoder-webm-vp8: 9c59270c3fd7afecdb556c50c9e8de78 -> 
  custom:scripting/monoscript/fileName/System_Collections_Generic_List_1_System_Int32_Wrap.cs: 0d81f6d3ce2afe6f735fa61fb6f44318 -> 
  custom:SearchIndexIgnoredProperties: e643bd26f0fe6173181afceb89e7c659 -> 
  custom:scripting/monoscript/fileName/UnityEngine_ColorWrap.cs: a2199b901d8d68ac06d36f834d48f0de -> 
  custom:AudioImporter_EditorPlatform: d09bf68614088b80899f8185d706f6e7 -> 
  custom:scripting/monoscript/fileName/UnityEngine_Ray2DWrap.cs: 3948513cbdb210ff5fa49a4b2880e106 -> 
  custom:scripting/monoscript/fileName/UnityEngine_ComponentWrap.cs: 3c3e0b9fedb2878f9f3fac771839136b -> 
  custom:scripting/monoscript/fileName/System_ObjectWrap.cs: 9fb5e5ed9e38c23dad1e0232edf0373b -> 
  custom:scripting/monoscript/fileName/UnityEngine_QuaternionWrap.cs: 2be38f3d0f8715c9babd38533b7cc2f6 -> 
  custom:scripting/monoscript/fileName/ExampleGenConfig.cs: 2d21554d83bd53efca28765b954d65c7 -> 
  custom:scripting/monoscript/fileName/UnityEngine_AnimationCurveWrap.cs: a1b4a7dab75f49fff03082ff025e4e5e -> 
  custom:scripting/monoscript/fileName/UnityEngine_LightWrap.cs: afdccdb78964e15816bd84ff574e1d72 -> 
  custom:scripting/monoscript/fileName/System_Collections_IEnumeratorBridge.cs: a6b8b2b6997973169c6bebc4e00197c3 -> 
  custom:video-encoder-webm-vp8: eb34c28f22e8b96e1ab97ce403110664 -> 
  custom:scripting/monoscript/fileName/UnityEngine_Vector2Wrap.cs: d8bd11c5df83747314d76d2e1152a25a -> 
  custom:audio-decoder-ogg-vorbis: bf7c407c2cedff20999df2af8eb42d56 -> 
  custom:scripting/monoscript/fileName/UnityEngine_GameObjectWrap.cs: 499beb086fe32ba82bd6b30d04f108ea -> 
  custom:scripting/monoscript/fileName/UnityEngine_DebugWrap.cs: 2a23054f13a8c643d838dbc57d787e1a -> 
  custom:scripting/monoscript/fileName/UnityEngine_SkinnedMeshRendererWrap.cs: e6c3bb62aa80867a3afe5dcbb6224761 -> 
  custom:scripting/monoscript/fileName/UnityEngine_TextAssetWrap.cs: 96eae3d139831963806db363328bfefe -> 
  custom:scripting/monoscript/fileName/Hotfix.cs: 54d9f1ade52076024b3f1e4e7c41699b -> 
  custom:scripting/monoscript/fileName/UnityEngine_TransformWrap.cs: 50d916bbc9cc3aa204547c1dbcf1b841 -> 
  custom:scripting/monoscript/fileName/UnityEngine_RendererWrap.cs: e28d66316639c5d4634a4f4176885c0f -> 
  custom:audio-encoder-webm-vorbis: bf7c407c2cedff20999df2af8eb42d56 -> 
  custom:scripting/monoscript/fileName/UnityEngine_Vector4Wrap.cs: e876ed87f63c3dc401e686c851325f69 -> 
  custom:scripting/precompiled-assembly-types:Assembly-CSharp-Editor: a8074916e553e097405b5991a4cb4578 -> 6325889ca3d690caac56de41d2536aa9
  custom:scripting/monoscript/fileName/UnityEngine_ObjectWrap.cs: d239f04268fb712161f840d533347443 -> 
  custom:scripting/precompiled-assembly-types:Assembly-CSharp: b6f6826115f6ce21e7ac599e249680bb -> e72714bde2f0db21cfc2a265dc5c1124
========================================================================
Received Prepare
Caller must complete domain reload
Begin MonoManager ReloadAssembly
- Loaded All Assemblies, in  1.079 seconds
Native extension for WindowsStandalone target not found
Native extension for WebGL target not found
Mono: successfully reloaded assembly
- Finished resetting the current domain, in  2.475 seconds
Domain Reload Profiling: 3541ms
	BeginReloadAssembly (351ms)
		ExecutionOrderSort (0ms)
		DisableScriptedObjects (20ms)
		BackupInstance (0ms)
		ReleaseScriptingObjects (0ms)
		CreateAndSetChildDomain (64ms)
	RebuildCommonClasses (100ms)
	RebuildNativeTypeToScriptingClass (26ms)
	initialDomainReloadingComplete (88ms)
	LoadAllAssembliesAndSetupDomain (499ms)
		LoadAssemblies (666ms)
		RebuildTransferFunctionScriptingTraits (0ms)
		AnalyzeDomain (28ms)
			TypeCache.Refresh (11ms)
				TypeCache.ScanAssembly (0ms)
			ScanForSourceGeneratedMonoScriptInfo (0ms)
			ResolveRequiredComponents (12ms)
	FinalizeReload (2477ms)
		ReleaseScriptCaches (0ms)
		RebuildScriptCaches (0ms)
		SetupLoadedEditorAssemblies (941ms)
			LogAssemblyErrors (0ms)
			InitializePlatformSupportModulesInManaged (21ms)
			SetLoadedEditorAssemblies (6ms)
			RefreshPlugins (0ms)
			BeforeProcessingInitializeOnLoad (158ms)
			ProcessInitializeOnLoadAttributes (666ms)
			ProcessInitializeOnLoadMethodAttributes (59ms)
			AfterProcessingInitializeOnLoad (31ms)
			EditorAssembliesLoaded (0ms)
		ExecutionOrderSort2 (0ms)
		AwakeInstancesAfterBackupRestoration (22ms)
Refreshing native plugins compatible for Editor in 21.63 ms, found 4 plugins.
Preloading 0 native plugins for Editor in 0.00 ms.
Unloading 3282 Unused Serialized files (Serialized files now loaded: 0)
Unloading 16 unused Assets / (28.5 KB). Loaded Objects now: 3952.
Memory consumption went from 126.7 MB to 126.7 MB.
Total: 7.102400 ms (FindLiveObjects: 0.548100 ms CreateObjectMapping: 0.473800 ms MarkObjects: 5.900800 ms  DeleteObjects: 0.177100 ms)

Prepare: number of updated asset objects reloaded= 0
AssetImportParameters requested are different than current active one (requested -> active):
  custom:scripting/monoscript/fileName/UnityEngine_BehaviourWrap.cs: 07f04650a03b829841e9fab9d7740454 -> 
  custom:container-demuxer-ogg: 62fdf1f143b41e24485cea50d1cbac27 -> 
  custom:scripting/monoscript/fileName/UnityEngine_Vector3Wrap.cs: 63f465b9380555daafea25b4176adba5 -> 
  custom:scripting/monoscript/fileName/UnityEngine_RayWrap.cs: 0b84fbe6cabdb1173feb41e835ef3a40 -> 
  custom:video-codec-MediaFoundation-h265: 746d11721c4dcdbdad8f713fa42b33f4 -> 
  custom:video-decoder-ogg-theora: a1e56fd34408186e4bbccfd4996cb3dc -> 
  custom:framework-win-MediaFoundation: 216162199b28c13a410421893ffa2e32 -> 
  custom:scripting/monoscript/fileName/UnityEngine_TimeWrap.cs: 5e744018ad83dc4e6b5341356b280ff7 -> 
  custom:scripting/monoscript/fileName/UnityEngine_AnimationClipWrap.cs: 77a92debc688d37d0c76ed29e7849dc6 -> 
  custom:scripting/monoscript/fileName/UnityEngine_MonoBehaviourWrap.cs: 04d351bf9d6db68acd2847f2651b2d6b -> 
  custom:scripting/monoscript/fileName/UnityEngine_MathfWrap.cs: 333033f071a58c53b030860e1dc36f4e -> 
  custom:scripting/monoscript/fileName/UnityEngine_ResourcesWrap.cs: 698ab99237a4262ce7f88356cded464a -> 
  custom:CustomObjectIndexerAttribute: 9a22284fe3817be447336de3de66b15e -> 
  custom:container-demuxer-webm: 4f35f7cbe854078d1ac9338744f61a02 -> 
  custom:scripting/monoscript/fileName/UnityEngine_ParticleSystemWrap.cs: eee33c4ac5a2b762ef5a90683fe90f0f -> 
  custom:scripting/monoscript/fileName/UnityEngine_BoundsWrap.cs: 3dd26eeb95bac2de8ce2da585d995261 -> 
  custom:scripting/monoscript/fileName/UnityEngine_KeyframeWrap.cs: f022c20884bfebd1cdba5d0a32b69287 -> 
  custom:container-muxer-webm: aa71ff27fc2769a1b78a27578f13a17b -> 
  custom:video-decoder-webm-vp8: 9c59270c3fd7afecdb556c50c9e8de78 -> 
  custom:scripting/monoscript/fileName/System_Collections_Generic_List_1_System_Int32_Wrap.cs: 0d81f6d3ce2afe6f735fa61fb6f44318 -> 
  custom:SearchIndexIgnoredProperties: e643bd26f0fe6173181afceb89e7c659 -> 
  custom:scripting/monoscript/fileName/UnityEngine_ColorWrap.cs: a2199b901d8d68ac06d36f834d48f0de -> 
  custom:AudioImporter_EditorPlatform: d09bf68614088b80899f8185d706f6e7 -> 
  custom:scripting/monoscript/fileName/UnityEngine_Ray2DWrap.cs: 3948513cbdb210ff5fa49a4b2880e106 -> 
  custom:scripting/monoscript/fileName/UnityEngine_ComponentWrap.cs: 3c3e0b9fedb2878f9f3fac771839136b -> 
  custom:scripting/monoscript/fileName/System_ObjectWrap.cs: 9fb5e5ed9e38c23dad1e0232edf0373b -> 
  custom:scripting/monoscript/fileName/UnityEngine_QuaternionWrap.cs: 2be38f3d0f8715c9babd38533b7cc2f6 -> 
  custom:scripting/monoscript/fileName/ExampleGenConfig.cs: 2d21554d83bd53efca28765b954d65c7 -> 
  custom:scripting/monoscript/fileName/UnityEngine_AnimationCurveWrap.cs: a1b4a7dab75f49fff03082ff025e4e5e -> 
  custom:scripting/monoscript/fileName/UnityEngine_LightWrap.cs: afdccdb78964e15816bd84ff574e1d72 -> 
  custom:scripting/monoscript/fileName/System_Collections_IEnumeratorBridge.cs: a6b8b2b6997973169c6bebc4e00197c3 -> 
  custom:video-encoder-webm-vp8: eb34c28f22e8b96e1ab97ce403110664 -> 
  custom:scripting/monoscript/fileName/UnityEngine_Vector2Wrap.cs: d8bd11c5df83747314d76d2e1152a25a -> 
  custom:audio-decoder-ogg-vorbis: bf7c407c2cedff20999df2af8eb42d56 -> 
  custom:scripting/monoscript/fileName/UnityEngine_GameObjectWrap.cs: 499beb086fe32ba82bd6b30d04f108ea -> 
  custom:scripting/monoscript/fileName/UnityEngine_DebugWrap.cs: 2a23054f13a8c643d838dbc57d787e1a -> 
  custom:scripting/monoscript/fileName/UnityEngine_SkinnedMeshRendererWrap.cs: e6c3bb62aa80867a3afe5dcbb6224761 -> 
  custom:scripting/monoscript/fileName/UnityEngine_TextAssetWrap.cs: 96eae3d139831963806db363328bfefe -> 
  custom:scripting/monoscript/fileName/Hotfix.cs: 54d9f1ade52076024b3f1e4e7c41699b -> 
  custom:scripting/monoscript/fileName/UnityEngine_TransformWrap.cs: 50d916bbc9cc3aa204547c1dbcf1b841 -> 
  custom:scripting/monoscript/fileName/UnityEngine_RendererWrap.cs: e28d66316639c5d4634a4f4176885c0f -> 
  custom:audio-encoder-webm-vorbis: bf7c407c2cedff20999df2af8eb42d56 -> 
  custom:scripting/monoscript/fileName/UnityEngine_Vector4Wrap.cs: e876ed87f63c3dc401e686c851325f69 -> 
  custom:scripting/precompiled-assembly-types:Assembly-CSharp-Editor: a8074916e553e097405b5991a4cb4578 -> 6325889ca3d690caac56de41d2536aa9
  custom:scripting/monoscript/fileName/UnityEngine_ObjectWrap.cs: d239f04268fb712161f840d533347443 -> 
  custom:scripting/precompiled-assembly-types:Assembly-CSharp: b6f6826115f6ce21e7ac599e249680bb -> e72714bde2f0db21cfc2a265dc5c1124
========================================================================
Received Prepare
Caller must complete domain reload
Begin MonoManager ReloadAssembly
- Loaded All Assemblies, in  1.014 seconds
Native extension for WindowsStandalone target not found
Native extension for WebGL target not found
Mono: successfully reloaded assembly
- Finished resetting the current domain, in  1.971 seconds
Domain Reload Profiling: 2971ms
	BeginReloadAssembly (287ms)
		ExecutionOrderSort (0ms)
		DisableScriptedObjects (11ms)
		BackupInstance (0ms)
		ReleaseScriptingObjects (0ms)
		CreateAndSetChildDomain (47ms)
	RebuildCommonClasses (73ms)
	RebuildNativeTypeToScriptingClass (23ms)
	initialDomainReloadingComplete (72ms)
	LoadAllAssembliesAndSetupDomain (543ms)
		LoadAssemblies (646ms)
		RebuildTransferFunctionScriptingTraits (0ms)
		AnalyzeDomain (62ms)
			TypeCache.Refresh (25ms)
				TypeCache.ScanAssembly (8ms)
			ScanForSourceGeneratedMonoScriptInfo (17ms)
			ResolveRequiredComponents (13ms)
	FinalizeReload (1972ms)
		ReleaseScriptCaches (0ms)
		RebuildScriptCaches (0ms)
		SetupLoadedEditorAssemblies (775ms)
			LogAssemblyErrors (0ms)
			InitializePlatformSupportModulesInManaged (15ms)
			SetLoadedEditorAssemblies (6ms)
			RefreshPlugins (0ms)
			BeforeProcessingInitializeOnLoad (126ms)
			ProcessInitializeOnLoadAttributes (556ms)
			ProcessInitializeOnLoadMethodAttributes (45ms)
			AfterProcessingInitializeOnLoad (27ms)
			EditorAssembliesLoaded (0ms)
		ExecutionOrderSort2 (0ms)
		AwakeInstancesAfterBackupRestoration (17ms)
Refreshing native plugins compatible for Editor in 23.87 ms, found 4 plugins.
Preloading 0 native plugins for Editor in 0.00 ms.
Unloading 3231 Unused Serialized files (Serialized files now loaded: 0)
Unloading 67 unused Assets / (55.6 KB). Loaded Objects now: 3904.
Memory consumption went from 125.9 MB to 125.9 MB.
Total: 5.111300 ms (FindLiveObjects: 0.405900 ms CreateObjectMapping: 0.474400 ms MarkObjects: 4.089200 ms  DeleteObjects: 0.140500 ms)

Prepare: number of updated asset objects reloaded= 0
AssetImportParameters requested are different than current active one (requested -> active):
  custom:scripting/monoscript/fileName/UnityEngine_BehaviourWrap.cs: 07f04650a03b829841e9fab9d7740454 -> 
  custom:container-demuxer-ogg: 62fdf1f143b41e24485cea50d1cbac27 -> 
  custom:scripting/monoscript/fileName/UnityEngine_Vector3Wrap.cs: 63f465b9380555daafea25b4176adba5 -> 
  custom:scripting/monoscript/fileName/UnityEngine_RayWrap.cs: 0b84fbe6cabdb1173feb41e835ef3a40 -> 
  custom:video-codec-MediaFoundation-h265: 746d11721c4dcdbdad8f713fa42b33f4 -> 
  custom:video-decoder-ogg-theora: a1e56fd34408186e4bbccfd4996cb3dc -> 
  custom:framework-win-MediaFoundation: 216162199b28c13a410421893ffa2e32 -> 
  custom:scripting/monoscript/fileName/UnityEngine_TimeWrap.cs: 5e744018ad83dc4e6b5341356b280ff7 -> 
  custom:scripting/monoscript/fileName/UnityEngine_AnimationClipWrap.cs: 77a92debc688d37d0c76ed29e7849dc6 -> 
  custom:scripting/monoscript/fileName/UnityEngine_MonoBehaviourWrap.cs: 04d351bf9d6db68acd2847f2651b2d6b -> 
  custom:scripting/monoscript/fileName/UnityEngine_MathfWrap.cs: 333033f071a58c53b030860e1dc36f4e -> 
  custom:scripting/monoscript/fileName/UnityEngine_ResourcesWrap.cs: 698ab99237a4262ce7f88356cded464a -> 
  custom:CustomObjectIndexerAttribute: 9a22284fe3817be447336de3de66b15e -> 
  custom:container-demuxer-webm: 4f35f7cbe854078d1ac9338744f61a02 -> 
  custom:scripting/monoscript/fileName/UnityEngine_ParticleSystemWrap.cs: eee33c4ac5a2b762ef5a90683fe90f0f -> 
  custom:scripting/monoscript/fileName/UnityEngine_BoundsWrap.cs: 3dd26eeb95bac2de8ce2da585d995261 -> 
  custom:scripting/monoscript/fileName/UnityEngine_KeyframeWrap.cs: f022c20884bfebd1cdba5d0a32b69287 -> 
  custom:container-muxer-webm: aa71ff27fc2769a1b78a27578f13a17b -> 
  custom:video-decoder-webm-vp8: 9c59270c3fd7afecdb556c50c9e8de78 -> 
  custom:scripting/monoscript/fileName/System_Collections_Generic_List_1_System_Int32_Wrap.cs: 0d81f6d3ce2afe6f735fa61fb6f44318 -> 
  custom:SearchIndexIgnoredProperties: e643bd26f0fe6173181afceb89e7c659 -> 
  custom:scripting/monoscript/fileName/UnityEngine_ColorWrap.cs: a2199b901d8d68ac06d36f834d48f0de -> 
  custom:AudioImporter_EditorPlatform: d09bf68614088b80899f8185d706f6e7 -> 
  custom:scripting/monoscript/fileName/UnityEngine_Ray2DWrap.cs: 3948513cbdb210ff5fa49a4b2880e106 -> 
  custom:scripting/monoscript/fileName/UnityEngine_ComponentWrap.cs: 3c3e0b9fedb2878f9f3fac771839136b -> 
  custom:scripting/monoscript/fileName/System_ObjectWrap.cs: 9fb5e5ed9e38c23dad1e0232edf0373b -> 
  custom:scripting/monoscript/fileName/UnityEngine_QuaternionWrap.cs: 2be38f3d0f8715c9babd38533b7cc2f6 -> 
  custom:scripting/monoscript/fileName/ExampleGenConfig.cs: 2d21554d83bd53efca28765b954d65c7 -> 
  custom:scripting/monoscript/fileName/UnityEngine_AnimationCurveWrap.cs: a1b4a7dab75f49fff03082ff025e4e5e -> 
  custom:scripting/monoscript/fileName/UnityEngine_LightWrap.cs: afdccdb78964e15816bd84ff574e1d72 -> 
  custom:scripting/monoscript/fileName/System_Collections_IEnumeratorBridge.cs: a6b8b2b6997973169c6bebc4e00197c3 -> 
  custom:video-encoder-webm-vp8: eb34c28f22e8b96e1ab97ce403110664 -> 
  custom:scripting/monoscript/fileName/UnityEngine_Vector2Wrap.cs: d8bd11c5df83747314d76d2e1152a25a -> 
  custom:audio-decoder-ogg-vorbis: bf7c407c2cedff20999df2af8eb42d56 -> 
  custom:scripting/monoscript/fileName/UnityEngine_GameObjectWrap.cs: 499beb086fe32ba82bd6b30d04f108ea -> 
  custom:scripting/monoscript/fileName/UnityEngine_DebugWrap.cs: 2a23054f13a8c643d838dbc57d787e1a -> 
  custom:scripting/monoscript/fileName/UnityEngine_SkinnedMeshRendererWrap.cs: e6c3bb62aa80867a3afe5dcbb6224761 -> 
  custom:scripting/monoscript/fileName/UnityEngine_TextAssetWrap.cs: 96eae3d139831963806db363328bfefe -> 
  custom:scripting/monoscript/fileName/Hotfix.cs: 54d9f1ade52076024b3f1e4e7c41699b -> 
  custom:scripting/monoscript/fileName/UnityEngine_TransformWrap.cs: 50d916bbc9cc3aa204547c1dbcf1b841 -> 
  custom:scripting/monoscript/fileName/UnityEngine_RendererWrap.cs: e28d66316639c5d4634a4f4176885c0f -> 
  custom:audio-encoder-webm-vorbis: bf7c407c2cedff20999df2af8eb42d56 -> 
  custom:scripting/monoscript/fileName/UnityEngine_Vector4Wrap.cs: e876ed87f63c3dc401e686c851325f69 -> 
  custom:scripting/precompiled-assembly-types:Assembly-CSharp-Editor: a8074916e553e097405b5991a4cb4578 -> 6325889ca3d690caac56de41d2536aa9
  custom:scripting/monoscript/fileName/UnityEngine_ObjectWrap.cs: d239f04268fb712161f840d533347443 -> 
  custom:scripting/precompiled-assembly-types:Assembly-CSharp: 325c172d14106f73c65b0c96d0f76cd7 -> e72714bde2f0db21cfc2a265dc5c1124
========================================================================
Received Prepare
Caller must complete domain reload
Begin MonoManager ReloadAssembly
- Loaded All Assemblies, in  1.049 seconds
Native extension for WindowsStandalone target not found
Native extension for WebGL target not found
Mono: successfully reloaded assembly
- Finished resetting the current domain, in  2.010 seconds
Domain Reload Profiling: 3039ms
	BeginReloadAssembly (287ms)
		ExecutionOrderSort (0ms)
		DisableScriptedObjects (11ms)
		BackupInstance (0ms)
		ReleaseScriptingObjects (0ms)
		CreateAndSetChildDomain (53ms)
	RebuildCommonClasses (76ms)
	RebuildNativeTypeToScriptingClass (27ms)
	initialDomainReloadingComplete (90ms)
	LoadAllAssembliesAndSetupDomain (547ms)
		LoadAssemblies (642ms)
		RebuildTransferFunctionScriptingTraits (0ms)
		AnalyzeDomain (64ms)
			TypeCache.Refresh (23ms)
				TypeCache.ScanAssembly (5ms)
			ScanForSourceGeneratedMonoScriptInfo (19ms)
			ResolveRequiredComponents (16ms)
	FinalizeReload (2011ms)
		ReleaseScriptCaches (0ms)
		RebuildScriptCaches (0ms)
		SetupLoadedEditorAssemblies (794ms)
			LogAssemblyErrors (0ms)
			InitializePlatformSupportModulesInManaged (15ms)
			SetLoadedEditorAssemblies (9ms)
			RefreshPlugins (0ms)
			BeforeProcessingInitializeOnLoad (128ms)
			ProcessInitializeOnLoadAttributes (566ms)
			ProcessInitializeOnLoadMethodAttributes (46ms)
			AfterProcessingInitializeOnLoad (28ms)
			EditorAssembliesLoaded (0ms)
		ExecutionOrderSort2 (0ms)
		AwakeInstancesAfterBackupRestoration (16ms)
Refreshing native plugins compatible for Editor in 18.71 ms, found 4 plugins.
Preloading 0 native plugins for Editor in 0.00 ms.
Unloading 3282 Unused Serialized files (Serialized files now loaded: 0)
Unloading 16 unused Assets / (28.6 KB). Loaded Objects now: 3958.
Memory consumption went from 126.7 MB to 126.7 MB.
Total: 5.229100 ms (FindLiveObjects: 0.411100 ms CreateObjectMapping: 0.305500 ms MarkObjects: 4.445800 ms  DeleteObjects: 0.065200 ms)

Prepare: number of updated asset objects reloaded= 0
AssetImportParameters requested are different than current active one (requested -> active):
  custom:scripting/monoscript/fileName/UnityEngine_BehaviourWrap.cs: 07f04650a03b829841e9fab9d7740454 -> 
  custom:container-demuxer-ogg: 62fdf1f143b41e24485cea50d1cbac27 -> 
  custom:scripting/monoscript/fileName/UnityEngine_Vector3Wrap.cs: 63f465b9380555daafea25b4176adba5 -> 
  custom:scripting/monoscript/fileName/UnityEngine_RayWrap.cs: 0b84fbe6cabdb1173feb41e835ef3a40 -> 
  custom:video-codec-MediaFoundation-h265: 746d11721c4dcdbdad8f713fa42b33f4 -> 
  custom:video-decoder-ogg-theora: a1e56fd34408186e4bbccfd4996cb3dc -> 
  custom:framework-win-MediaFoundation: 216162199b28c13a410421893ffa2e32 -> 
  custom:scripting/monoscript/fileName/UnityEngine_TimeWrap.cs: 5e744018ad83dc4e6b5341356b280ff7 -> 
  custom:scripting/monoscript/fileName/UnityEngine_AnimationClipWrap.cs: 77a92debc688d37d0c76ed29e7849dc6 -> 
  custom:scripting/monoscript/fileName/UnityEngine_MonoBehaviourWrap.cs: 04d351bf9d6db68acd2847f2651b2d6b -> 
  custom:scripting/monoscript/fileName/UnityEngine_MathfWrap.cs: 333033f071a58c53b030860e1dc36f4e -> 
  custom:scripting/monoscript/fileName/UnityEngine_ResourcesWrap.cs: 698ab99237a4262ce7f88356cded464a -> 
  custom:CustomObjectIndexerAttribute: 9a22284fe3817be447336de3de66b15e -> 
  custom:container-demuxer-webm: 4f35f7cbe854078d1ac9338744f61a02 -> 
  custom:scripting/monoscript/fileName/UnityEngine_ParticleSystemWrap.cs: eee33c4ac5a2b762ef5a90683fe90f0f -> 
  custom:scripting/monoscript/fileName/UnityEngine_BoundsWrap.cs: 3dd26eeb95bac2de8ce2da585d995261 -> 
  custom:scripting/monoscript/fileName/UnityEngine_KeyframeWrap.cs: f022c20884bfebd1cdba5d0a32b69287 -> 
  custom:container-muxer-webm: aa71ff27fc2769a1b78a27578f13a17b -> 
  custom:video-decoder-webm-vp8: 9c59270c3fd7afecdb556c50c9e8de78 -> 
  custom:scripting/monoscript/fileName/System_Collections_Generic_List_1_System_Int32_Wrap.cs: 0d81f6d3ce2afe6f735fa61fb6f44318 -> 
  custom:SearchIndexIgnoredProperties: e643bd26f0fe6173181afceb89e7c659 -> 
  custom:scripting/monoscript/fileName/UnityEngine_ColorWrap.cs: a2199b901d8d68ac06d36f834d48f0de -> 
  custom:AudioImporter_EditorPlatform: d09bf68614088b80899f8185d706f6e7 -> 
  custom:scripting/monoscript/fileName/UnityEngine_Ray2DWrap.cs: 3948513cbdb210ff5fa49a4b2880e106 -> 
  custom:scripting/monoscript/fileName/UnityEngine_ComponentWrap.cs: 3c3e0b9fedb2878f9f3fac771839136b -> 
  custom:scripting/monoscript/fileName/System_ObjectWrap.cs: 9fb5e5ed9e38c23dad1e0232edf0373b -> 
  custom:scripting/monoscript/fileName/UnityEngine_QuaternionWrap.cs: 2be38f3d0f8715c9babd38533b7cc2f6 -> 
  custom:scripting/monoscript/fileName/ExampleGenConfig.cs: 2d21554d83bd53efca28765b954d65c7 -> 
  custom:scripting/monoscript/fileName/UnityEngine_AnimationCurveWrap.cs: a1b4a7dab75f49fff03082ff025e4e5e -> 
  custom:scripting/monoscript/fileName/UnityEngine_LightWrap.cs: afdccdb78964e15816bd84ff574e1d72 -> 
  custom:scripting/monoscript/fileName/System_Collections_IEnumeratorBridge.cs: a6b8b2b6997973169c6bebc4e00197c3 -> 
  custom:video-encoder-webm-vp8: eb34c28f22e8b96e1ab97ce403110664 -> 
  custom:scripting/monoscript/fileName/UnityEngine_Vector2Wrap.cs: d8bd11c5df83747314d76d2e1152a25a -> 
  custom:audio-decoder-ogg-vorbis: bf7c407c2cedff20999df2af8eb42d56 -> 
  custom:scripting/monoscript/fileName/UnityEngine_GameObjectWrap.cs: 499beb086fe32ba82bd6b30d04f108ea -> 
  custom:scripting/monoscript/fileName/UnityEngine_DebugWrap.cs: 2a23054f13a8c643d838dbc57d787e1a -> 
  custom:scripting/monoscript/fileName/UnityEngine_SkinnedMeshRendererWrap.cs: e6c3bb62aa80867a3afe5dcbb6224761 -> 
  custom:scripting/monoscript/fileName/UnityEngine_TextAssetWrap.cs: 96eae3d139831963806db363328bfefe -> 
  custom:scripting/monoscript/fileName/Hotfix.cs: 54d9f1ade52076024b3f1e4e7c41699b -> 
  custom:scripting/monoscript/fileName/UnityEngine_TransformWrap.cs: 50d916bbc9cc3aa204547c1dbcf1b841 -> 
  custom:scripting/monoscript/fileName/UnityEngine_RendererWrap.cs: e28d66316639c5d4634a4f4176885c0f -> 
  custom:audio-encoder-webm-vorbis: bf7c407c2cedff20999df2af8eb42d56 -> 
  custom:scripting/monoscript/fileName/UnityEngine_Vector4Wrap.cs: e876ed87f63c3dc401e686c851325f69 -> 
  custom:scripting/precompiled-assembly-types:Assembly-CSharp-Editor: a8074916e553e097405b5991a4cb4578 -> 6325889ca3d690caac56de41d2536aa9
  custom:scripting/monoscript/fileName/UnityEngine_ObjectWrap.cs: d239f04268fb712161f840d533347443 -> 
  custom:scripting/precompiled-assembly-types:Assembly-CSharp: b6f6826115f6ce21e7ac599e249680bb -> e72714bde2f0db21cfc2a265dc5c1124
========================================================================
Received Prepare
Caller must complete domain reload
Begin MonoManager ReloadAssembly
- Loaded All Assemblies, in  0.978 seconds
Native extension for WindowsStandalone target not found
Native extension for WebGL target not found
Mono: successfully reloaded assembly
- Finished resetting the current domain, in  2.198 seconds
Domain Reload Profiling: 3159ms
	BeginReloadAssembly (291ms)
		ExecutionOrderSort (0ms)
		DisableScriptedObjects (12ms)
		BackupInstance (0ms)
		ReleaseScriptingObjects (0ms)
		CreateAndSetChildDomain (52ms)
	RebuildCommonClasses (67ms)
	RebuildNativeTypeToScriptingClass (26ms)
	initialDomainReloadingComplete (92ms)
	LoadAllAssembliesAndSetupDomain (483ms)
		LoadAssemblies (616ms)
		RebuildTransferFunctionScriptingTraits (0ms)
		AnalyzeDomain (33ms)
			TypeCache.Refresh (14ms)
				TypeCache.ScanAssembly (0ms)
			ScanForSourceGeneratedMonoScriptInfo (1ms)
			ResolveRequiredComponents (14ms)
	FinalizeReload (2200ms)
		ReleaseScriptCaches (0ms)
		RebuildScriptCaches (0ms)
		SetupLoadedEditorAssemblies (916ms)
			LogAssemblyErrors (0ms)
			InitializePlatformSupportModulesInManaged (19ms)
			SetLoadedEditorAssemblies (8ms)
			RefreshPlugins (0ms)
			BeforeProcessingInitializeOnLoad (145ms)
			ProcessInitializeOnLoadAttributes (661ms)
			ProcessInitializeOnLoadMethodAttributes (54ms)
			AfterProcessingInitializeOnLoad (28ms)
			EditorAssembliesLoaded (0ms)
		ExecutionOrderSort2 (0ms)
		AwakeInstancesAfterBackupRestoration (22ms)
Refreshing native plugins compatible for Editor in 23.00 ms, found 4 plugins.
Preloading 0 native plugins for Editor in 0.00 ms.
Unloading 3282 Unused Serialized files (Serialized files now loaded: 0)
Unloading 16 unused Assets / (28.6 KB). Loaded Objects now: 3961.
Memory consumption went from 126.7 MB to 126.7 MB.
Total: 7.454100 ms (FindLiveObjects: 0.508600 ms CreateObjectMapping: 0.687000 ms MarkObjects: 6.183800 ms  DeleteObjects: 0.072700 ms)

Prepare: number of updated asset objects reloaded= 0
AssetImportParameters requested are different than current active one (requested -> active):
  custom:scripting/monoscript/fileName/UnityEngine_BehaviourWrap.cs: 07f04650a03b829841e9fab9d7740454 -> 
  custom:container-demuxer-ogg: 62fdf1f143b41e24485cea50d1cbac27 -> 
  custom:scripting/monoscript/fileName/UnityEngine_Vector3Wrap.cs: 63f465b9380555daafea25b4176adba5 -> 
  custom:scripting/monoscript/fileName/UnityEngine_RayWrap.cs: 0b84fbe6cabdb1173feb41e835ef3a40 -> 
  custom:video-codec-MediaFoundation-h265: 746d11721c4dcdbdad8f713fa42b33f4 -> 
  custom:video-decoder-ogg-theora: a1e56fd34408186e4bbccfd4996cb3dc -> 
  custom:framework-win-MediaFoundation: 216162199b28c13a410421893ffa2e32 -> 
  custom:scripting/monoscript/fileName/UnityEngine_TimeWrap.cs: 5e744018ad83dc4e6b5341356b280ff7 -> 
  custom:scripting/monoscript/fileName/UnityEngine_AnimationClipWrap.cs: 77a92debc688d37d0c76ed29e7849dc6 -> 
  custom:scripting/monoscript/fileName/UnityEngine_MonoBehaviourWrap.cs: 04d351bf9d6db68acd2847f2651b2d6b -> 
  custom:scripting/monoscript/fileName/UnityEngine_MathfWrap.cs: 333033f071a58c53b030860e1dc36f4e -> 
  custom:scripting/monoscript/fileName/UnityEngine_ResourcesWrap.cs: 698ab99237a4262ce7f88356cded464a -> 
  custom:CustomObjectIndexerAttribute: 9a22284fe3817be447336de3de66b15e -> 
  custom:container-demuxer-webm: 4f35f7cbe854078d1ac9338744f61a02 -> 
  custom:scripting/monoscript/fileName/UnityEngine_ParticleSystemWrap.cs: eee33c4ac5a2b762ef5a90683fe90f0f -> 
  custom:scripting/monoscript/fileName/UnityEngine_BoundsWrap.cs: 3dd26eeb95bac2de8ce2da585d995261 -> 
  custom:scripting/monoscript/fileName/UnityEngine_KeyframeWrap.cs: f022c20884bfebd1cdba5d0a32b69287 -> 
  custom:container-muxer-webm: aa71ff27fc2769a1b78a27578f13a17b -> 
  custom:video-decoder-webm-vp8: 9c59270c3fd7afecdb556c50c9e8de78 -> 
  custom:scripting/monoscript/fileName/System_Collections_Generic_List_1_System_Int32_Wrap.cs: 0d81f6d3ce2afe6f735fa61fb6f44318 -> 
  custom:SearchIndexIgnoredProperties: e643bd26f0fe6173181afceb89e7c659 -> 
  custom:scripting/monoscript/fileName/UnityEngine_ColorWrap.cs: a2199b901d8d68ac06d36f834d48f0de -> 
  custom:AudioImporter_EditorPlatform: d09bf68614088b80899f8185d706f6e7 -> 
  custom:scripting/monoscript/fileName/UnityEngine_Ray2DWrap.cs: 3948513cbdb210ff5fa49a4b2880e106 -> 
  custom:scripting/monoscript/fileName/UnityEngine_ComponentWrap.cs: 3c3e0b9fedb2878f9f3fac771839136b -> 
  custom:scripting/monoscript/fileName/System_ObjectWrap.cs: 9fb5e5ed9e38c23dad1e0232edf0373b -> 
  custom:scripting/monoscript/fileName/UnityEngine_QuaternionWrap.cs: 2be38f3d0f8715c9babd38533b7cc2f6 -> 
  custom:scripting/monoscript/fileName/ExampleGenConfig.cs: 2d21554d83bd53efca28765b954d65c7 -> 
  custom:scripting/monoscript/fileName/UnityEngine_AnimationCurveWrap.cs: a1b4a7dab75f49fff03082ff025e4e5e -> 
  custom:scripting/monoscript/fileName/UnityEngine_LightWrap.cs: afdccdb78964e15816bd84ff574e1d72 -> 
  custom:scripting/monoscript/fileName/System_Collections_IEnumeratorBridge.cs: a6b8b2b6997973169c6bebc4e00197c3 -> 
  custom:video-encoder-webm-vp8: eb34c28f22e8b96e1ab97ce403110664 -> 
  custom:scripting/monoscript/fileName/UnityEngine_Vector2Wrap.cs: d8bd11c5df83747314d76d2e1152a25a -> 
  custom:audio-decoder-ogg-vorbis: bf7c407c2cedff20999df2af8eb42d56 -> 
  custom:scripting/monoscript/fileName/UnityEngine_GameObjectWrap.cs: 499beb086fe32ba82bd6b30d04f108ea -> 
  custom:scripting/monoscript/fileName/UnityEngine_DebugWrap.cs: 2a23054f13a8c643d838dbc57d787e1a -> 
  custom:scripting/monoscript/fileName/UnityEngine_SkinnedMeshRendererWrap.cs: e6c3bb62aa80867a3afe5dcbb6224761 -> 
  custom:scripting/monoscript/fileName/UnityEngine_TextAssetWrap.cs: 96eae3d139831963806db363328bfefe -> 
  custom:scripting/monoscript/fileName/Hotfix.cs: 54d9f1ade52076024b3f1e4e7c41699b -> 
  custom:scripting/monoscript/fileName/UnityEngine_TransformWrap.cs: 50d916bbc9cc3aa204547c1dbcf1b841 -> 
  custom:scripting/monoscript/fileName/UnityEngine_RendererWrap.cs: e28d66316639c5d4634a4f4176885c0f -> 
  custom:audio-encoder-webm-vorbis: bf7c407c2cedff20999df2af8eb42d56 -> 
  custom:scripting/monoscript/fileName/UnityEngine_Vector4Wrap.cs: e876ed87f63c3dc401e686c851325f69 -> 
  custom:scripting/precompiled-assembly-types:Assembly-CSharp-Editor: a8074916e553e097405b5991a4cb4578 -> 6325889ca3d690caac56de41d2536aa9
  custom:scripting/monoscript/fileName/UnityEngine_ObjectWrap.cs: d239f04268fb712161f840d533347443 -> 
  custom:scripting/precompiled-assembly-types:Assembly-CSharp: b6f6826115f6ce21e7ac599e249680bb -> e72714bde2f0db21cfc2a265dc5c1124
========================================================================
Received Prepare
Caller must complete domain reload
Begin MonoManager ReloadAssembly
- Loaded All Assemblies, in  0.998 seconds
Native extension for WindowsStandalone target not found
Native extension for WebGL target not found
Mono: successfully reloaded assembly
- Finished resetting the current domain, in  2.228 seconds
Domain Reload Profiling: 3212ms
	BeginReloadAssembly (297ms)
		ExecutionOrderSort (0ms)
		DisableScriptedObjects (11ms)
		BackupInstance (0ms)
		ReleaseScriptingObjects (0ms)
		CreateAndSetChildDomain (52ms)
	RebuildCommonClasses (71ms)
	RebuildNativeTypeToScriptingClass (22ms)
	initialDomainReloadingComplete (85ms)
	LoadAllAssembliesAndSetupDomain (508ms)
		LoadAssemblies (649ms)
		RebuildTransferFunctionScriptingTraits (0ms)
		AnalyzeDomain (28ms)
			TypeCache.Refresh (10ms)
				TypeCache.ScanAssembly (0ms)
			ScanForSourceGeneratedMonoScriptInfo (0ms)
			ResolveRequiredComponents (11ms)
	FinalizeReload (2229ms)
		ReleaseScriptCaches (0ms)
		RebuildScriptCaches (0ms)
		SetupLoadedEditorAssemblies (943ms)
			LogAssemblyErrors (0ms)
			InitializePlatformSupportModulesInManaged (17ms)
			SetLoadedEditorAssemblies (6ms)
			RefreshPlugins (0ms)
			BeforeProcessingInitializeOnLoad (150ms)
			ProcessInitializeOnLoadAttributes (688ms)
			ProcessInitializeOnLoadMethodAttributes (50ms)
			AfterProcessingInitializeOnLoad (33ms)
			EditorAssembliesLoaded (0ms)
		ExecutionOrderSort2 (0ms)
		AwakeInstancesAfterBackupRestoration (18ms)
Refreshing native plugins compatible for Editor in 26.04 ms, found 4 plugins.
Preloading 0 native plugins for Editor in 0.00 ms.
Unloading 3282 Unused Serialized files (Serialized files now loaded: 0)
Unloading 16 unused Assets / (28.6 KB). Loaded Objects now: 3964.
Memory consumption went from 126.7 MB to 126.7 MB.
Total: 5.313200 ms (FindLiveObjects: 0.489400 ms CreateObjectMapping: 0.385100 ms MarkObjects: 4.369900 ms  DeleteObjects: 0.067000 ms)

Prepare: number of updated asset objects reloaded= 0
AssetImportParameters requested are different than current active one (requested -> active):
  custom:scripting/monoscript/fileName/UnityEngine_BehaviourWrap.cs: 07f04650a03b829841e9fab9d7740454 -> 
  custom:container-demuxer-ogg: 62fdf1f143b41e24485cea50d1cbac27 -> 
  custom:scripting/monoscript/fileName/UnityEngine_Vector3Wrap.cs: 63f465b9380555daafea25b4176adba5 -> 
  custom:scripting/monoscript/fileName/UnityEngine_RayWrap.cs: 0b84fbe6cabdb1173feb41e835ef3a40 -> 
  custom:video-codec-MediaFoundation-h265: 746d11721c4dcdbdad8f713fa42b33f4 -> 
  custom:video-decoder-ogg-theora: a1e56fd34408186e4bbccfd4996cb3dc -> 
  custom:framework-win-MediaFoundation: 216162199b28c13a410421893ffa2e32 -> 
  custom:scripting/monoscript/fileName/UnityEngine_TimeWrap.cs: 5e744018ad83dc4e6b5341356b280ff7 -> 
  custom:scripting/monoscript/fileName/UnityEngine_AnimationClipWrap.cs: 77a92debc688d37d0c76ed29e7849dc6 -> 
  custom:scripting/monoscript/fileName/UnityEngine_MonoBehaviourWrap.cs: 04d351bf9d6db68acd2847f2651b2d6b -> 
  custom:scripting/monoscript/fileName/UnityEngine_MathfWrap.cs: 333033f071a58c53b030860e1dc36f4e -> 
  custom:scripting/monoscript/fileName/UnityEngine_ResourcesWrap.cs: 698ab99237a4262ce7f88356cded464a -> 
  custom:CustomObjectIndexerAttribute: 9a22284fe3817be447336de3de66b15e -> 
  custom:container-demuxer-webm: 4f35f7cbe854078d1ac9338744f61a02 -> 
  custom:scripting/monoscript/fileName/UnityEngine_ParticleSystemWrap.cs: eee33c4ac5a2b762ef5a90683fe90f0f -> 
  custom:scripting/monoscript/fileName/UnityEngine_BoundsWrap.cs: 3dd26eeb95bac2de8ce2da585d995261 -> 
  custom:scripting/monoscript/fileName/UnityEngine_KeyframeWrap.cs: f022c20884bfebd1cdba5d0a32b69287 -> 
  custom:container-muxer-webm: aa71ff27fc2769a1b78a27578f13a17b -> 
  custom:video-decoder-webm-vp8: 9c59270c3fd7afecdb556c50c9e8de78 -> 
  custom:scripting/monoscript/fileName/System_Collections_Generic_List_1_System_Int32_Wrap.cs: 0d81f6d3ce2afe6f735fa61fb6f44318 -> 
  custom:SearchIndexIgnoredProperties: e643bd26f0fe6173181afceb89e7c659 -> 
  custom:scripting/monoscript/fileName/UnityEngine_ColorWrap.cs: a2199b901d8d68ac06d36f834d48f0de -> 
  custom:AudioImporter_EditorPlatform: d09bf68614088b80899f8185d706f6e7 -> 
  custom:scripting/monoscript/fileName/UnityEngine_Ray2DWrap.cs: 3948513cbdb210ff5fa49a4b2880e106 -> 
  custom:scripting/monoscript/fileName/UnityEngine_ComponentWrap.cs: 3c3e0b9fedb2878f9f3fac771839136b -> 
  custom:scripting/monoscript/fileName/System_ObjectWrap.cs: 9fb5e5ed9e38c23dad1e0232edf0373b -> 
  custom:scripting/monoscript/fileName/UnityEngine_QuaternionWrap.cs: 2be38f3d0f8715c9babd38533b7cc2f6 -> 
  custom:scripting/monoscript/fileName/ExampleGenConfig.cs: 2d21554d83bd53efca28765b954d65c7 -> 
  custom:scripting/monoscript/fileName/UnityEngine_AnimationCurveWrap.cs: a1b4a7dab75f49fff03082ff025e4e5e -> 
  custom:scripting/monoscript/fileName/UnityEngine_LightWrap.cs: afdccdb78964e15816bd84ff574e1d72 -> 
  custom:scripting/monoscript/fileName/System_Collections_IEnumeratorBridge.cs: a6b8b2b6997973169c6bebc4e00197c3 -> 
  custom:video-encoder-webm-vp8: eb34c28f22e8b96e1ab97ce403110664 -> 
  custom:scripting/monoscript/fileName/UnityEngine_Vector2Wrap.cs: d8bd11c5df83747314d76d2e1152a25a -> 
  custom:audio-decoder-ogg-vorbis: bf7c407c2cedff20999df2af8eb42d56 -> 
  custom:scripting/monoscript/fileName/UnityEngine_GameObjectWrap.cs: 499beb086fe32ba82bd6b30d04f108ea -> 
  custom:scripting/monoscript/fileName/UnityEngine_DebugWrap.cs: 2a23054f13a8c643d838dbc57d787e1a -> 
  custom:scripting/monoscript/fileName/UnityEngine_SkinnedMeshRendererWrap.cs: e6c3bb62aa80867a3afe5dcbb6224761 -> 
  custom:scripting/monoscript/fileName/UnityEngine_TextAssetWrap.cs: 96eae3d139831963806db363328bfefe -> 
  custom:scripting/monoscript/fileName/Hotfix.cs: 54d9f1ade52076024b3f1e4e7c41699b -> 
  custom:scripting/monoscript/fileName/UnityEngine_TransformWrap.cs: 50d916bbc9cc3aa204547c1dbcf1b841 -> 
  custom:scripting/monoscript/fileName/UnityEngine_RendererWrap.cs: e28d66316639c5d4634a4f4176885c0f -> 
  custom:audio-encoder-webm-vorbis: bf7c407c2cedff20999df2af8eb42d56 -> 
  custom:scripting/monoscript/fileName/UnityEngine_Vector4Wrap.cs: e876ed87f63c3dc401e686c851325f69 -> 
  custom:scripting/precompiled-assembly-types:Assembly-CSharp-Editor: a8074916e553e097405b5991a4cb4578 -> 6325889ca3d690caac56de41d2536aa9
  custom:scripting/monoscript/fileName/UnityEngine_ObjectWrap.cs: d239f04268fb712161f840d533347443 -> 
  custom:scripting/precompiled-assembly-types:Assembly-CSharp: b6f6826115f6ce21e7ac599e249680bb -> e72714bde2f0db21cfc2a265dc5c1124
========================================================================
Received Prepare
Refreshing native plugins compatible for Editor in 20.73 ms, found 4 plugins.
Preloading 0 native plugins for Editor in 0.00 ms.
Unloading 1 Unused Serialized files (Serialized files now loaded: 0)
Unloading 1 unused Assets / (3.1 KB). Loaded Objects now: 3964.
Memory consumption went from 75.9 MB to 75.9 MB.
Total: 6.409100 ms (FindLiveObjects: 0.488900 ms CreateObjectMapping: 0.357300 ms MarkObjects: 5.524500 ms  DeleteObjects: 0.036800 ms)

Prepare: number of updated asset objects reloaded= 0
AssetImportParameters requested are different than current active one (requested -> active):
  custom:scripting/monoscript/fileName/UnityEngine_BehaviourWrap.cs: 07f04650a03b829841e9fab9d7740454 -> 
  custom:container-demuxer-ogg: 62fdf1f143b41e24485cea50d1cbac27 -> 
  custom:scripting/monoscript/fileName/UnityEngine_Vector3Wrap.cs: 63f465b9380555daafea25b4176adba5 -> 
  custom:scripting/monoscript/fileName/UnityEngine_RayWrap.cs: 0b84fbe6cabdb1173feb41e835ef3a40 -> 
  custom:video-codec-MediaFoundation-h265: 746d11721c4dcdbdad8f713fa42b33f4 -> 
  custom:video-decoder-ogg-theora: a1e56fd34408186e4bbccfd4996cb3dc -> 
  custom:framework-win-MediaFoundation: 216162199b28c13a410421893ffa2e32 -> 
  custom:scripting/monoscript/fileName/UnityEngine_TimeWrap.cs: 5e744018ad83dc4e6b5341356b280ff7 -> 
  custom:scripting/monoscript/fileName/UnityEngine_AnimationClipWrap.cs: 77a92debc688d37d0c76ed29e7849dc6 -> 
  custom:scripting/monoscript/fileName/UnityEngine_MonoBehaviourWrap.cs: 04d351bf9d6db68acd2847f2651b2d6b -> 
  custom:scripting/monoscript/fileName/UnityEngine_MathfWrap.cs: 333033f071a58c53b030860e1dc36f4e -> 
  custom:scripting/monoscript/fileName/UnityEngine_ResourcesWrap.cs: 698ab99237a4262ce7f88356cded464a -> 
  custom:CustomObjectIndexerAttribute: 9a22284fe3817be447336de3de66b15e -> 
  custom:container-demuxer-webm: 4f35f7cbe854078d1ac9338744f61a02 -> 
  custom:scripting/monoscript/fileName/UnityEngine_ParticleSystemWrap.cs: eee33c4ac5a2b762ef5a90683fe90f0f -> 
  custom:scripting/monoscript/fileName/UnityEngine_BoundsWrap.cs: 3dd26eeb95bac2de8ce2da585d995261 -> 
  custom:scripting/monoscript/fileName/UnityEngine_KeyframeWrap.cs: f022c20884bfebd1cdba5d0a32b69287 -> 
  custom:container-muxer-webm: aa71ff27fc2769a1b78a27578f13a17b -> 
  custom:video-decoder-webm-vp8: 9c59270c3fd7afecdb556c50c9e8de78 -> 
  custom:scripting/monoscript/fileName/System_Collections_Generic_List_1_System_Int32_Wrap.cs: 0d81f6d3ce2afe6f735fa61fb6f44318 -> 
  custom:SearchIndexIgnoredProperties: e643bd26f0fe6173181afceb89e7c659 -> 
  custom:scripting/monoscript/fileName/UnityEngine_ColorWrap.cs: a2199b901d8d68ac06d36f834d48f0de -> 
  custom:AudioImporter_EditorPlatform: d09bf68614088b80899f8185d706f6e7 -> 
  custom:scripting/monoscript/fileName/UnityEngine_Ray2DWrap.cs: 3948513cbdb210ff5fa49a4b2880e106 -> 
  custom:scripting/monoscript/fileName/UnityEngine_ComponentWrap.cs: 3c3e0b9fedb2878f9f3fac771839136b -> 
  custom:scripting/monoscript/fileName/System_ObjectWrap.cs: 9fb5e5ed9e38c23dad1e0232edf0373b -> 
  custom:scripting/monoscript/fileName/UnityEngine_QuaternionWrap.cs: 2be38f3d0f8715c9babd38533b7cc2f6 -> 
  custom:scripting/monoscript/fileName/ExampleGenConfig.cs: 2d21554d83bd53efca28765b954d65c7 -> 
  custom:scripting/monoscript/fileName/UnityEngine_AnimationCurveWrap.cs: a1b4a7dab75f49fff03082ff025e4e5e -> 
  custom:scripting/monoscript/fileName/UnityEngine_LightWrap.cs: afdccdb78964e15816bd84ff574e1d72 -> 
  custom:scripting/monoscript/fileName/System_Collections_IEnumeratorBridge.cs: a6b8b2b6997973169c6bebc4e00197c3 -> 
  custom:video-encoder-webm-vp8: eb34c28f22e8b96e1ab97ce403110664 -> 
  custom:scripting/monoscript/fileName/UnityEngine_Vector2Wrap.cs: d8bd11c5df83747314d76d2e1152a25a -> 
  custom:audio-decoder-ogg-vorbis: bf7c407c2cedff20999df2af8eb42d56 -> 
  custom:scripting/monoscript/fileName/UnityEngine_GameObjectWrap.cs: 499beb086fe32ba82bd6b30d04f108ea -> 
  custom:scripting/monoscript/fileName/UnityEngine_DebugWrap.cs: 2a23054f13a8c643d838dbc57d787e1a -> 
  custom:scripting/monoscript/fileName/UnityEngine_SkinnedMeshRendererWrap.cs: e6c3bb62aa80867a3afe5dcbb6224761 -> 
  custom:scripting/monoscript/fileName/UnityEngine_TextAssetWrap.cs: 96eae3d139831963806db363328bfefe -> 
  custom:scripting/monoscript/fileName/Hotfix.cs: 54d9f1ade52076024b3f1e4e7c41699b -> 
  custom:scripting/monoscript/fileName/UnityEngine_TransformWrap.cs: 50d916bbc9cc3aa204547c1dbcf1b841 -> 
  custom:scripting/monoscript/fileName/UnityEngine_RendererWrap.cs: e28d66316639c5d4634a4f4176885c0f -> 
  custom:audio-encoder-webm-vorbis: bf7c407c2cedff20999df2af8eb42d56 -> 
  custom:scripting/monoscript/fileName/UnityEngine_Vector4Wrap.cs: e876ed87f63c3dc401e686c851325f69 -> 
  custom:scripting/precompiled-assembly-types:Assembly-CSharp-Editor: a8074916e553e097405b5991a4cb4578 -> 6325889ca3d690caac56de41d2536aa9
  custom:scripting/monoscript/fileName/UnityEngine_ObjectWrap.cs: d239f04268fb712161f840d533347443 -> 
  custom:scripting/precompiled-assembly-types:Assembly-CSharp: b6f6826115f6ce21e7ac599e249680bb -> e72714bde2f0db21cfc2a265dc5c1124
========================================================================
Received Prepare
Refreshing native plugins compatible for Editor in 20.54 ms, found 4 plugins.
Preloading 0 native plugins for Editor in 0.00 ms.
Unloading 1 Unused Serialized files (Serialized files now loaded: 0)
Unloading 1 unused Assets / (3.1 KB). Loaded Objects now: 3964.
Memory consumption went from 75.5 MB to 75.5 MB.
Total: 5.309100 ms (FindLiveObjects: 0.423100 ms CreateObjectMapping: 0.356800 ms MarkObjects: 4.489300 ms  DeleteObjects: 0.038400 ms)

Prepare: number of updated asset objects reloaded= 0
AssetImportParameters requested are different than current active one (requested -> active):
  custom:scripting/monoscript/fileName/UnityEngine_BehaviourWrap.cs: 07f04650a03b829841e9fab9d7740454 -> 
  custom:container-demuxer-ogg: 62fdf1f143b41e24485cea50d1cbac27 -> 
  custom:scripting/monoscript/fileName/UnityEngine_Vector3Wrap.cs: 63f465b9380555daafea25b4176adba5 -> 
  custom:scripting/monoscript/fileName/UnityEngine_RayWrap.cs: 0b84fbe6cabdb1173feb41e835ef3a40 -> 
  custom:video-codec-MediaFoundation-h265: 746d11721c4dcdbdad8f713fa42b33f4 -> 
  custom:video-decoder-ogg-theora: a1e56fd34408186e4bbccfd4996cb3dc -> 
  custom:framework-win-MediaFoundation: 216162199b28c13a410421893ffa2e32 -> 
  custom:scripting/monoscript/fileName/UnityEngine_TimeWrap.cs: 5e744018ad83dc4e6b5341356b280ff7 -> 
  custom:scripting/monoscript/fileName/UnityEngine_AnimationClipWrap.cs: 77a92debc688d37d0c76ed29e7849dc6 -> 
  custom:scripting/monoscript/fileName/UnityEngine_MonoBehaviourWrap.cs: 04d351bf9d6db68acd2847f2651b2d6b -> 
  custom:scripting/monoscript/fileName/UnityEngine_MathfWrap.cs: 333033f071a58c53b030860e1dc36f4e -> 
  custom:scripting/monoscript/fileName/UnityEngine_ResourcesWrap.cs: 698ab99237a4262ce7f88356cded464a -> 
  custom:CustomObjectIndexerAttribute: 9a22284fe3817be447336de3de66b15e -> 
  custom:container-demuxer-webm: 4f35f7cbe854078d1ac9338744f61a02 -> 
  custom:scripting/monoscript/fileName/UnityEngine_ParticleSystemWrap.cs: eee33c4ac5a2b762ef5a90683fe90f0f -> 
  custom:scripting/monoscript/fileName/UnityEngine_BoundsWrap.cs: 3dd26eeb95bac2de8ce2da585d995261 -> 
  custom:scripting/monoscript/fileName/UnityEngine_KeyframeWrap.cs: f022c20884bfebd1cdba5d0a32b69287 -> 
  custom:container-muxer-webm: aa71ff27fc2769a1b78a27578f13a17b -> 
  custom:video-decoder-webm-vp8: 9c59270c3fd7afecdb556c50c9e8de78 -> 
  custom:scripting/monoscript/fileName/System_Collections_Generic_List_1_System_Int32_Wrap.cs: 0d81f6d3ce2afe6f735fa61fb6f44318 -> 
  custom:SearchIndexIgnoredProperties: e643bd26f0fe6173181afceb89e7c659 -> 
  custom:scripting/monoscript/fileName/UnityEngine_ColorWrap.cs: a2199b901d8d68ac06d36f834d48f0de -> 
  custom:AudioImporter_EditorPlatform: d09bf68614088b80899f8185d706f6e7 -> 
  custom:scripting/monoscript/fileName/UnityEngine_Ray2DWrap.cs: 3948513cbdb210ff5fa49a4b2880e106 -> 
  custom:scripting/monoscript/fileName/UnityEngine_ComponentWrap.cs: 3c3e0b9fedb2878f9f3fac771839136b -> 
  custom:scripting/monoscript/fileName/System_ObjectWrap.cs: 9fb5e5ed9e38c23dad1e0232edf0373b -> 
  custom:scripting/monoscript/fileName/UnityEngine_QuaternionWrap.cs: 2be38f3d0f8715c9babd38533b7cc2f6 -> 
  custom:scripting/monoscript/fileName/ExampleGenConfig.cs: 2d21554d83bd53efca28765b954d65c7 -> 
  custom:scripting/monoscript/fileName/UnityEngine_AnimationCurveWrap.cs: a1b4a7dab75f49fff03082ff025e4e5e -> 
  custom:scripting/monoscript/fileName/UnityEngine_LightWrap.cs: afdccdb78964e15816bd84ff574e1d72 -> 
  custom:scripting/monoscript/fileName/System_Collections_IEnumeratorBridge.cs: a6b8b2b6997973169c6bebc4e00197c3 -> 
  custom:video-encoder-webm-vp8: eb34c28f22e8b96e1ab97ce403110664 -> 
  custom:scripting/monoscript/fileName/UnityEngine_Vector2Wrap.cs: d8bd11c5df83747314d76d2e1152a25a -> 
  custom:audio-decoder-ogg-vorbis: bf7c407c2cedff20999df2af8eb42d56 -> 
  custom:scripting/monoscript/fileName/UnityEngine_GameObjectWrap.cs: 499beb086fe32ba82bd6b30d04f108ea -> 
  custom:scripting/monoscript/fileName/UnityEngine_DebugWrap.cs: 2a23054f13a8c643d838dbc57d787e1a -> 
  custom:scripting/monoscript/fileName/UnityEngine_SkinnedMeshRendererWrap.cs: e6c3bb62aa80867a3afe5dcbb6224761 -> 
  custom:scripting/monoscript/fileName/UnityEngine_TextAssetWrap.cs: 96eae3d139831963806db363328bfefe -> 
  custom:scripting/monoscript/fileName/Hotfix.cs: 54d9f1ade52076024b3f1e4e7c41699b -> 
  custom:scripting/monoscript/fileName/UnityEngine_TransformWrap.cs: 50d916bbc9cc3aa204547c1dbcf1b841 -> 
  custom:scripting/monoscript/fileName/UnityEngine_RendererWrap.cs: e28d66316639c5d4634a4f4176885c0f -> 
  custom:audio-encoder-webm-vorbis: bf7c407c2cedff20999df2af8eb42d56 -> 
  custom:scripting/monoscript/fileName/UnityEngine_Vector4Wrap.cs: e876ed87f63c3dc401e686c851325f69 -> 
  custom:scripting/precompiled-assembly-types:Assembly-CSharp-Editor: a8074916e553e097405b5991a4cb4578 -> 6325889ca3d690caac56de41d2536aa9
  custom:scripting/monoscript/fileName/UnityEngine_ObjectWrap.cs: d239f04268fb712161f840d533347443 -> 
  custom:scripting/precompiled-assembly-types:Assembly-CSharp: b6f6826115f6ce21e7ac599e249680bb -> e72714bde2f0db21cfc2a265dc5c1124
========================================================================
Received Prepare
Refreshing native plugins compatible for Editor in 17.82 ms, found 4 plugins.
Preloading 0 native plugins for Editor in 0.00 ms.
Unloading 1 Unused Serialized files (Serialized files now loaded: 0)
Unloading 1 unused Assets / (3.1 KB). Loaded Objects now: 3964.
Memory consumption went from 75.5 MB to 75.5 MB.
Total: 4.646900 ms (FindLiveObjects: 0.405600 ms CreateObjectMapping: 0.326500 ms MarkObjects: 3.872100 ms  DeleteObjects: 0.041200 ms)

Prepare: number of updated asset objects reloaded= 0
AssetImportParameters requested are different than current active one (requested -> active):
  custom:scripting/monoscript/fileName/UnityEngine_BehaviourWrap.cs: 07f04650a03b829841e9fab9d7740454 -> 
  custom:container-demuxer-ogg: 62fdf1f143b41e24485cea50d1cbac27 -> 
  custom:scripting/monoscript/fileName/UnityEngine_Vector3Wrap.cs: 63f465b9380555daafea25b4176adba5 -> 
  custom:scripting/monoscript/fileName/UnityEngine_RayWrap.cs: 0b84fbe6cabdb1173feb41e835ef3a40 -> 
  custom:video-codec-MediaFoundation-h265: 746d11721c4dcdbdad8f713fa42b33f4 -> 
  custom:video-decoder-ogg-theora: a1e56fd34408186e4bbccfd4996cb3dc -> 
  custom:framework-win-MediaFoundation: 216162199b28c13a410421893ffa2e32 -> 
  custom:scripting/monoscript/fileName/UnityEngine_TimeWrap.cs: 5e744018ad83dc4e6b5341356b280ff7 -> 
  custom:scripting/monoscript/fileName/UnityEngine_AnimationClipWrap.cs: 77a92debc688d37d0c76ed29e7849dc6 -> 
  custom:scripting/monoscript/fileName/UnityEngine_MonoBehaviourWrap.cs: 04d351bf9d6db68acd2847f2651b2d6b -> 
  custom:scripting/monoscript/fileName/UnityEngine_MathfWrap.cs: 333033f071a58c53b030860e1dc36f4e -> 
  custom:scripting/monoscript/fileName/UnityEngine_ResourcesWrap.cs: 698ab99237a4262ce7f88356cded464a -> 
  custom:CustomObjectIndexerAttribute: 9a22284fe3817be447336de3de66b15e -> 
  custom:container-demuxer-webm: 4f35f7cbe854078d1ac9338744f61a02 -> 
  custom:scripting/monoscript/fileName/UnityEngine_ParticleSystemWrap.cs: eee33c4ac5a2b762ef5a90683fe90f0f -> 
  custom:scripting/monoscript/fileName/UnityEngine_BoundsWrap.cs: 3dd26eeb95bac2de8ce2da585d995261 -> 
  custom:scripting/monoscript/fileName/UnityEngine_KeyframeWrap.cs: f022c20884bfebd1cdba5d0a32b69287 -> 
  custom:container-muxer-webm: aa71ff27fc2769a1b78a27578f13a17b -> 
  custom:video-decoder-webm-vp8: 9c59270c3fd7afecdb556c50c9e8de78 -> 
  custom:scripting/monoscript/fileName/System_Collections_Generic_List_1_System_Int32_Wrap.cs: 0d81f6d3ce2afe6f735fa61fb6f44318 -> 
  custom:SearchIndexIgnoredProperties: e643bd26f0fe6173181afceb89e7c659 -> 
  custom:scripting/monoscript/fileName/UnityEngine_ColorWrap.cs: a2199b901d8d68ac06d36f834d48f0de -> 
  custom:AudioImporter_EditorPlatform: d09bf68614088b80899f8185d706f6e7 -> 
  custom:scripting/monoscript/fileName/UnityEngine_Ray2DWrap.cs: 3948513cbdb210ff5fa49a4b2880e106 -> 
  custom:scripting/monoscript/fileName/UnityEngine_ComponentWrap.cs: 3c3e0b9fedb2878f9f3fac771839136b -> 
  custom:scripting/monoscript/fileName/System_ObjectWrap.cs: 9fb5e5ed9e38c23dad1e0232edf0373b -> 
  custom:scripting/monoscript/fileName/UnityEngine_QuaternionWrap.cs: 2be38f3d0f8715c9babd38533b7cc2f6 -> 
  custom:scripting/monoscript/fileName/ExampleGenConfig.cs: 2d21554d83bd53efca28765b954d65c7 -> 
  custom:scripting/monoscript/fileName/UnityEngine_AnimationCurveWrap.cs: a1b4a7dab75f49fff03082ff025e4e5e -> 
  custom:scripting/monoscript/fileName/UnityEngine_LightWrap.cs: afdccdb78964e15816bd84ff574e1d72 -> 
  custom:scripting/monoscript/fileName/System_Collections_IEnumeratorBridge.cs: a6b8b2b6997973169c6bebc4e00197c3 -> 
  custom:video-encoder-webm-vp8: eb34c28f22e8b96e1ab97ce403110664 -> 
  custom:scripting/monoscript/fileName/UnityEngine_Vector2Wrap.cs: d8bd11c5df83747314d76d2e1152a25a -> 
  custom:audio-decoder-ogg-vorbis: bf7c407c2cedff20999df2af8eb42d56 -> 
  custom:scripting/monoscript/fileName/UnityEngine_GameObjectWrap.cs: 499beb086fe32ba82bd6b30d04f108ea -> 
  custom:scripting/monoscript/fileName/UnityEngine_DebugWrap.cs: 2a23054f13a8c643d838dbc57d787e1a -> 
  custom:scripting/monoscript/fileName/UnityEngine_SkinnedMeshRendererWrap.cs: e6c3bb62aa80867a3afe5dcbb6224761 -> 
  custom:scripting/monoscript/fileName/UnityEngine_TextAssetWrap.cs: 96eae3d139831963806db363328bfefe -> 
  custom:scripting/monoscript/fileName/Hotfix.cs: 54d9f1ade52076024b3f1e4e7c41699b -> 
  custom:scripting/monoscript/fileName/UnityEngine_TransformWrap.cs: 50d916bbc9cc3aa204547c1dbcf1b841 -> 
  custom:scripting/monoscript/fileName/UnityEngine_RendererWrap.cs: e28d66316639c5d4634a4f4176885c0f -> 
  custom:audio-encoder-webm-vorbis: bf7c407c2cedff20999df2af8eb42d56 -> 
  custom:scripting/monoscript/fileName/UnityEngine_Vector4Wrap.cs: e876ed87f63c3dc401e686c851325f69 -> 
  custom:scripting/precompiled-assembly-types:Assembly-CSharp-Editor: a8074916e553e097405b5991a4cb4578 -> 6325889ca3d690caac56de41d2536aa9
  custom:scripting/monoscript/fileName/UnityEngine_ObjectWrap.cs: d239f04268fb712161f840d533347443 -> 
  custom:scripting/precompiled-assembly-types:Assembly-CSharp: b6f6826115f6ce21e7ac599e249680bb -> e72714bde2f0db21cfc2a265dc5c1124
========================================================================
Received Prepare
Caller must complete domain reload
Begin MonoManager ReloadAssembly
- Loaded All Assemblies, in  1.262 seconds
Native extension for WindowsStandalone target not found
Native extension for WebGL target not found
Mono: successfully reloaded assembly
- Finished resetting the current domain, in  1.939 seconds
Domain Reload Profiling: 3186ms
	BeginReloadAssembly (325ms)
		ExecutionOrderSort (0ms)
		DisableScriptedObjects (10ms)
		BackupInstance (0ms)
		ReleaseScriptingObjects (0ms)
		CreateAndSetChildDomain (57ms)
	RebuildCommonClasses (82ms)
	RebuildNativeTypeToScriptingClass (34ms)
	initialDomainReloadingComplete (87ms)
	LoadAllAssembliesAndSetupDomain (719ms)
		LoadAssemblies (685ms)
		RebuildTransferFunctionScriptingTraits (0ms)
		AnalyzeDomain (225ms)
			TypeCache.Refresh (179ms)
				TypeCache.ScanAssembly (155ms)
			ScanForSourceGeneratedMonoScriptInfo (31ms)
			ResolveRequiredComponents (10ms)
	FinalizeReload (1940ms)
		ReleaseScriptCaches (0ms)
		RebuildScriptCaches (0ms)
		SetupLoadedEditorAssemblies (797ms)
			LogAssemblyErrors (0ms)
			InitializePlatformSupportModulesInManaged (15ms)
			SetLoadedEditorAssemblies (6ms)
			RefreshPlugins (0ms)
			BeforeProcessingInitializeOnLoad (129ms)
			ProcessInitializeOnLoadAttributes (572ms)
			ProcessInitializeOnLoadMethodAttributes (50ms)
			AfterProcessingInitializeOnLoad (25ms)
			EditorAssembliesLoaded (0ms)
		ExecutionOrderSort2 (0ms)
		AwakeInstancesAfterBackupRestoration (17ms)
Refreshing native plugins compatible for Editor in 17.50 ms, found 4 plugins.
Preloading 0 native plugins for Editor in 0.00 ms.
Unloading 3282 Unused Serialized files (Serialized files now loaded: 0)
Unloading 16 unused Assets / (28.5 KB). Loaded Objects now: 3967.
Memory consumption went from 126.7 MB to 126.7 MB.
Total: 4.832200 ms (FindLiveObjects: 0.403900 ms CreateObjectMapping: 0.311100 ms MarkObjects: 4.054100 ms  DeleteObjects: 0.061700 ms)

Prepare: number of updated asset objects reloaded= 0
AssetImportParameters requested are different than current active one (requested -> active):
  custom:scripting/monoscript/fileName/UnityEngine_BehaviourWrap.cs: 07f04650a03b829841e9fab9d7740454 -> 
  custom:container-demuxer-ogg: 62fdf1f143b41e24485cea50d1cbac27 -> 
  custom:scripting/monoscript/fileName/UnityEngine_Vector3Wrap.cs: 63f465b9380555daafea25b4176adba5 -> 
  custom:scripting/monoscript/fileName/UnityEngine_RayWrap.cs: 0b84fbe6cabdb1173feb41e835ef3a40 -> 
  custom:video-codec-MediaFoundation-h265: 746d11721c4dcdbdad8f713fa42b33f4 -> 
  custom:video-decoder-ogg-theora: a1e56fd34408186e4bbccfd4996cb3dc -> 
  custom:framework-win-MediaFoundation: 216162199b28c13a410421893ffa2e32 -> 
  custom:scripting/monoscript/fileName/UnityEngine_TimeWrap.cs: 5e744018ad83dc4e6b5341356b280ff7 -> 
  custom:scripting/monoscript/fileName/UnityEngine_AnimationClipWrap.cs: 77a92debc688d37d0c76ed29e7849dc6 -> 
  custom:scripting/monoscript/fileName/UnityEngine_MonoBehaviourWrap.cs: 04d351bf9d6db68acd2847f2651b2d6b -> 
  custom:scripting/monoscript/fileName/UnityEngine_MathfWrap.cs: 333033f071a58c53b030860e1dc36f4e -> 
  custom:scripting/monoscript/fileName/UnityEngine_ResourcesWrap.cs: 698ab99237a4262ce7f88356cded464a -> 
  custom:CustomObjectIndexerAttribute: 9a22284fe3817be447336de3de66b15e -> 
  custom:container-demuxer-webm: 4f35f7cbe854078d1ac9338744f61a02 -> 
  custom:scripting/monoscript/fileName/UnityEngine_ParticleSystemWrap.cs: eee33c4ac5a2b762ef5a90683fe90f0f -> 
  custom:scripting/monoscript/fileName/UnityEngine_BoundsWrap.cs: 3dd26eeb95bac2de8ce2da585d995261 -> 
  custom:scripting/monoscript/fileName/UnityEngine_KeyframeWrap.cs: f022c20884bfebd1cdba5d0a32b69287 -> 
  custom:container-muxer-webm: aa71ff27fc2769a1b78a27578f13a17b -> 
  custom:video-decoder-webm-vp8: 9c59270c3fd7afecdb556c50c9e8de78 -> 
  custom:scripting/monoscript/fileName/System_Collections_Generic_List_1_System_Int32_Wrap.cs: 0d81f6d3ce2afe6f735fa61fb6f44318 -> 
  custom:SearchIndexIgnoredProperties: e643bd26f0fe6173181afceb89e7c659 -> 
  custom:scripting/monoscript/fileName/UnityEngine_ColorWrap.cs: a2199b901d8d68ac06d36f834d48f0de -> 
  custom:AudioImporter_EditorPlatform: d09bf68614088b80899f8185d706f6e7 -> 
  custom:scripting/monoscript/fileName/UnityEngine_Ray2DWrap.cs: 3948513cbdb210ff5fa49a4b2880e106 -> 
  custom:scripting/monoscript/fileName/UnityEngine_ComponentWrap.cs: 3c3e0b9fedb2878f9f3fac771839136b -> 
  custom:scripting/monoscript/fileName/System_ObjectWrap.cs: 9fb5e5ed9e38c23dad1e0232edf0373b -> 
  custom:scripting/monoscript/fileName/UnityEngine_QuaternionWrap.cs: 2be38f3d0f8715c9babd38533b7cc2f6 -> 
  custom:scripting/monoscript/fileName/ExampleGenConfig.cs: 2d21554d83bd53efca28765b954d65c7 -> 
  custom:scripting/monoscript/fileName/UnityEngine_AnimationCurveWrap.cs: a1b4a7dab75f49fff03082ff025e4e5e -> 
  custom:scripting/monoscript/fileName/UnityEngine_LightWrap.cs: afdccdb78964e15816bd84ff574e1d72 -> 
  custom:scripting/monoscript/fileName/System_Collections_IEnumeratorBridge.cs: a6b8b2b6997973169c6bebc4e00197c3 -> 
  custom:video-encoder-webm-vp8: eb34c28f22e8b96e1ab97ce403110664 -> 
  custom:scripting/monoscript/fileName/UnityEngine_Vector2Wrap.cs: d8bd11c5df83747314d76d2e1152a25a -> 
  custom:audio-decoder-ogg-vorbis: bf7c407c2cedff20999df2af8eb42d56 -> 
  custom:scripting/monoscript/fileName/UnityEngine_GameObjectWrap.cs: 499beb086fe32ba82bd6b30d04f108ea -> 
  custom:scripting/monoscript/fileName/UnityEngine_DebugWrap.cs: 2a23054f13a8c643d838dbc57d787e1a -> 
  custom:scripting/monoscript/fileName/UnityEngine_SkinnedMeshRendererWrap.cs: e6c3bb62aa80867a3afe5dcbb6224761 -> 
  custom:scripting/monoscript/fileName/UnityEngine_TextAssetWrap.cs: 96eae3d139831963806db363328bfefe -> 
  custom:scripting/monoscript/fileName/Hotfix.cs: 54d9f1ade52076024b3f1e4e7c41699b -> 
  custom:scripting/monoscript/fileName/UnityEngine_TransformWrap.cs: 50d916bbc9cc3aa204547c1dbcf1b841 -> 
  custom:scripting/monoscript/fileName/UnityEngine_RendererWrap.cs: e28d66316639c5d4634a4f4176885c0f -> 
  custom:audio-encoder-webm-vorbis: bf7c407c2cedff20999df2af8eb42d56 -> 
  custom:scripting/monoscript/fileName/UnityEngine_Vector4Wrap.cs: e876ed87f63c3dc401e686c851325f69 -> 
  custom:scripting/precompiled-assembly-types:Assembly-CSharp-Editor: a8074916e553e097405b5991a4cb4578 -> 6325889ca3d690caac56de41d2536aa9
  custom:scripting/monoscript/fileName/UnityEngine_ObjectWrap.cs: d239f04268fb712161f840d533347443 -> 
  custom:scripting/precompiled-assembly-types:Assembly-CSharp: b6f6826115f6ce21e7ac599e249680bb -> e72714bde2f0db21cfc2a265dc5c1124
========================================================================
Received Prepare
Caller must complete domain reload
Begin MonoManager ReloadAssembly
- Loaded All Assemblies, in  1.392 seconds
Native extension for WindowsStandalone target not found
Native extension for WebGL target not found
Mono: successfully reloaded assembly
- Finished resetting the current domain, in  2.931 seconds
Domain Reload Profiling: 4304ms
	BeginReloadAssembly (502ms)
		ExecutionOrderSort (0ms)
		DisableScriptedObjects (12ms)
		BackupInstance (0ms)
		ReleaseScriptingObjects (0ms)
		CreateAndSetChildDomain (66ms)
	RebuildCommonClasses (158ms)
	RebuildNativeTypeToScriptingClass (38ms)
	initialDomainReloadingComplete (96ms)
	LoadAllAssembliesAndSetupDomain (578ms)
		LoadAssemblies (893ms)
		RebuildTransferFunctionScriptingTraits (0ms)
		AnalyzeDomain (35ms)
			TypeCache.Refresh (15ms)
				TypeCache.ScanAssembly (0ms)
			ScanForSourceGeneratedMonoScriptInfo (0ms)
			ResolveRequiredComponents (13ms)
	FinalizeReload (2932ms)
		ReleaseScriptCaches (0ms)
		RebuildScriptCaches (0ms)
		SetupLoadedEditorAssemblies (1140ms)
			LogAssemblyErrors (0ms)
			InitializePlatformSupportModulesInManaged (20ms)
			SetLoadedEditorAssemblies (7ms)
			RefreshPlugins (0ms)
			BeforeProcessingInitializeOnLoad (205ms)
			ProcessInitializeOnLoadAttributes (828ms)
			ProcessInitializeOnLoadMethodAttributes (53ms)
			AfterProcessingInitializeOnLoad (27ms)
			EditorAssembliesLoaded (0ms)
		ExecutionOrderSort2 (0ms)
		AwakeInstancesAfterBackupRestoration (23ms)
Refreshing native plugins compatible for Editor in 23.60 ms, found 4 plugins.
Preloading 0 native plugins for Editor in 0.00 ms.
Unloading 3282 Unused Serialized files (Serialized files now loaded: 0)
Unloading 16 unused Assets / (28.5 KB). Loaded Objects now: 3970.
Memory consumption went from 126.7 MB to 126.7 MB.
Total: 9.405400 ms (FindLiveObjects: 0.729600 ms CreateObjectMapping: 0.439100 ms MarkObjects: 8.162400 ms  DeleteObjects: 0.071500 ms)

Prepare: number of updated asset objects reloaded= 0
AssetImportParameters requested are different than current active one (requested -> active):
  custom:scripting/monoscript/fileName/UnityEngine_BehaviourWrap.cs: 07f04650a03b829841e9fab9d7740454 -> 
  custom:container-demuxer-ogg: 62fdf1f143b41e24485cea50d1cbac27 -> 
  custom:scripting/monoscript/fileName/UnityEngine_Vector3Wrap.cs: 63f465b9380555daafea25b4176adba5 -> 
  custom:scripting/monoscript/fileName/UnityEngine_RayWrap.cs: 0b84fbe6cabdb1173feb41e835ef3a40 -> 
  custom:video-codec-MediaFoundation-h265: 746d11721c4dcdbdad8f713fa42b33f4 -> 
  custom:video-decoder-ogg-theora: a1e56fd34408186e4bbccfd4996cb3dc -> 
  custom:framework-win-MediaFoundation: 216162199b28c13a410421893ffa2e32 -> 
  custom:scripting/monoscript/fileName/UnityEngine_TimeWrap.cs: 5e744018ad83dc4e6b5341356b280ff7 -> 
  custom:scripting/monoscript/fileName/UnityEngine_AnimationClipWrap.cs: 77a92debc688d37d0c76ed29e7849dc6 -> 
  custom:scripting/monoscript/fileName/UnityEngine_MonoBehaviourWrap.cs: 04d351bf9d6db68acd2847f2651b2d6b -> 
  custom:scripting/monoscript/fileName/UnityEngine_MathfWrap.cs: 333033f071a58c53b030860e1dc36f4e -> 
  custom:scripting/monoscript/fileName/UnityEngine_ResourcesWrap.cs: 698ab99237a4262ce7f88356cded464a -> 
  custom:CustomObjectIndexerAttribute: 9a22284fe3817be447336de3de66b15e -> 
  custom:container-demuxer-webm: 4f35f7cbe854078d1ac9338744f61a02 -> 
  custom:scripting/monoscript/fileName/UnityEngine_ParticleSystemWrap.cs: eee33c4ac5a2b762ef5a90683fe90f0f -> 
  custom:scripting/monoscript/fileName/UnityEngine_BoundsWrap.cs: 3dd26eeb95bac2de8ce2da585d995261 -> 
  custom:scripting/monoscript/fileName/UnityEngine_KeyframeWrap.cs: f022c20884bfebd1cdba5d0a32b69287 -> 
  custom:container-muxer-webm: aa71ff27fc2769a1b78a27578f13a17b -> 
  custom:video-decoder-webm-vp8: 9c59270c3fd7afecdb556c50c9e8de78 -> 
  custom:scripting/monoscript/fileName/System_Collections_Generic_List_1_System_Int32_Wrap.cs: 0d81f6d3ce2afe6f735fa61fb6f44318 -> 
  custom:SearchIndexIgnoredProperties: e643bd26f0fe6173181afceb89e7c659 -> 
  custom:scripting/monoscript/fileName/UnityEngine_ColorWrap.cs: a2199b901d8d68ac06d36f834d48f0de -> 
  custom:AudioImporter_EditorPlatform: d09bf68614088b80899f8185d706f6e7 -> 
  custom:scripting/monoscript/fileName/UnityEngine_Ray2DWrap.cs: 3948513cbdb210ff5fa49a4b2880e106 -> 
  custom:scripting/monoscript/fileName/UnityEngine_ComponentWrap.cs: 3c3e0b9fedb2878f9f3fac771839136b -> 
  custom:scripting/monoscript/fileName/System_ObjectWrap.cs: 9fb5e5ed9e38c23dad1e0232edf0373b -> 
  custom:scripting/monoscript/fileName/UnityEngine_QuaternionWrap.cs: 2be38f3d0f8715c9babd38533b7cc2f6 -> 
  custom:scripting/monoscript/fileName/ExampleGenConfig.cs: 2d21554d83bd53efca28765b954d65c7 -> 
  custom:scripting/monoscript/fileName/UnityEngine_AnimationCurveWrap.cs: a1b4a7dab75f49fff03082ff025e4e5e -> 
  custom:scripting/monoscript/fileName/UnityEngine_LightWrap.cs: afdccdb78964e15816bd84ff574e1d72 -> 
  custom:scripting/monoscript/fileName/System_Collections_IEnumeratorBridge.cs: a6b8b2b6997973169c6bebc4e00197c3 -> 
  custom:video-encoder-webm-vp8: eb34c28f22e8b96e1ab97ce403110664 -> 
  custom:scripting/monoscript/fileName/UnityEngine_Vector2Wrap.cs: d8bd11c5df83747314d76d2e1152a25a -> 
  custom:audio-decoder-ogg-vorbis: bf7c407c2cedff20999df2af8eb42d56 -> 
  custom:scripting/monoscript/fileName/UnityEngine_GameObjectWrap.cs: 499beb086fe32ba82bd6b30d04f108ea -> 
  custom:scripting/monoscript/fileName/UnityEngine_DebugWrap.cs: 2a23054f13a8c643d838dbc57d787e1a -> 
  custom:scripting/monoscript/fileName/UnityEngine_SkinnedMeshRendererWrap.cs: e6c3bb62aa80867a3afe5dcbb6224761 -> 
  custom:scripting/monoscript/fileName/UnityEngine_TextAssetWrap.cs: 96eae3d139831963806db363328bfefe -> 
  custom:scripting/monoscript/fileName/Hotfix.cs: 54d9f1ade52076024b3f1e4e7c41699b -> 
  custom:scripting/monoscript/fileName/UnityEngine_TransformWrap.cs: 50d916bbc9cc3aa204547c1dbcf1b841 -> 
  custom:scripting/monoscript/fileName/UnityEngine_RendererWrap.cs: e28d66316639c5d4634a4f4176885c0f -> 
  custom:audio-encoder-webm-vorbis: bf7c407c2cedff20999df2af8eb42d56 -> 
  custom:scripting/monoscript/fileName/UnityEngine_Vector4Wrap.cs: e876ed87f63c3dc401e686c851325f69 -> 
  custom:scripting/precompiled-assembly-types:Assembly-CSharp-Editor: a8074916e553e097405b5991a4cb4578 -> 6325889ca3d690caac56de41d2536aa9
  custom:scripting/monoscript/fileName/UnityEngine_ObjectWrap.cs: d239f04268fb712161f840d533347443 -> 
  custom:scripting/precompiled-assembly-types:Assembly-CSharp: b6f6826115f6ce21e7ac599e249680bb -> e72714bde2f0db21cfc2a265dc5c1124
========================================================================
Received Prepare
Refreshing native plugins compatible for Editor in 19.30 ms, found 4 plugins.
Preloading 0 native plugins for Editor in 0.00 ms.
Unloading 1 Unused Serialized files (Serialized files now loaded: 0)
Unloading 1 unused Assets / (3.1 KB). Loaded Objects now: 3970.
Memory consumption went from 75.9 MB to 75.9 MB.
Total: 4.837700 ms (FindLiveObjects: 0.446700 ms CreateObjectMapping: 0.355800 ms MarkObjects: 3.992000 ms  DeleteObjects: 0.040600 ms)

Prepare: number of updated asset objects reloaded= 0
AssetImportParameters requested are different than current active one (requested -> active):
  custom:scripting/monoscript/fileName/UnityEngine_BehaviourWrap.cs: 07f04650a03b829841e9fab9d7740454 -> 
  custom:container-demuxer-ogg: 62fdf1f143b41e24485cea50d1cbac27 -> 
  custom:scripting/monoscript/fileName/UnityEngine_Vector3Wrap.cs: 63f465b9380555daafea25b4176adba5 -> 
  custom:scripting/monoscript/fileName/UnityEngine_RayWrap.cs: 0b84fbe6cabdb1173feb41e835ef3a40 -> 
  custom:video-codec-MediaFoundation-h265: 746d11721c4dcdbdad8f713fa42b33f4 -> 
  custom:video-decoder-ogg-theora: a1e56fd34408186e4bbccfd4996cb3dc -> 
  custom:framework-win-MediaFoundation: 216162199b28c13a410421893ffa2e32 -> 
  custom:scripting/monoscript/fileName/UnityEngine_TimeWrap.cs: 5e744018ad83dc4e6b5341356b280ff7 -> 
  custom:scripting/monoscript/fileName/UnityEngine_AnimationClipWrap.cs: 77a92debc688d37d0c76ed29e7849dc6 -> 
  custom:scripting/monoscript/fileName/UnityEngine_MonoBehaviourWrap.cs: 04d351bf9d6db68acd2847f2651b2d6b -> 
  custom:scripting/monoscript/fileName/UnityEngine_MathfWrap.cs: 333033f071a58c53b030860e1dc36f4e -> 
  custom:scripting/monoscript/fileName/UnityEngine_ResourcesWrap.cs: 698ab99237a4262ce7f88356cded464a -> 
  custom:CustomObjectIndexerAttribute: 9a22284fe3817be447336de3de66b15e -> 
  custom:container-demuxer-webm: 4f35f7cbe854078d1ac9338744f61a02 -> 
  custom:scripting/monoscript/fileName/UnityEngine_ParticleSystemWrap.cs: eee33c4ac5a2b762ef5a90683fe90f0f -> 
  custom:scripting/monoscript/fileName/UnityEngine_BoundsWrap.cs: 3dd26eeb95bac2de8ce2da585d995261 -> 
  custom:scripting/monoscript/fileName/UnityEngine_KeyframeWrap.cs: f022c20884bfebd1cdba5d0a32b69287 -> 
  custom:container-muxer-webm: aa71ff27fc2769a1b78a27578f13a17b -> 
  custom:video-decoder-webm-vp8: 9c59270c3fd7afecdb556c50c9e8de78 -> 
  custom:scripting/monoscript/fileName/System_Collections_Generic_List_1_System_Int32_Wrap.cs: 0d81f6d3ce2afe6f735fa61fb6f44318 -> 
  custom:SearchIndexIgnoredProperties: e643bd26f0fe6173181afceb89e7c659 -> 
  custom:scripting/monoscript/fileName/UnityEngine_ColorWrap.cs: a2199b901d8d68ac06d36f834d48f0de -> 
  custom:AudioImporter_EditorPlatform: d09bf68614088b80899f8185d706f6e7 -> 
  custom:scripting/monoscript/fileName/UnityEngine_Ray2DWrap.cs: 3948513cbdb210ff5fa49a4b2880e106 -> 
  custom:scripting/monoscript/fileName/UnityEngine_ComponentWrap.cs: 3c3e0b9fedb2878f9f3fac771839136b -> 
  custom:scripting/monoscript/fileName/System_ObjectWrap.cs: 9fb5e5ed9e38c23dad1e0232edf0373b -> 
  custom:scripting/monoscript/fileName/UnityEngine_QuaternionWrap.cs: 2be38f3d0f8715c9babd38533b7cc2f6 -> 
  custom:scripting/monoscript/fileName/ExampleGenConfig.cs: 2d21554d83bd53efca28765b954d65c7 -> 
  custom:scripting/monoscript/fileName/UnityEngine_AnimationCurveWrap.cs: a1b4a7dab75f49fff03082ff025e4e5e -> 
  custom:scripting/monoscript/fileName/UnityEngine_LightWrap.cs: afdccdb78964e15816bd84ff574e1d72 -> 
  custom:scripting/monoscript/fileName/System_Collections_IEnumeratorBridge.cs: a6b8b2b6997973169c6bebc4e00197c3 -> 
  custom:video-encoder-webm-vp8: eb34c28f22e8b96e1ab97ce403110664 -> 
  custom:scripting/monoscript/fileName/UnityEngine_Vector2Wrap.cs: d8bd11c5df83747314d76d2e1152a25a -> 
  custom:audio-decoder-ogg-vorbis: bf7c407c2cedff20999df2af8eb42d56 -> 
  custom:scripting/monoscript/fileName/UnityEngine_GameObjectWrap.cs: 499beb086fe32ba82bd6b30d04f108ea -> 
  custom:scripting/monoscript/fileName/UnityEngine_DebugWrap.cs: 2a23054f13a8c643d838dbc57d787e1a -> 
  custom:scripting/monoscript/fileName/UnityEngine_SkinnedMeshRendererWrap.cs: e6c3bb62aa80867a3afe5dcbb6224761 -> 
  custom:scripting/monoscript/fileName/UnityEngine_TextAssetWrap.cs: 96eae3d139831963806db363328bfefe -> 
  custom:scripting/monoscript/fileName/Hotfix.cs: 54d9f1ade52076024b3f1e4e7c41699b -> 
  custom:scripting/monoscript/fileName/UnityEngine_TransformWrap.cs: 50d916bbc9cc3aa204547c1dbcf1b841 -> 
  custom:scripting/monoscript/fileName/UnityEngine_RendererWrap.cs: e28d66316639c5d4634a4f4176885c0f -> 
  custom:audio-encoder-webm-vorbis: bf7c407c2cedff20999df2af8eb42d56 -> 
  custom:scripting/monoscript/fileName/UnityEngine_Vector4Wrap.cs: e876ed87f63c3dc401e686c851325f69 -> 
  custom:scripting/precompiled-assembly-types:Assembly-CSharp-Editor: a8074916e553e097405b5991a4cb4578 -> 6325889ca3d690caac56de41d2536aa9
  custom:scripting/monoscript/fileName/UnityEngine_ObjectWrap.cs: d239f04268fb712161f840d533347443 -> 
  custom:scripting/precompiled-assembly-types:Assembly-CSharp: b6f6826115f6ce21e7ac599e249680bb -> e72714bde2f0db21cfc2a265dc5c1124
========================================================================
Received Prepare
Caller must complete domain reload
Begin MonoManager ReloadAssembly
- Loaded All Assemblies, in  0.988 seconds
Native extension for WindowsStandalone target not found
Native extension for WebGL target not found
Mono: successfully reloaded assembly
- Finished resetting the current domain, in  1.956 seconds
Domain Reload Profiling: 2932ms
	BeginReloadAssembly (302ms)
		ExecutionOrderSort (0ms)
		DisableScriptedObjects (10ms)
		BackupInstance (0ms)
		ReleaseScriptingObjects (0ms)
		CreateAndSetChildDomain (57ms)
	RebuildCommonClasses (75ms)
	RebuildNativeTypeToScriptingClass (21ms)
	initialDomainReloadingComplete (88ms)
	LoadAllAssembliesAndSetupDomain (490ms)
		LoadAssemblies (633ms)
		RebuildTransferFunctionScriptingTraits (0ms)
		AnalyzeDomain (27ms)
			TypeCache.Refresh (10ms)
				TypeCache.ScanAssembly (0ms)
			ScanForSourceGeneratedMonoScriptInfo (0ms)
			ResolveRequiredComponents (12ms)
	FinalizeReload (1956ms)
		ReleaseScriptCaches (0ms)
		RebuildScriptCaches (0ms)
		SetupLoadedEditorAssemblies (782ms)
			LogAssemblyErrors (0ms)
			InitializePlatformSupportModulesInManaged (15ms)
			SetLoadedEditorAssemblies (5ms)
			RefreshPlugins (0ms)
			BeforeProcessingInitializeOnLoad (133ms)
			ProcessInitializeOnLoadAttributes (553ms)
			ProcessInitializeOnLoadMethodAttributes (50ms)
			AfterProcessingInitializeOnLoad (26ms)
			EditorAssembliesLoaded (0ms)
		ExecutionOrderSort2 (0ms)
		AwakeInstancesAfterBackupRestoration (17ms)
Refreshing native plugins compatible for Editor in 18.85 ms, found 4 plugins.
Preloading 0 native plugins for Editor in 0.00 ms.
Unloading 3282 Unused Serialized files (Serialized files now loaded: 0)
Unloading 16 unused Assets / (28.6 KB). Loaded Objects now: 3973.
Memory consumption went from 126.7 MB to 126.7 MB.
Total: 4.632500 ms (FindLiveObjects: 0.426100 ms CreateObjectMapping: 0.354000 ms MarkObjects: 3.792300 ms  DeleteObjects: 0.058600 ms)

Prepare: number of updated asset objects reloaded= 0
AssetImportParameters requested are different than current active one (requested -> active):
  custom:scripting/monoscript/fileName/UnityEngine_BehaviourWrap.cs: 07f04650a03b829841e9fab9d7740454 -> 
  custom:container-demuxer-ogg: 62fdf1f143b41e24485cea50d1cbac27 -> 
  custom:scripting/monoscript/fileName/UnityEngine_Vector3Wrap.cs: 63f465b9380555daafea25b4176adba5 -> 
  custom:scripting/monoscript/fileName/UnityEngine_RayWrap.cs: 0b84fbe6cabdb1173feb41e835ef3a40 -> 
  custom:video-codec-MediaFoundation-h265: 746d11721c4dcdbdad8f713fa42b33f4 -> 
  custom:video-decoder-ogg-theora: a1e56fd34408186e4bbccfd4996cb3dc -> 
  custom:framework-win-MediaFoundation: 216162199b28c13a410421893ffa2e32 -> 
  custom:scripting/monoscript/fileName/UnityEngine_TimeWrap.cs: 5e744018ad83dc4e6b5341356b280ff7 -> 
  custom:scripting/monoscript/fileName/UnityEngine_AnimationClipWrap.cs: 77a92debc688d37d0c76ed29e7849dc6 -> 
  custom:scripting/monoscript/fileName/UnityEngine_MonoBehaviourWrap.cs: 04d351bf9d6db68acd2847f2651b2d6b -> 
  custom:scripting/monoscript/fileName/UnityEngine_MathfWrap.cs: 333033f071a58c53b030860e1dc36f4e -> 
  custom:scripting/monoscript/fileName/UnityEngine_ResourcesWrap.cs: 698ab99237a4262ce7f88356cded464a -> 
  custom:CustomObjectIndexerAttribute: 9a22284fe3817be447336de3de66b15e -> 
  custom:container-demuxer-webm: 4f35f7cbe854078d1ac9338744f61a02 -> 
  custom:scripting/monoscript/fileName/UnityEngine_ParticleSystemWrap.cs: eee33c4ac5a2b762ef5a90683fe90f0f -> 
  custom:scripting/monoscript/fileName/UnityEngine_BoundsWrap.cs: 3dd26eeb95bac2de8ce2da585d995261 -> 
  custom:scripting/monoscript/fileName/UnityEngine_KeyframeWrap.cs: f022c20884bfebd1cdba5d0a32b69287 -> 
  custom:container-muxer-webm: aa71ff27fc2769a1b78a27578f13a17b -> 
  custom:video-decoder-webm-vp8: 9c59270c3fd7afecdb556c50c9e8de78 -> 
  custom:scripting/monoscript/fileName/System_Collections_Generic_List_1_System_Int32_Wrap.cs: 0d81f6d3ce2afe6f735fa61fb6f44318 -> 
  custom:SearchIndexIgnoredProperties: e643bd26f0fe6173181afceb89e7c659 -> 
  custom:scripting/monoscript/fileName/UnityEngine_ColorWrap.cs: a2199b901d8d68ac06d36f834d48f0de -> 
  custom:AudioImporter_EditorPlatform: d09bf68614088b80899f8185d706f6e7 -> 
  custom:scripting/monoscript/fileName/UnityEngine_Ray2DWrap.cs: 3948513cbdb210ff5fa49a4b2880e106 -> 
  custom:scripting/monoscript/fileName/UnityEngine_ComponentWrap.cs: 3c3e0b9fedb2878f9f3fac771839136b -> 
  custom:scripting/monoscript/fileName/System_ObjectWrap.cs: 9fb5e5ed9e38c23dad1e0232edf0373b -> 
  custom:scripting/monoscript/fileName/UnityEngine_QuaternionWrap.cs: 2be38f3d0f8715c9babd38533b7cc2f6 -> 
  custom:scripting/monoscript/fileName/ExampleGenConfig.cs: 2d21554d83bd53efca28765b954d65c7 -> 
  custom:scripting/monoscript/fileName/UnityEngine_AnimationCurveWrap.cs: a1b4a7dab75f49fff03082ff025e4e5e -> 
  custom:scripting/monoscript/fileName/UnityEngine_LightWrap.cs: afdccdb78964e15816bd84ff574e1d72 -> 
  custom:scripting/monoscript/fileName/System_Collections_IEnumeratorBridge.cs: a6b8b2b6997973169c6bebc4e00197c3 -> 
  custom:video-encoder-webm-vp8: eb34c28f22e8b96e1ab97ce403110664 -> 
  custom:scripting/monoscript/fileName/UnityEngine_Vector2Wrap.cs: d8bd11c5df83747314d76d2e1152a25a -> 
  custom:audio-decoder-ogg-vorbis: bf7c407c2cedff20999df2af8eb42d56 -> 
  custom:scripting/monoscript/fileName/UnityEngine_GameObjectWrap.cs: 499beb086fe32ba82bd6b30d04f108ea -> 
  custom:scripting/monoscript/fileName/UnityEngine_DebugWrap.cs: 2a23054f13a8c643d838dbc57d787e1a -> 
  custom:scripting/monoscript/fileName/UnityEngine_SkinnedMeshRendererWrap.cs: e6c3bb62aa80867a3afe5dcbb6224761 -> 
  custom:scripting/monoscript/fileName/UnityEngine_TextAssetWrap.cs: 96eae3d139831963806db363328bfefe -> 
  custom:scripting/monoscript/fileName/Hotfix.cs: 54d9f1ade52076024b3f1e4e7c41699b -> 
  custom:scripting/monoscript/fileName/UnityEngine_TransformWrap.cs: 50d916bbc9cc3aa204547c1dbcf1b841 -> 
  custom:scripting/monoscript/fileName/UnityEngine_RendererWrap.cs: e28d66316639c5d4634a4f4176885c0f -> 
  custom:audio-encoder-webm-vorbis: bf7c407c2cedff20999df2af8eb42d56 -> 
  custom:scripting/monoscript/fileName/UnityEngine_Vector4Wrap.cs: e876ed87f63c3dc401e686c851325f69 -> 
  custom:scripting/precompiled-assembly-types:Assembly-CSharp-Editor: a8074916e553e097405b5991a4cb4578 -> 6325889ca3d690caac56de41d2536aa9
  custom:scripting/monoscript/fileName/UnityEngine_ObjectWrap.cs: d239f04268fb712161f840d533347443 -> 
  custom:scripting/precompiled-assembly-types:Assembly-CSharp: b6f6826115f6ce21e7ac599e249680bb -> e72714bde2f0db21cfc2a265dc5c1124
========================================================================
Received Prepare
Caller must complete domain reload
Begin MonoManager ReloadAssembly
- Loaded All Assemblies, in  1.013 seconds
Native extension for WindowsStandalone target not found
Native extension for WebGL target not found
Mono: successfully reloaded assembly
- Finished resetting the current domain, in  2.030 seconds
Domain Reload Profiling: 3027ms
	BeginReloadAssembly (296ms)
		ExecutionOrderSort (0ms)
		DisableScriptedObjects (14ms)
		BackupInstance (0ms)
		ReleaseScriptingObjects (0ms)
		CreateAndSetChildDomain (49ms)
	RebuildCommonClasses (75ms)
	RebuildNativeTypeToScriptingClass (31ms)
	initialDomainReloadingComplete (80ms)
	LoadAllAssembliesAndSetupDomain (513ms)
		LoadAssemblies (630ms)
		RebuildTransferFunctionScriptingTraits (0ms)
		AnalyzeDomain (53ms)
			TypeCache.Refresh (22ms)
				TypeCache.ScanAssembly (4ms)
			ScanForSourceGeneratedMonoScriptInfo (15ms)
			ResolveRequiredComponents (12ms)
	FinalizeReload (2031ms)
		ReleaseScriptCaches (0ms)
		RebuildScriptCaches (0ms)
		SetupLoadedEditorAssemblies (800ms)
			LogAssemblyErrors (0ms)
			InitializePlatformSupportModulesInManaged (19ms)
			SetLoadedEditorAssemblies (7ms)
			RefreshPlugins (0ms)
			BeforeProcessingInitializeOnLoad (147ms)
			ProcessInitializeOnLoadAttributes (555ms)
			ProcessInitializeOnLoadMethodAttributes (44ms)
			AfterProcessingInitializeOnLoad (27ms)
			EditorAssembliesLoaded (0ms)
		ExecutionOrderSort2 (0ms)
		AwakeInstancesAfterBackupRestoration (17ms)
Refreshing native plugins compatible for Editor in 17.94 ms, found 4 plugins.
Preloading 0 native plugins for Editor in 0.00 ms.
Unloading 3231 Unused Serialized files (Serialized files now loaded: 0)
Unloading 67 unused Assets / (55.5 KB). Loaded Objects now: 3925.
Memory consumption went from 125.9 MB to 125.9 MB.
Total: 5.421800 ms (FindLiveObjects: 0.421700 ms CreateObjectMapping: 0.354700 ms MarkObjects: 4.494200 ms  DeleteObjects: 0.149600 ms)

Prepare: number of updated asset objects reloaded= 0
AssetImportParameters requested are different than current active one (requested -> active):
  custom:scripting/monoscript/fileName/UnityEngine_BehaviourWrap.cs: 07f04650a03b829841e9fab9d7740454 -> 
  custom:container-demuxer-ogg: 62fdf1f143b41e24485cea50d1cbac27 -> 
  custom:scripting/monoscript/fileName/UnityEngine_Vector3Wrap.cs: 63f465b9380555daafea25b4176adba5 -> 
  custom:scripting/monoscript/fileName/UnityEngine_RayWrap.cs: 0b84fbe6cabdb1173feb41e835ef3a40 -> 
  custom:video-codec-MediaFoundation-h265: 746d11721c4dcdbdad8f713fa42b33f4 -> 
  custom:video-decoder-ogg-theora: a1e56fd34408186e4bbccfd4996cb3dc -> 
  custom:framework-win-MediaFoundation: 216162199b28c13a410421893ffa2e32 -> 
  custom:scripting/monoscript/fileName/UnityEngine_TimeWrap.cs: 5e744018ad83dc4e6b5341356b280ff7 -> 
  custom:scripting/monoscript/fileName/UnityEngine_AnimationClipWrap.cs: 77a92debc688d37d0c76ed29e7849dc6 -> 
  custom:scripting/monoscript/fileName/UnityEngine_MonoBehaviourWrap.cs: 04d351bf9d6db68acd2847f2651b2d6b -> 
  custom:scripting/monoscript/fileName/UnityEngine_MathfWrap.cs: 333033f071a58c53b030860e1dc36f4e -> 
  custom:scripting/monoscript/fileName/UnityEngine_ResourcesWrap.cs: 698ab99237a4262ce7f88356cded464a -> 
  custom:CustomObjectIndexerAttribute: 9a22284fe3817be447336de3de66b15e -> 
  custom:container-demuxer-webm: 4f35f7cbe854078d1ac9338744f61a02 -> 
  custom:scripting/monoscript/fileName/UnityEngine_ParticleSystemWrap.cs: eee33c4ac5a2b762ef5a90683fe90f0f -> 
  custom:scripting/monoscript/fileName/UnityEngine_BoundsWrap.cs: 3dd26eeb95bac2de8ce2da585d995261 -> 
  custom:scripting/monoscript/fileName/UnityEngine_KeyframeWrap.cs: f022c20884bfebd1cdba5d0a32b69287 -> 
  custom:container-muxer-webm: aa71ff27fc2769a1b78a27578f13a17b -> 
  custom:video-decoder-webm-vp8: 9c59270c3fd7afecdb556c50c9e8de78 -> 
  custom:scripting/monoscript/fileName/System_Collections_Generic_List_1_System_Int32_Wrap.cs: 0d81f6d3ce2afe6f735fa61fb6f44318 -> 
  custom:SearchIndexIgnoredProperties: e643bd26f0fe6173181afceb89e7c659 -> 
  custom:scripting/monoscript/fileName/UnityEngine_ColorWrap.cs: a2199b901d8d68ac06d36f834d48f0de -> 
  custom:AudioImporter_EditorPlatform: d09bf68614088b80899f8185d706f6e7 -> 
  custom:scripting/monoscript/fileName/UnityEngine_Ray2DWrap.cs: 3948513cbdb210ff5fa49a4b2880e106 -> 
  custom:scripting/monoscript/fileName/UnityEngine_ComponentWrap.cs: 3c3e0b9fedb2878f9f3fac771839136b -> 
  custom:scripting/monoscript/fileName/System_ObjectWrap.cs: 9fb5e5ed9e38c23dad1e0232edf0373b -> 
  custom:scripting/monoscript/fileName/UnityEngine_QuaternionWrap.cs: 2be38f3d0f8715c9babd38533b7cc2f6 -> 
  custom:scripting/monoscript/fileName/ExampleGenConfig.cs: 2d21554d83bd53efca28765b954d65c7 -> 
  custom:scripting/monoscript/fileName/UnityEngine_AnimationCurveWrap.cs: a1b4a7dab75f49fff03082ff025e4e5e -> 
  custom:scripting/monoscript/fileName/UnityEngine_LightWrap.cs: afdccdb78964e15816bd84ff574e1d72 -> 
  custom:scripting/monoscript/fileName/System_Collections_IEnumeratorBridge.cs: a6b8b2b6997973169c6bebc4e00197c3 -> 
  custom:video-encoder-webm-vp8: eb34c28f22e8b96e1ab97ce403110664 -> 
  custom:scripting/monoscript/fileName/UnityEngine_Vector2Wrap.cs: d8bd11c5df83747314d76d2e1152a25a -> 
  custom:audio-decoder-ogg-vorbis: bf7c407c2cedff20999df2af8eb42d56 -> 
  custom:scripting/monoscript/fileName/UnityEngine_GameObjectWrap.cs: 499beb086fe32ba82bd6b30d04f108ea -> 
  custom:scripting/monoscript/fileName/UnityEngine_DebugWrap.cs: 2a23054f13a8c643d838dbc57d787e1a -> 
  custom:scripting/monoscript/fileName/UnityEngine_SkinnedMeshRendererWrap.cs: e6c3bb62aa80867a3afe5dcbb6224761 -> 
  custom:scripting/monoscript/fileName/UnityEngine_TextAssetWrap.cs: 96eae3d139831963806db363328bfefe -> 
  custom:scripting/monoscript/fileName/Hotfix.cs: 54d9f1ade52076024b3f1e4e7c41699b -> 
  custom:scripting/monoscript/fileName/UnityEngine_TransformWrap.cs: 50d916bbc9cc3aa204547c1dbcf1b841 -> 
  custom:scripting/monoscript/fileName/UnityEngine_RendererWrap.cs: e28d66316639c5d4634a4f4176885c0f -> 
  custom:audio-encoder-webm-vorbis: bf7c407c2cedff20999df2af8eb42d56 -> 
  custom:scripting/monoscript/fileName/UnityEngine_Vector4Wrap.cs: e876ed87f63c3dc401e686c851325f69 -> 
  custom:scripting/precompiled-assembly-types:Assembly-CSharp-Editor: a8074916e553e097405b5991a4cb4578 -> 6325889ca3d690caac56de41d2536aa9
  custom:scripting/monoscript/fileName/UnityEngine_ObjectWrap.cs: d239f04268fb712161f840d533347443 -> 
  custom:scripting/precompiled-assembly-types:Assembly-CSharp: 325c172d14106f73c65b0c96d0f76cd7 -> e72714bde2f0db21cfc2a265dc5c1124
========================================================================
Received Prepare
Caller must complete domain reload
Begin MonoManager ReloadAssembly
- Loaded All Assemblies, in  1.023 seconds
Native extension for WindowsStandalone target not found
Native extension for WebGL target not found
Mono: successfully reloaded assembly
- Finished resetting the current domain, in  2.080 seconds
Domain Reload Profiling: 3086ms
	BeginReloadAssembly (308ms)
		ExecutionOrderSort (0ms)
		DisableScriptedObjects (10ms)
		BackupInstance (0ms)
		ReleaseScriptingObjects (0ms)
		CreateAndSetChildDomain (56ms)
	RebuildCommonClasses (73ms)
	RebuildNativeTypeToScriptingClass (27ms)
	initialDomainReloadingComplete (90ms)
	LoadAllAssembliesAndSetupDomain (508ms)
		LoadAssemblies (627ms)
		RebuildTransferFunctionScriptingTraits (0ms)
		AnalyzeDomain (57ms)
			TypeCache.Refresh (22ms)
				TypeCache.ScanAssembly (5ms)
			ScanForSourceGeneratedMonoScriptInfo (16ms)
			ResolveRequiredComponents (13ms)
	FinalizeReload (2081ms)
		ReleaseScriptCaches (0ms)
		RebuildScriptCaches (0ms)
		SetupLoadedEditorAssemblies (888ms)
			LogAssemblyErrors (0ms)
			InitializePlatformSupportModulesInManaged (15ms)
			SetLoadedEditorAssemblies (8ms)
			RefreshPlugins (0ms)
			BeforeProcessingInitializeOnLoad (152ms)
			ProcessInitializeOnLoadAttributes (636ms)
			ProcessInitializeOnLoadMethodAttributes (51ms)
			AfterProcessingInitializeOnLoad (24ms)
			EditorAssembliesLoaded (0ms)
		ExecutionOrderSort2 (0ms)
		AwakeInstancesAfterBackupRestoration (18ms)
Refreshing native plugins compatible for Editor in 17.43 ms, found 4 plugins.
Preloading 0 native plugins for Editor in 0.00 ms.
Unloading 3282 Unused Serialized files (Serialized files now loaded: 0)
Unloading 16 unused Assets / (28.6 KB). Loaded Objects now: 3979.
Memory consumption went from 126.7 MB to 126.7 MB.
Total: 4.803400 ms (FindLiveObjects: 0.466800 ms CreateObjectMapping: 0.418900 ms MarkObjects: 3.841000 ms  DeleteObjects: 0.075200 ms)

Prepare: number of updated asset objects reloaded= 0
AssetImportParameters requested are different than current active one (requested -> active):
  custom:scripting/monoscript/fileName/UnityEngine_BehaviourWrap.cs: 07f04650a03b829841e9fab9d7740454 -> 
  custom:container-demuxer-ogg: 62fdf1f143b41e24485cea50d1cbac27 -> 
  custom:scripting/monoscript/fileName/UnityEngine_Vector3Wrap.cs: 63f465b9380555daafea25b4176adba5 -> 
  custom:scripting/monoscript/fileName/UnityEngine_RayWrap.cs: 0b84fbe6cabdb1173feb41e835ef3a40 -> 
  custom:video-codec-MediaFoundation-h265: 746d11721c4dcdbdad8f713fa42b33f4 -> 
  custom:video-decoder-ogg-theora: a1e56fd34408186e4bbccfd4996cb3dc -> 
  custom:framework-win-MediaFoundation: 216162199b28c13a410421893ffa2e32 -> 
  custom:scripting/monoscript/fileName/UnityEngine_TimeWrap.cs: 5e744018ad83dc4e6b5341356b280ff7 -> 
  custom:scripting/monoscript/fileName/UnityEngine_AnimationClipWrap.cs: 77a92debc688d37d0c76ed29e7849dc6 -> 
  custom:scripting/monoscript/fileName/UnityEngine_MonoBehaviourWrap.cs: 04d351bf9d6db68acd2847f2651b2d6b -> 
  custom:scripting/monoscript/fileName/UnityEngine_MathfWrap.cs: 333033f071a58c53b030860e1dc36f4e -> 
  custom:scripting/monoscript/fileName/UnityEngine_ResourcesWrap.cs: 698ab99237a4262ce7f88356cded464a -> 
  custom:CustomObjectIndexerAttribute: 9a22284fe3817be447336de3de66b15e -> 
  custom:container-demuxer-webm: 4f35f7cbe854078d1ac9338744f61a02 -> 
  custom:scripting/monoscript/fileName/UnityEngine_ParticleSystemWrap.cs: eee33c4ac5a2b762ef5a90683fe90f0f -> 
  custom:scripting/monoscript/fileName/UnityEngine_BoundsWrap.cs: 3dd26eeb95bac2de8ce2da585d995261 -> 
  custom:scripting/monoscript/fileName/UnityEngine_KeyframeWrap.cs: f022c20884bfebd1cdba5d0a32b69287 -> 
  custom:container-muxer-webm: aa71ff27fc2769a1b78a27578f13a17b -> 
  custom:video-decoder-webm-vp8: 9c59270c3fd7afecdb556c50c9e8de78 -> 
  custom:scripting/monoscript/fileName/System_Collections_Generic_List_1_System_Int32_Wrap.cs: 0d81f6d3ce2afe6f735fa61fb6f44318 -> 
  custom:SearchIndexIgnoredProperties: e643bd26f0fe6173181afceb89e7c659 -> 
  custom:scripting/monoscript/fileName/UnityEngine_ColorWrap.cs: a2199b901d8d68ac06d36f834d48f0de -> 
  custom:AudioImporter_EditorPlatform: d09bf68614088b80899f8185d706f6e7 -> 
  custom:scripting/monoscript/fileName/UnityEngine_Ray2DWrap.cs: 3948513cbdb210ff5fa49a4b2880e106 -> 
  custom:scripting/monoscript/fileName/UnityEngine_ComponentWrap.cs: 3c3e0b9fedb2878f9f3fac771839136b -> 
  custom:scripting/monoscript/fileName/System_ObjectWrap.cs: 9fb5e5ed9e38c23dad1e0232edf0373b -> 
  custom:scripting/monoscript/fileName/UnityEngine_QuaternionWrap.cs: 2be38f3d0f8715c9babd38533b7cc2f6 -> 
  custom:scripting/monoscript/fileName/ExampleGenConfig.cs: 2d21554d83bd53efca28765b954d65c7 -> 
  custom:scripting/monoscript/fileName/UnityEngine_AnimationCurveWrap.cs: a1b4a7dab75f49fff03082ff025e4e5e -> 
  custom:scripting/monoscript/fileName/UnityEngine_LightWrap.cs: afdccdb78964e15816bd84ff574e1d72 -> 
  custom:scripting/monoscript/fileName/System_Collections_IEnumeratorBridge.cs: a6b8b2b6997973169c6bebc4e00197c3 -> 
  custom:video-encoder-webm-vp8: eb34c28f22e8b96e1ab97ce403110664 -> 
  custom:scripting/monoscript/fileName/UnityEngine_Vector2Wrap.cs: d8bd11c5df83747314d76d2e1152a25a -> 
  custom:audio-decoder-ogg-vorbis: bf7c407c2cedff20999df2af8eb42d56 -> 
  custom:scripting/monoscript/fileName/UnityEngine_GameObjectWrap.cs: 499beb086fe32ba82bd6b30d04f108ea -> 
  custom:scripting/monoscript/fileName/UnityEngine_DebugWrap.cs: 2a23054f13a8c643d838dbc57d787e1a -> 
  custom:scripting/monoscript/fileName/UnityEngine_SkinnedMeshRendererWrap.cs: e6c3bb62aa80867a3afe5dcbb6224761 -> 
  custom:scripting/monoscript/fileName/UnityEngine_TextAssetWrap.cs: 96eae3d139831963806db363328bfefe -> 
  custom:scripting/monoscript/fileName/Hotfix.cs: 54d9f1ade52076024b3f1e4e7c41699b -> 
  custom:scripting/monoscript/fileName/UnityEngine_TransformWrap.cs: 50d916bbc9cc3aa204547c1dbcf1b841 -> 
  custom:scripting/monoscript/fileName/UnityEngine_RendererWrap.cs: e28d66316639c5d4634a4f4176885c0f -> 
  custom:audio-encoder-webm-vorbis: bf7c407c2cedff20999df2af8eb42d56 -> 
  custom:scripting/monoscript/fileName/UnityEngine_Vector4Wrap.cs: e876ed87f63c3dc401e686c851325f69 -> 
  custom:scripting/precompiled-assembly-types:Assembly-CSharp-Editor: a8074916e553e097405b5991a4cb4578 -> 6325889ca3d690caac56de41d2536aa9
  custom:scripting/monoscript/fileName/UnityEngine_ObjectWrap.cs: d239f04268fb712161f840d533347443 -> 
  custom:scripting/precompiled-assembly-types:Assembly-CSharp: b6f6826115f6ce21e7ac599e249680bb -> e72714bde2f0db21cfc2a265dc5c1124
========================================================================
Received Prepare
Caller must complete domain reload
Begin MonoManager ReloadAssembly
- Loaded All Assemblies, in  1.018 seconds
Native extension for WindowsStandalone target not found
Native extension for WebGL target not found
Mono: successfully reloaded assembly
- Finished resetting the current domain, in  2.378 seconds
Domain Reload Profiling: 3383ms
	BeginReloadAssembly (299ms)
		ExecutionOrderSort (0ms)
		DisableScriptedObjects (11ms)
		BackupInstance (0ms)
		ReleaseScriptingObjects (0ms)
		CreateAndSetChildDomain (57ms)
	RebuildCommonClasses (66ms)
	RebuildNativeTypeToScriptingClass (21ms)
	initialDomainReloadingComplete (81ms)
	LoadAllAssembliesAndSetupDomain (536ms)
		LoadAssemblies (670ms)
		RebuildTransferFunctionScriptingTraits (0ms)
		AnalyzeDomain (32ms)
			TypeCache.Refresh (14ms)
				TypeCache.ScanAssembly (0ms)
			ScanForSourceGeneratedMonoScriptInfo (0ms)
			ResolveRequiredComponents (12ms)
	FinalizeReload (2379ms)
		ReleaseScriptCaches (0ms)
		RebuildScriptCaches (0ms)
		SetupLoadedEditorAssemblies (901ms)
			LogAssemblyErrors (0ms)
			InitializePlatformSupportModulesInManaged (21ms)
			SetLoadedEditorAssemblies (6ms)
			RefreshPlugins (0ms)
			BeforeProcessingInitializeOnLoad (148ms)
			ProcessInitializeOnLoadAttributes (649ms)
			ProcessInitializeOnLoadMethodAttributes (52ms)
			AfterProcessingInitializeOnLoad (26ms)
			EditorAssembliesLoaded (0ms)
		ExecutionOrderSort2 (0ms)
		AwakeInstancesAfterBackupRestoration (21ms)
Refreshing native plugins compatible for Editor in 24.52 ms, found 4 plugins.
Preloading 0 native plugins for Editor in 0.00 ms.
Unloading 3282 Unused Serialized files (Serialized files now loaded: 0)
Unloading 16 unused Assets / (28.5 KB). Loaded Objects now: 3982.
Memory consumption went from 126.7 MB to 126.7 MB.
Total: 4.945200 ms (FindLiveObjects: 0.417700 ms CreateObjectMapping: 0.377800 ms MarkObjects: 4.079700 ms  DeleteObjects: 0.068100 ms)

Prepare: number of updated asset objects reloaded= 0
AssetImportParameters requested are different than current active one (requested -> active):
  custom:scripting/monoscript/fileName/UnityEngine_BehaviourWrap.cs: 07f04650a03b829841e9fab9d7740454 -> 
  custom:container-demuxer-ogg: 62fdf1f143b41e24485cea50d1cbac27 -> 
  custom:scripting/monoscript/fileName/UnityEngine_Vector3Wrap.cs: 63f465b9380555daafea25b4176adba5 -> 
  custom:scripting/monoscript/fileName/UnityEngine_RayWrap.cs: 0b84fbe6cabdb1173feb41e835ef3a40 -> 
  custom:video-codec-MediaFoundation-h265: 746d11721c4dcdbdad8f713fa42b33f4 -> 
  custom:video-decoder-ogg-theora: a1e56fd34408186e4bbccfd4996cb3dc -> 
  custom:framework-win-MediaFoundation: 216162199b28c13a410421893ffa2e32 -> 
  custom:scripting/monoscript/fileName/UnityEngine_TimeWrap.cs: 5e744018ad83dc4e6b5341356b280ff7 -> 
  custom:scripting/monoscript/fileName/UnityEngine_AnimationClipWrap.cs: 77a92debc688d37d0c76ed29e7849dc6 -> 
  custom:scripting/monoscript/fileName/UnityEngine_MonoBehaviourWrap.cs: 04d351bf9d6db68acd2847f2651b2d6b -> 
  custom:scripting/monoscript/fileName/UnityEngine_MathfWrap.cs: 333033f071a58c53b030860e1dc36f4e -> 
  custom:scripting/monoscript/fileName/UnityEngine_ResourcesWrap.cs: 698ab99237a4262ce7f88356cded464a -> 
  custom:CustomObjectIndexerAttribute: 9a22284fe3817be447336de3de66b15e -> 
  custom:container-demuxer-webm: 4f35f7cbe854078d1ac9338744f61a02 -> 
  custom:scripting/monoscript/fileName/UnityEngine_ParticleSystemWrap.cs: eee33c4ac5a2b762ef5a90683fe90f0f -> 
  custom:scripting/monoscript/fileName/UnityEngine_BoundsWrap.cs: 3dd26eeb95bac2de8ce2da585d995261 -> 
  custom:scripting/monoscript/fileName/UnityEngine_KeyframeWrap.cs: f022c20884bfebd1cdba5d0a32b69287 -> 
  custom:container-muxer-webm: aa71ff27fc2769a1b78a27578f13a17b -> 
  custom:video-decoder-webm-vp8: 9c59270c3fd7afecdb556c50c9e8de78 -> 
  custom:scripting/monoscript/fileName/System_Collections_Generic_List_1_System_Int32_Wrap.cs: 0d81f6d3ce2afe6f735fa61fb6f44318 -> 
  custom:SearchIndexIgnoredProperties: e643bd26f0fe6173181afceb89e7c659 -> 
  custom:scripting/monoscript/fileName/UnityEngine_ColorWrap.cs: a2199b901d8d68ac06d36f834d48f0de -> 
  custom:AudioImporter_EditorPlatform: d09bf68614088b80899f8185d706f6e7 -> 
  custom:scripting/monoscript/fileName/UnityEngine_Ray2DWrap.cs: 3948513cbdb210ff5fa49a4b2880e106 -> 
  custom:scripting/monoscript/fileName/UnityEngine_ComponentWrap.cs: 3c3e0b9fedb2878f9f3fac771839136b -> 
  custom:scripting/monoscript/fileName/System_ObjectWrap.cs: 9fb5e5ed9e38c23dad1e0232edf0373b -> 
  custom:scripting/monoscript/fileName/UnityEngine_QuaternionWrap.cs: 2be38f3d0f8715c9babd38533b7cc2f6 -> 
  custom:scripting/monoscript/fileName/ExampleGenConfig.cs: 2d21554d83bd53efca28765b954d65c7 -> 
  custom:scripting/monoscript/fileName/UnityEngine_AnimationCurveWrap.cs: a1b4a7dab75f49fff03082ff025e4e5e -> 
  custom:scripting/monoscript/fileName/UnityEngine_LightWrap.cs: afdccdb78964e15816bd84ff574e1d72 -> 
  custom:scripting/monoscript/fileName/System_Collections_IEnumeratorBridge.cs: a6b8b2b6997973169c6bebc4e00197c3 -> 
  custom:video-encoder-webm-vp8: eb34c28f22e8b96e1ab97ce403110664 -> 
  custom:scripting/monoscript/fileName/UnityEngine_Vector2Wrap.cs: d8bd11c5df83747314d76d2e1152a25a -> 
  custom:audio-decoder-ogg-vorbis: bf7c407c2cedff20999df2af8eb42d56 -> 
  custom:scripting/monoscript/fileName/UnityEngine_GameObjectWrap.cs: 499beb086fe32ba82bd6b30d04f108ea -> 
  custom:scripting/monoscript/fileName/UnityEngine_DebugWrap.cs: 2a23054f13a8c643d838dbc57d787e1a -> 
  custom:scripting/monoscript/fileName/UnityEngine_SkinnedMeshRendererWrap.cs: e6c3bb62aa80867a3afe5dcbb6224761 -> 
  custom:scripting/monoscript/fileName/UnityEngine_TextAssetWrap.cs: 96eae3d139831963806db363328bfefe -> 
  custom:scripting/monoscript/fileName/Hotfix.cs: 54d9f1ade52076024b3f1e4e7c41699b -> 
  custom:scripting/monoscript/fileName/UnityEngine_TransformWrap.cs: 50d916bbc9cc3aa204547c1dbcf1b841 -> 
  custom:scripting/monoscript/fileName/UnityEngine_RendererWrap.cs: e28d66316639c5d4634a4f4176885c0f -> 
  custom:audio-encoder-webm-vorbis: bf7c407c2cedff20999df2af8eb42d56 -> 
  custom:scripting/monoscript/fileName/UnityEngine_Vector4Wrap.cs: e876ed87f63c3dc401e686c851325f69 -> 
  custom:scripting/precompiled-assembly-types:Assembly-CSharp-Editor: a8074916e553e097405b5991a4cb4578 -> 6325889ca3d690caac56de41d2536aa9
  custom:scripting/monoscript/fileName/UnityEngine_ObjectWrap.cs: d239f04268fb712161f840d533347443 -> 
  custom:scripting/precompiled-assembly-types:Assembly-CSharp: b6f6826115f6ce21e7ac599e249680bb -> e72714bde2f0db21cfc2a265dc5c1124
========================================================================
Received Prepare
Refreshing native plugins compatible for Editor in 18.10 ms, found 4 plugins.
Preloading 0 native plugins for Editor in 0.00 ms.
Unloading 1 Unused Serialized files (Serialized files now loaded: 0)
Unloading 1 unused Assets / (3.1 KB). Loaded Objects now: 3982.
Memory consumption went from 75.9 MB to 75.9 MB.
Total: 5.787300 ms (FindLiveObjects: 0.444500 ms CreateObjectMapping: 0.489300 ms MarkObjects: 4.808100 ms  DeleteObjects: 0.043800 ms)

Prepare: number of updated asset objects reloaded= 0
AssetImportParameters requested are different than current active one (requested -> active):
  custom:scripting/monoscript/fileName/UnityEngine_BehaviourWrap.cs: 07f04650a03b829841e9fab9d7740454 -> 
  custom:container-demuxer-ogg: 62fdf1f143b41e24485cea50d1cbac27 -> 
  custom:scripting/monoscript/fileName/UnityEngine_Vector3Wrap.cs: 63f465b9380555daafea25b4176adba5 -> 
  custom:scripting/monoscript/fileName/UnityEngine_RayWrap.cs: 0b84fbe6cabdb1173feb41e835ef3a40 -> 
  custom:video-codec-MediaFoundation-h265: 746d11721c4dcdbdad8f713fa42b33f4 -> 
  custom:video-decoder-ogg-theora: a1e56fd34408186e4bbccfd4996cb3dc -> 
  custom:framework-win-MediaFoundation: 216162199b28c13a410421893ffa2e32 -> 
  custom:scripting/monoscript/fileName/UnityEngine_TimeWrap.cs: 5e744018ad83dc4e6b5341356b280ff7 -> 
  custom:scripting/monoscript/fileName/UnityEngine_AnimationClipWrap.cs: 77a92debc688d37d0c76ed29e7849dc6 -> 
  custom:scripting/monoscript/fileName/UnityEngine_MonoBehaviourWrap.cs: 04d351bf9d6db68acd2847f2651b2d6b -> 
  custom:scripting/monoscript/fileName/UnityEngine_MathfWrap.cs: 333033f071a58c53b030860e1dc36f4e -> 
  custom:scripting/monoscript/fileName/UnityEngine_ResourcesWrap.cs: 698ab99237a4262ce7f88356cded464a -> 
  custom:CustomObjectIndexerAttribute: 9a22284fe3817be447336de3de66b15e -> 
  custom:container-demuxer-webm: 4f35f7cbe854078d1ac9338744f61a02 -> 
  custom:scripting/monoscript/fileName/UnityEngine_ParticleSystemWrap.cs: eee33c4ac5a2b762ef5a90683fe90f0f -> 
  custom:scripting/monoscript/fileName/UnityEngine_BoundsWrap.cs: 3dd26eeb95bac2de8ce2da585d995261 -> 
  custom:scripting/monoscript/fileName/UnityEngine_KeyframeWrap.cs: f022c20884bfebd1cdba5d0a32b69287 -> 
  custom:container-muxer-webm: aa71ff27fc2769a1b78a27578f13a17b -> 
  custom:video-decoder-webm-vp8: 9c59270c3fd7afecdb556c50c9e8de78 -> 
  custom:scripting/monoscript/fileName/System_Collections_Generic_List_1_System_Int32_Wrap.cs: 0d81f6d3ce2afe6f735fa61fb6f44318 -> 
  custom:SearchIndexIgnoredProperties: e643bd26f0fe6173181afceb89e7c659 -> 
  custom:scripting/monoscript/fileName/UnityEngine_ColorWrap.cs: a2199b901d8d68ac06d36f834d48f0de -> 
  custom:AudioImporter_EditorPlatform: d09bf68614088b80899f8185d706f6e7 -> 
  custom:scripting/monoscript/fileName/UnityEngine_Ray2DWrap.cs: 3948513cbdb210ff5fa49a4b2880e106 -> 
  custom:scripting/monoscript/fileName/UnityEngine_ComponentWrap.cs: 3c3e0b9fedb2878f9f3fac771839136b -> 
  custom:scripting/monoscript/fileName/System_ObjectWrap.cs: 9fb5e5ed9e38c23dad1e0232edf0373b -> 
  custom:scripting/monoscript/fileName/UnityEngine_QuaternionWrap.cs: 2be38f3d0f8715c9babd38533b7cc2f6 -> 
  custom:scripting/monoscript/fileName/ExampleGenConfig.cs: 2d21554d83bd53efca28765b954d65c7 -> 
  custom:scripting/monoscript/fileName/UnityEngine_AnimationCurveWrap.cs: a1b4a7dab75f49fff03082ff025e4e5e -> 
  custom:scripting/monoscript/fileName/UnityEngine_LightWrap.cs: afdccdb78964e15816bd84ff574e1d72 -> 
  custom:scripting/monoscript/fileName/System_Collections_IEnumeratorBridge.cs: a6b8b2b6997973169c6bebc4e00197c3 -> 
  custom:video-encoder-webm-vp8: eb34c28f22e8b96e1ab97ce403110664 -> 
  custom:scripting/monoscript/fileName/UnityEngine_Vector2Wrap.cs: d8bd11c5df83747314d76d2e1152a25a -> 
  custom:audio-decoder-ogg-vorbis: bf7c407c2cedff20999df2af8eb42d56 -> 
  custom:scripting/monoscript/fileName/UnityEngine_GameObjectWrap.cs: 499beb086fe32ba82bd6b30d04f108ea -> 
  custom:scripting/monoscript/fileName/UnityEngine_DebugWrap.cs: 2a23054f13a8c643d838dbc57d787e1a -> 
  custom:scripting/monoscript/fileName/UnityEngine_SkinnedMeshRendererWrap.cs: e6c3bb62aa80867a3afe5dcbb6224761 -> 
  custom:scripting/monoscript/fileName/UnityEngine_TextAssetWrap.cs: 96eae3d139831963806db363328bfefe -> 
  custom:scripting/monoscript/fileName/Hotfix.cs: 54d9f1ade52076024b3f1e4e7c41699b -> 
  custom:scripting/monoscript/fileName/UnityEngine_TransformWrap.cs: 50d916bbc9cc3aa204547c1dbcf1b841 -> 
  custom:scripting/monoscript/fileName/UnityEngine_RendererWrap.cs: e28d66316639c5d4634a4f4176885c0f -> 
  custom:audio-encoder-webm-vorbis: bf7c407c2cedff20999df2af8eb42d56 -> 
  custom:scripting/monoscript/fileName/UnityEngine_Vector4Wrap.cs: e876ed87f63c3dc401e686c851325f69 -> 
  custom:scripting/precompiled-assembly-types:Assembly-CSharp-Editor: a8074916e553e097405b5991a4cb4578 -> 6325889ca3d690caac56de41d2536aa9
  custom:scripting/monoscript/fileName/UnityEngine_ObjectWrap.cs: d239f04268fb712161f840d533347443 -> 
  custom:scripting/precompiled-assembly-types:Assembly-CSharp: b6f6826115f6ce21e7ac599e249680bb -> e72714bde2f0db21cfc2a265dc5c1124
========================================================================
Received Prepare
Caller must complete domain reload
Begin MonoManager ReloadAssembly
- Loaded All Assemblies, in  0.964 seconds
Native extension for WindowsStandalone target not found
Native extension for WebGL target not found
Mono: successfully reloaded assembly
- Finished resetting the current domain, in  1.955 seconds
Domain Reload Profiling: 2904ms
	BeginReloadAssembly (296ms)
		ExecutionOrderSort (0ms)
		DisableScriptedObjects (11ms)
		BackupInstance (0ms)
		ReleaseScriptingObjects (0ms)
		CreateAndSetChildDomain (54ms)
	RebuildCommonClasses (76ms)
	RebuildNativeTypeToScriptingClass (22ms)
	initialDomainReloadingComplete (81ms)
	LoadAllAssembliesAndSetupDomain (474ms)
		LoadAssemblies (612ms)
		RebuildTransferFunctionScriptingTraits (0ms)
		AnalyzeDomain (26ms)
			TypeCache.Refresh (11ms)
				TypeCache.ScanAssembly (0ms)
			ScanForSourceGeneratedMonoScriptInfo (0ms)
			ResolveRequiredComponents (11ms)
	FinalizeReload (1956ms)
		ReleaseScriptCaches (0ms)
		RebuildScriptCaches (0ms)
		SetupLoadedEditorAssemblies (762ms)
			LogAssemblyErrors (0ms)
			InitializePlatformSupportModulesInManaged (15ms)
			SetLoadedEditorAssemblies (5ms)
			RefreshPlugins (0ms)
			BeforeProcessingInitializeOnLoad (124ms)
			ProcessInitializeOnLoadAttributes (545ms)
			ProcessInitializeOnLoadMethodAttributes (47ms)
			AfterProcessingInitializeOnLoad (25ms)
			EditorAssembliesLoaded (0ms)
		ExecutionOrderSort2 (0ms)
		AwakeInstancesAfterBackupRestoration (17ms)
Refreshing native plugins compatible for Editor in 17.29 ms, found 4 plugins.
Preloading 0 native plugins for Editor in 0.00 ms.
Unloading 3282 Unused Serialized files (Serialized files now loaded: 0)
Unloading 16 unused Assets / (28.6 KB). Loaded Objects now: 3985.
Memory consumption went from 126.7 MB to 126.7 MB.
Total: 5.558200 ms (FindLiveObjects: 0.444800 ms CreateObjectMapping: 0.343100 ms MarkObjects: 4.693900 ms  DeleteObjects: 0.074900 ms)

Prepare: number of updated asset objects reloaded= 0
AssetImportParameters requested are different than current active one (requested -> active):
  custom:scripting/monoscript/fileName/UnityEngine_BehaviourWrap.cs: 07f04650a03b829841e9fab9d7740454 -> 
  custom:container-demuxer-ogg: 62fdf1f143b41e24485cea50d1cbac27 -> 
  custom:scripting/monoscript/fileName/UnityEngine_Vector3Wrap.cs: 63f465b9380555daafea25b4176adba5 -> 
  custom:scripting/monoscript/fileName/UnityEngine_RayWrap.cs: 0b84fbe6cabdb1173feb41e835ef3a40 -> 
  custom:video-codec-MediaFoundation-h265: 746d11721c4dcdbdad8f713fa42b33f4 -> 
  custom:video-decoder-ogg-theora: a1e56fd34408186e4bbccfd4996cb3dc -> 
  custom:framework-win-MediaFoundation: 216162199b28c13a410421893ffa2e32 -> 
  custom:scripting/monoscript/fileName/UnityEngine_TimeWrap.cs: 5e744018ad83dc4e6b5341356b280ff7 -> 
  custom:scripting/monoscript/fileName/UnityEngine_AnimationClipWrap.cs: 77a92debc688d37d0c76ed29e7849dc6 -> 
  custom:scripting/monoscript/fileName/UnityEngine_MonoBehaviourWrap.cs: 04d351bf9d6db68acd2847f2651b2d6b -> 
  custom:scripting/monoscript/fileName/UnityEngine_MathfWrap.cs: 333033f071a58c53b030860e1dc36f4e -> 
  custom:scripting/monoscript/fileName/UnityEngine_ResourcesWrap.cs: 698ab99237a4262ce7f88356cded464a -> 
  custom:CustomObjectIndexerAttribute: 9a22284fe3817be447336de3de66b15e -> 
  custom:container-demuxer-webm: 4f35f7cbe854078d1ac9338744f61a02 -> 
  custom:scripting/monoscript/fileName/UnityEngine_ParticleSystemWrap.cs: eee33c4ac5a2b762ef5a90683fe90f0f -> 
  custom:scripting/monoscript/fileName/UnityEngine_BoundsWrap.cs: 3dd26eeb95bac2de8ce2da585d995261 -> 
  custom:scripting/monoscript/fileName/UnityEngine_KeyframeWrap.cs: f022c20884bfebd1cdba5d0a32b69287 -> 
  custom:container-muxer-webm: aa71ff27fc2769a1b78a27578f13a17b -> 
  custom:video-decoder-webm-vp8: 9c59270c3fd7afecdb556c50c9e8de78 -> 
  custom:scripting/monoscript/fileName/System_Collections_Generic_List_1_System_Int32_Wrap.cs: 0d81f6d3ce2afe6f735fa61fb6f44318 -> 
  custom:SearchIndexIgnoredProperties: e643bd26f0fe6173181afceb89e7c659 -> 
  custom:scripting/monoscript/fileName/UnityEngine_ColorWrap.cs: a2199b901d8d68ac06d36f834d48f0de -> 
  custom:AudioImporter_EditorPlatform: d09bf68614088b80899f8185d706f6e7 -> 
  custom:scripting/monoscript/fileName/UnityEngine_Ray2DWrap.cs: 3948513cbdb210ff5fa49a4b2880e106 -> 
  custom:scripting/monoscript/fileName/UnityEngine_ComponentWrap.cs: 3c3e0b9fedb2878f9f3fac771839136b -> 
  custom:scripting/monoscript/fileName/System_ObjectWrap.cs: 9fb5e5ed9e38c23dad1e0232edf0373b -> 
  custom:scripting/monoscript/fileName/UnityEngine_QuaternionWrap.cs: 2be38f3d0f8715c9babd38533b7cc2f6 -> 
  custom:scripting/monoscript/fileName/ExampleGenConfig.cs: 2d21554d83bd53efca28765b954d65c7 -> 
  custom:scripting/monoscript/fileName/UnityEngine_AnimationCurveWrap.cs: a1b4a7dab75f49fff03082ff025e4e5e -> 
  custom:scripting/monoscript/fileName/UnityEngine_LightWrap.cs: afdccdb78964e15816bd84ff574e1d72 -> 
  custom:scripting/monoscript/fileName/System_Collections_IEnumeratorBridge.cs: a6b8b2b6997973169c6bebc4e00197c3 -> 
  custom:video-encoder-webm-vp8: eb34c28f22e8b96e1ab97ce403110664 -> 
  custom:scripting/monoscript/fileName/UnityEngine_Vector2Wrap.cs: d8bd11c5df83747314d76d2e1152a25a -> 
  custom:audio-decoder-ogg-vorbis: bf7c407c2cedff20999df2af8eb42d56 -> 
  custom:scripting/monoscript/fileName/UnityEngine_GameObjectWrap.cs: 499beb086fe32ba82bd6b30d04f108ea -> 
  custom:scripting/monoscript/fileName/UnityEngine_DebugWrap.cs: 2a23054f13a8c643d838dbc57d787e1a -> 
  custom:scripting/monoscript/fileName/UnityEngine_SkinnedMeshRendererWrap.cs: e6c3bb62aa80867a3afe5dcbb6224761 -> 
  custom:scripting/monoscript/fileName/UnityEngine_TextAssetWrap.cs: 96eae3d139831963806db363328bfefe -> 
  custom:scripting/monoscript/fileName/Hotfix.cs: 54d9f1ade52076024b3f1e4e7c41699b -> 
  custom:scripting/monoscript/fileName/UnityEngine_TransformWrap.cs: 50d916bbc9cc3aa204547c1dbcf1b841 -> 
  custom:scripting/monoscript/fileName/UnityEngine_RendererWrap.cs: e28d66316639c5d4634a4f4176885c0f -> 
  custom:audio-encoder-webm-vorbis: bf7c407c2cedff20999df2af8eb42d56 -> 
  custom:scripting/monoscript/fileName/UnityEngine_Vector4Wrap.cs: e876ed87f63c3dc401e686c851325f69 -> 
  custom:scripting/precompiled-assembly-types:Assembly-CSharp-Editor: a8074916e553e097405b5991a4cb4578 -> 6325889ca3d690caac56de41d2536aa9
  custom:scripting/monoscript/fileName/UnityEngine_ObjectWrap.cs: d239f04268fb712161f840d533347443 -> 
  custom:scripting/precompiled-assembly-types:Assembly-CSharp: b6f6826115f6ce21e7ac599e249680bb -> e72714bde2f0db21cfc2a265dc5c1124
========================================================================
Received Prepare
Caller must complete domain reload
Begin MonoManager ReloadAssembly
- Loaded All Assemblies, in  1.136 seconds
Native extension for WindowsStandalone target not found
Native extension for WebGL target not found
Mono: successfully reloaded assembly
- Finished resetting the current domain, in  2.279 seconds
Domain Reload Profiling: 3403ms
	BeginReloadAssembly (317ms)
		ExecutionOrderSort (0ms)
		DisableScriptedObjects (10ms)
		BackupInstance (0ms)
		ReleaseScriptingObjects (0ms)
		CreateAndSetChildDomain (68ms)
	RebuildCommonClasses (69ms)
	RebuildNativeTypeToScriptingClass (23ms)
	initialDomainReloadingComplete (85ms)
	LoadAllAssembliesAndSetupDomain (627ms)
		LoadAssemblies (745ms)
		RebuildTransferFunctionScriptingTraits (0ms)
		AnalyzeDomain (59ms)
			TypeCache.Refresh (17ms)
				TypeCache.ScanAssembly (2ms)
			ScanForSourceGeneratedMonoScriptInfo (21ms)
			ResolveRequiredComponents (15ms)
	FinalizeReload (2281ms)
		ReleaseScriptCaches (0ms)
		RebuildScriptCaches (0ms)
		SetupLoadedEditorAssemblies (916ms)
			LogAssemblyErrors (0ms)
			InitializePlatformSupportModulesInManaged (25ms)
			SetLoadedEditorAssemblies (9ms)
			RefreshPlugins (0ms)
			BeforeProcessingInitializeOnLoad (162ms)
			ProcessInitializeOnLoadAttributes (640ms)
			ProcessInitializeOnLoadMethodAttributes (48ms)
			AfterProcessingInitializeOnLoad (31ms)
			EditorAssembliesLoaded (0ms)
		ExecutionOrderSort2 (0ms)
		AwakeInstancesAfterBackupRestoration (21ms)
Refreshing native plugins compatible for Editor in 31.12 ms, found 4 plugins.
Preloading 0 native plugins for Editor in 0.00 ms.
Unloading 3282 Unused Serialized files (Serialized files now loaded: 0)
Unloading 16 unused Assets / (28.5 KB). Loaded Objects now: 3988.
Memory consumption went from 126.8 MB to 126.7 MB.
Total: 7.627400 ms (FindLiveObjects: 0.721500 ms CreateObjectMapping: 0.913300 ms MarkObjects: 5.846200 ms  DeleteObjects: 0.142900 ms)

Prepare: number of updated asset objects reloaded= 0
AssetImportParameters requested are different than current active one (requested -> active):
  custom:scripting/monoscript/fileName/UnityEngine_BehaviourWrap.cs: 07f04650a03b829841e9fab9d7740454 -> 
  custom:container-demuxer-ogg: 62fdf1f143b41e24485cea50d1cbac27 -> 
  custom:scripting/monoscript/fileName/UnityEngine_Vector3Wrap.cs: 63f465b9380555daafea25b4176adba5 -> 
  custom:scripting/monoscript/fileName/UnityEngine_RayWrap.cs: 0b84fbe6cabdb1173feb41e835ef3a40 -> 
  custom:video-codec-MediaFoundation-h265: 746d11721c4dcdbdad8f713fa42b33f4 -> 
  custom:video-decoder-ogg-theora: a1e56fd34408186e4bbccfd4996cb3dc -> 
  custom:framework-win-MediaFoundation: 216162199b28c13a410421893ffa2e32 -> 
  custom:scripting/monoscript/fileName/UnityEngine_TimeWrap.cs: 5e744018ad83dc4e6b5341356b280ff7 -> 
  custom:scripting/monoscript/fileName/UnityEngine_AnimationClipWrap.cs: 77a92debc688d37d0c76ed29e7849dc6 -> 
  custom:scripting/monoscript/fileName/UnityEngine_MonoBehaviourWrap.cs: 04d351bf9d6db68acd2847f2651b2d6b -> 
  custom:scripting/monoscript/fileName/UnityEngine_MathfWrap.cs: 333033f071a58c53b030860e1dc36f4e -> 
  custom:scripting/monoscript/fileName/UnityEngine_ResourcesWrap.cs: 698ab99237a4262ce7f88356cded464a -> 
  custom:CustomObjectIndexerAttribute: 9a22284fe3817be447336de3de66b15e -> 
  custom:container-demuxer-webm: 4f35f7cbe854078d1ac9338744f61a02 -> 
  custom:scripting/monoscript/fileName/UnityEngine_ParticleSystemWrap.cs: eee33c4ac5a2b762ef5a90683fe90f0f -> 
  custom:scripting/monoscript/fileName/UnityEngine_BoundsWrap.cs: 3dd26eeb95bac2de8ce2da585d995261 -> 
  custom:scripting/monoscript/fileName/UnityEngine_KeyframeWrap.cs: f022c20884bfebd1cdba5d0a32b69287 -> 
  custom:container-muxer-webm: aa71ff27fc2769a1b78a27578f13a17b -> 
  custom:video-decoder-webm-vp8: 9c59270c3fd7afecdb556c50c9e8de78 -> 
  custom:scripting/monoscript/fileName/System_Collections_Generic_List_1_System_Int32_Wrap.cs: 0d81f6d3ce2afe6f735fa61fb6f44318 -> 
  custom:SearchIndexIgnoredProperties: e643bd26f0fe6173181afceb89e7c659 -> 
  custom:scripting/monoscript/fileName/UnityEngine_ColorWrap.cs: a2199b901d8d68ac06d36f834d48f0de -> 
  custom:AudioImporter_EditorPlatform: d09bf68614088b80899f8185d706f6e7 -> 
  custom:scripting/monoscript/fileName/UnityEngine_Ray2DWrap.cs: 3948513cbdb210ff5fa49a4b2880e106 -> 
  custom:scripting/monoscript/fileName/UnityEngine_ComponentWrap.cs: 3c3e0b9fedb2878f9f3fac771839136b -> 
  custom:scripting/monoscript/fileName/System_ObjectWrap.cs: 9fb5e5ed9e38c23dad1e0232edf0373b -> 
  custom:scripting/monoscript/fileName/UnityEngine_QuaternionWrap.cs: 2be38f3d0f8715c9babd38533b7cc2f6 -> 
  custom:scripting/monoscript/fileName/ExampleGenConfig.cs: 2d21554d83bd53efca28765b954d65c7 -> 
  custom:scripting/monoscript/fileName/UnityEngine_AnimationCurveWrap.cs: a1b4a7dab75f49fff03082ff025e4e5e -> 
  custom:scripting/monoscript/fileName/UnityEngine_LightWrap.cs: afdccdb78964e15816bd84ff574e1d72 -> 
  custom:scripting/monoscript/fileName/System_Collections_IEnumeratorBridge.cs: a6b8b2b6997973169c6bebc4e00197c3 -> 
  custom:video-encoder-webm-vp8: eb34c28f22e8b96e1ab97ce403110664 -> 
  custom:scripting/monoscript/fileName/UnityEngine_Vector2Wrap.cs: d8bd11c5df83747314d76d2e1152a25a -> 
  custom:audio-decoder-ogg-vorbis: bf7c407c2cedff20999df2af8eb42d56 -> 
  custom:scripting/monoscript/fileName/UnityEngine_GameObjectWrap.cs: 499beb086fe32ba82bd6b30d04f108ea -> 
  custom:scripting/monoscript/fileName/UnityEngine_DebugWrap.cs: 2a23054f13a8c643d838dbc57d787e1a -> 
  custom:scripting/monoscript/fileName/UnityEngine_SkinnedMeshRendererWrap.cs: e6c3bb62aa80867a3afe5dcbb6224761 -> 
  custom:scripting/monoscript/fileName/UnityEngine_TextAssetWrap.cs: 96eae3d139831963806db363328bfefe -> 
  custom:scripting/monoscript/fileName/Hotfix.cs: 54d9f1ade52076024b3f1e4e7c41699b -> 
  custom:scripting/monoscript/fileName/UnityEngine_TransformWrap.cs: 50d916bbc9cc3aa204547c1dbcf1b841 -> 
  custom:scripting/monoscript/fileName/UnityEngine_RendererWrap.cs: e28d66316639c5d4634a4f4176885c0f -> 
  custom:audio-encoder-webm-vorbis: bf7c407c2cedff20999df2af8eb42d56 -> 
  custom:scripting/monoscript/fileName/UnityEngine_Vector4Wrap.cs: e876ed87f63c3dc401e686c851325f69 -> 
  custom:scripting/precompiled-assembly-types:Assembly-CSharp-Editor: a8074916e553e097405b5991a4cb4578 -> 6325889ca3d690caac56de41d2536aa9
  custom:scripting/monoscript/fileName/UnityEngine_ObjectWrap.cs: d239f04268fb712161f840d533347443 -> 
  custom:scripting/precompiled-assembly-types:Assembly-CSharp: b6f6826115f6ce21e7ac599e249680bb -> e72714bde2f0db21cfc2a265dc5c1124
========================================================================
Received Prepare
Refreshing native plugins compatible for Editor in 20.31 ms, found 4 plugins.
Preloading 0 native plugins for Editor in 0.00 ms.
Unloading 1 Unused Serialized files (Serialized files now loaded: 0)
Unloading 1 unused Assets / (3.1 KB). Loaded Objects now: 3988.
Memory consumption went from 75.9 MB to 75.9 MB.
Total: 6.812300 ms (FindLiveObjects: 0.467800 ms CreateObjectMapping: 0.334400 ms MarkObjects: 5.949600 ms  DeleteObjects: 0.058300 ms)

Prepare: number of updated asset objects reloaded= 0
AssetImportParameters requested are different than current active one (requested -> active):
  custom:scripting/monoscript/fileName/UnityEngine_BehaviourWrap.cs: 07f04650a03b829841e9fab9d7740454 -> 
  custom:container-demuxer-ogg: 62fdf1f143b41e24485cea50d1cbac27 -> 
  custom:scripting/monoscript/fileName/UnityEngine_Vector3Wrap.cs: 63f465b9380555daafea25b4176adba5 -> 
  custom:scripting/monoscript/fileName/UnityEngine_RayWrap.cs: 0b84fbe6cabdb1173feb41e835ef3a40 -> 
  custom:video-codec-MediaFoundation-h265: 746d11721c4dcdbdad8f713fa42b33f4 -> 
  custom:video-decoder-ogg-theora: a1e56fd34408186e4bbccfd4996cb3dc -> 
  custom:framework-win-MediaFoundation: 216162199b28c13a410421893ffa2e32 -> 
  custom:scripting/monoscript/fileName/UnityEngine_TimeWrap.cs: 5e744018ad83dc4e6b5341356b280ff7 -> 
  custom:scripting/monoscript/fileName/UnityEngine_AnimationClipWrap.cs: 77a92debc688d37d0c76ed29e7849dc6 -> 
  custom:scripting/monoscript/fileName/UnityEngine_MonoBehaviourWrap.cs: 04d351bf9d6db68acd2847f2651b2d6b -> 
  custom:scripting/monoscript/fileName/UnityEngine_MathfWrap.cs: 333033f071a58c53b030860e1dc36f4e -> 
  custom:scripting/monoscript/fileName/UnityEngine_ResourcesWrap.cs: 698ab99237a4262ce7f88356cded464a -> 
  custom:CustomObjectIndexerAttribute: 9a22284fe3817be447336de3de66b15e -> 
  custom:container-demuxer-webm: 4f35f7cbe854078d1ac9338744f61a02 -> 
  custom:scripting/monoscript/fileName/UnityEngine_ParticleSystemWrap.cs: eee33c4ac5a2b762ef5a90683fe90f0f -> 
  custom:scripting/monoscript/fileName/UnityEngine_BoundsWrap.cs: 3dd26eeb95bac2de8ce2da585d995261 -> 
  custom:scripting/monoscript/fileName/UnityEngine_KeyframeWrap.cs: f022c20884bfebd1cdba5d0a32b69287 -> 
  custom:container-muxer-webm: aa71ff27fc2769a1b78a27578f13a17b -> 
  custom:video-decoder-webm-vp8: 9c59270c3fd7afecdb556c50c9e8de78 -> 
  custom:scripting/monoscript/fileName/System_Collections_Generic_List_1_System_Int32_Wrap.cs: 0d81f6d3ce2afe6f735fa61fb6f44318 -> 
  custom:SearchIndexIgnoredProperties: e643bd26f0fe6173181afceb89e7c659 -> 
  custom:scripting/monoscript/fileName/UnityEngine_ColorWrap.cs: a2199b901d8d68ac06d36f834d48f0de -> 
  custom:AudioImporter_EditorPlatform: d09bf68614088b80899f8185d706f6e7 -> 
  custom:scripting/monoscript/fileName/UnityEngine_Ray2DWrap.cs: 3948513cbdb210ff5fa49a4b2880e106 -> 
  custom:scripting/monoscript/fileName/UnityEngine_ComponentWrap.cs: 3c3e0b9fedb2878f9f3fac771839136b -> 
  custom:scripting/monoscript/fileName/System_ObjectWrap.cs: 9fb5e5ed9e38c23dad1e0232edf0373b -> 
  custom:scripting/monoscript/fileName/UnityEngine_QuaternionWrap.cs: 2be38f3d0f8715c9babd38533b7cc2f6 -> 
  custom:scripting/monoscript/fileName/ExampleGenConfig.cs: 2d21554d83bd53efca28765b954d65c7 -> 
  custom:scripting/monoscript/fileName/UnityEngine_AnimationCurveWrap.cs: a1b4a7dab75f49fff03082ff025e4e5e -> 
  custom:scripting/monoscript/fileName/UnityEngine_LightWrap.cs: afdccdb78964e15816bd84ff574e1d72 -> 
  custom:scripting/monoscript/fileName/System_Collections_IEnumeratorBridge.cs: a6b8b2b6997973169c6bebc4e00197c3 -> 
  custom:video-encoder-webm-vp8: eb34c28f22e8b96e1ab97ce403110664 -> 
  custom:scripting/monoscript/fileName/UnityEngine_Vector2Wrap.cs: d8bd11c5df83747314d76d2e1152a25a -> 
  custom:audio-decoder-ogg-vorbis: bf7c407c2cedff20999df2af8eb42d56 -> 
  custom:scripting/monoscript/fileName/UnityEngine_GameObjectWrap.cs: 499beb086fe32ba82bd6b30d04f108ea -> 
  custom:scripting/monoscript/fileName/UnityEngine_DebugWrap.cs: 2a23054f13a8c643d838dbc57d787e1a -> 
  custom:scripting/monoscript/fileName/UnityEngine_SkinnedMeshRendererWrap.cs: e6c3bb62aa80867a3afe5dcbb6224761 -> 
  custom:scripting/monoscript/fileName/UnityEngine_TextAssetWrap.cs: 96eae3d139831963806db363328bfefe -> 
  custom:scripting/monoscript/fileName/Hotfix.cs: 54d9f1ade52076024b3f1e4e7c41699b -> 
  custom:scripting/monoscript/fileName/UnityEngine_TransformWrap.cs: 50d916bbc9cc3aa204547c1dbcf1b841 -> 
  custom:scripting/monoscript/fileName/UnityEngine_RendererWrap.cs: e28d66316639c5d4634a4f4176885c0f -> 
  custom:audio-encoder-webm-vorbis: bf7c407c2cedff20999df2af8eb42d56 -> 
  custom:scripting/monoscript/fileName/UnityEngine_Vector4Wrap.cs: e876ed87f63c3dc401e686c851325f69 -> 
  custom:scripting/precompiled-assembly-types:Assembly-CSharp-Editor: a8074916e553e097405b5991a4cb4578 -> 6325889ca3d690caac56de41d2536aa9
  custom:scripting/monoscript/fileName/UnityEngine_ObjectWrap.cs: d239f04268fb712161f840d533347443 -> 
  custom:scripting/precompiled-assembly-types:Assembly-CSharp: b6f6826115f6ce21e7ac599e249680bb -> e72714bde2f0db21cfc2a265dc5c1124
========================================================================
Received Prepare
Caller must complete domain reload
Begin MonoManager ReloadAssembly
- Loaded All Assemblies, in  1.036 seconds
Native extension for WindowsStandalone target not found
Native extension for WebGL target not found
Mono: successfully reloaded assembly
- Finished resetting the current domain, in  1.980 seconds
Domain Reload Profiling: 3001ms
	BeginReloadAssembly (313ms)
		ExecutionOrderSort (0ms)
		DisableScriptedObjects (10ms)
		BackupInstance (0ms)
		ReleaseScriptingObjects (0ms)
		CreateAndSetChildDomain (56ms)
	RebuildCommonClasses (70ms)
	RebuildNativeTypeToScriptingClass (32ms)
	initialDomainReloadingComplete (87ms)
	LoadAllAssembliesAndSetupDomain (518ms)
		LoadAssemblies (661ms)
		RebuildTransferFunctionScriptingTraits (0ms)
		AnalyzeDomain (38ms)
			TypeCache.Refresh (18ms)
				TypeCache.ScanAssembly (0ms)
			ScanForSourceGeneratedMonoScriptInfo (0ms)
			ResolveRequiredComponents (14ms)
	FinalizeReload (1981ms)
		ReleaseScriptCaches (0ms)
		RebuildScriptCaches (0ms)
		SetupLoadedEditorAssemblies (786ms)
			LogAssemblyErrors (0ms)
			InitializePlatformSupportModulesInManaged (15ms)
			SetLoadedEditorAssemblies (6ms)
			RefreshPlugins (0ms)
			BeforeProcessingInitializeOnLoad (131ms)
			ProcessInitializeOnLoadAttributes (563ms)
			ProcessInitializeOnLoadMethodAttributes (45ms)
			AfterProcessingInitializeOnLoad (27ms)
			EditorAssembliesLoaded (0ms)
		ExecutionOrderSort2 (0ms)
		AwakeInstancesAfterBackupRestoration (17ms)
Refreshing native plugins compatible for Editor in 17.82 ms, found 4 plugins.
Preloading 0 native plugins for Editor in 0.00 ms.
Unloading 3282 Unused Serialized files (Serialized files now loaded: 0)
Unloading 16 unused Assets / (28.5 KB). Loaded Objects now: 3991.
Memory consumption went from 126.8 MB to 126.7 MB.
Total: 7.121500 ms (FindLiveObjects: 0.406900 ms CreateObjectMapping: 0.350500 ms MarkObjects: 6.295400 ms  DeleteObjects: 0.067200 ms)

Prepare: number of updated asset objects reloaded= 0
AssetImportParameters requested are different than current active one (requested -> active):
  custom:scripting/monoscript/fileName/UnityEngine_BehaviourWrap.cs: 07f04650a03b829841e9fab9d7740454 -> 
  custom:container-demuxer-ogg: 62fdf1f143b41e24485cea50d1cbac27 -> 
  custom:scripting/monoscript/fileName/UnityEngine_Vector3Wrap.cs: 63f465b9380555daafea25b4176adba5 -> 
  custom:scripting/monoscript/fileName/UnityEngine_RayWrap.cs: 0b84fbe6cabdb1173feb41e835ef3a40 -> 
  custom:video-codec-MediaFoundation-h265: 746d11721c4dcdbdad8f713fa42b33f4 -> 
  custom:video-decoder-ogg-theora: a1e56fd34408186e4bbccfd4996cb3dc -> 
  custom:framework-win-MediaFoundation: 216162199b28c13a410421893ffa2e32 -> 
  custom:scripting/monoscript/fileName/UnityEngine_TimeWrap.cs: 5e744018ad83dc4e6b5341356b280ff7 -> 
  custom:scripting/monoscript/fileName/UnityEngine_AnimationClipWrap.cs: 77a92debc688d37d0c76ed29e7849dc6 -> 
  custom:scripting/monoscript/fileName/UnityEngine_MonoBehaviourWrap.cs: 04d351bf9d6db68acd2847f2651b2d6b -> 
  custom:scripting/monoscript/fileName/UnityEngine_MathfWrap.cs: 333033f071a58c53b030860e1dc36f4e -> 
  custom:scripting/monoscript/fileName/UnityEngine_ResourcesWrap.cs: 698ab99237a4262ce7f88356cded464a -> 
  custom:CustomObjectIndexerAttribute: 9a22284fe3817be447336de3de66b15e -> 
  custom:container-demuxer-webm: 4f35f7cbe854078d1ac9338744f61a02 -> 
  custom:scripting/monoscript/fileName/UnityEngine_ParticleSystemWrap.cs: eee33c4ac5a2b762ef5a90683fe90f0f -> 
  custom:scripting/monoscript/fileName/UnityEngine_BoundsWrap.cs: 3dd26eeb95bac2de8ce2da585d995261 -> 
  custom:scripting/monoscript/fileName/UnityEngine_KeyframeWrap.cs: f022c20884bfebd1cdba5d0a32b69287 -> 
  custom:container-muxer-webm: aa71ff27fc2769a1b78a27578f13a17b -> 
  custom:video-decoder-webm-vp8: 9c59270c3fd7afecdb556c50c9e8de78 -> 
  custom:scripting/monoscript/fileName/System_Collections_Generic_List_1_System_Int32_Wrap.cs: 0d81f6d3ce2afe6f735fa61fb6f44318 -> 
  custom:SearchIndexIgnoredProperties: e643bd26f0fe6173181afceb89e7c659 -> 
  custom:scripting/monoscript/fileName/UnityEngine_ColorWrap.cs: a2199b901d8d68ac06d36f834d48f0de -> 
  custom:AudioImporter_EditorPlatform: d09bf68614088b80899f8185d706f6e7 -> 
  custom:scripting/monoscript/fileName/UnityEngine_Ray2DWrap.cs: 3948513cbdb210ff5fa49a4b2880e106 -> 
  custom:scripting/monoscript/fileName/UnityEngine_ComponentWrap.cs: 3c3e0b9fedb2878f9f3fac771839136b -> 
  custom:scripting/monoscript/fileName/System_ObjectWrap.cs: 9fb5e5ed9e38c23dad1e0232edf0373b -> 
  custom:scripting/monoscript/fileName/UnityEngine_QuaternionWrap.cs: 2be38f3d0f8715c9babd38533b7cc2f6 -> 
  custom:scripting/monoscript/fileName/ExampleGenConfig.cs: 2d21554d83bd53efca28765b954d65c7 -> 
  custom:scripting/monoscript/fileName/UnityEngine_AnimationCurveWrap.cs: a1b4a7dab75f49fff03082ff025e4e5e -> 
  custom:scripting/monoscript/fileName/UnityEngine_LightWrap.cs: afdccdb78964e15816bd84ff574e1d72 -> 
  custom:scripting/monoscript/fileName/System_Collections_IEnumeratorBridge.cs: a6b8b2b6997973169c6bebc4e00197c3 -> 
  custom:video-encoder-webm-vp8: eb34c28f22e8b96e1ab97ce403110664 -> 
  custom:scripting/monoscript/fileName/UnityEngine_Vector2Wrap.cs: d8bd11c5df83747314d76d2e1152a25a -> 
  custom:audio-decoder-ogg-vorbis: bf7c407c2cedff20999df2af8eb42d56 -> 
  custom:scripting/monoscript/fileName/UnityEngine_GameObjectWrap.cs: 499beb086fe32ba82bd6b30d04f108ea -> 
  custom:scripting/monoscript/fileName/UnityEngine_DebugWrap.cs: 2a23054f13a8c643d838dbc57d787e1a -> 
  custom:scripting/monoscript/fileName/UnityEngine_SkinnedMeshRendererWrap.cs: e6c3bb62aa80867a3afe5dcbb6224761 -> 
  custom:scripting/monoscript/fileName/UnityEngine_TextAssetWrap.cs: 96eae3d139831963806db363328bfefe -> 
  custom:scripting/monoscript/fileName/Hotfix.cs: 54d9f1ade52076024b3f1e4e7c41699b -> 
  custom:scripting/monoscript/fileName/UnityEngine_TransformWrap.cs: 50d916bbc9cc3aa204547c1dbcf1b841 -> 
  custom:scripting/monoscript/fileName/UnityEngine_RendererWrap.cs: e28d66316639c5d4634a4f4176885c0f -> 
  custom:audio-encoder-webm-vorbis: bf7c407c2cedff20999df2af8eb42d56 -> 
  custom:scripting/monoscript/fileName/UnityEngine_Vector4Wrap.cs: e876ed87f63c3dc401e686c851325f69 -> 
  custom:scripting/precompiled-assembly-types:Assembly-CSharp-Editor: a8074916e553e097405b5991a4cb4578 -> 6325889ca3d690caac56de41d2536aa9
  custom:scripting/monoscript/fileName/UnityEngine_ObjectWrap.cs: d239f04268fb712161f840d533347443 -> 
  custom:scripting/precompiled-assembly-types:Assembly-CSharp: b6f6826115f6ce21e7ac599e249680bb -> e72714bde2f0db21cfc2a265dc5c1124
========================================================================
Received Prepare
Caller must complete domain reload
Begin MonoManager ReloadAssembly
- Loaded All Assemblies, in  1.051 seconds
Native extension for WindowsStandalone target not found
Native extension for WebGL target not found
Mono: successfully reloaded assembly
- Finished resetting the current domain, in  2.017 seconds
Domain Reload Profiling: 3053ms
	BeginReloadAssembly (321ms)
		ExecutionOrderSort (0ms)
		DisableScriptedObjects (16ms)
		BackupInstance (0ms)
		ReleaseScriptingObjects (0ms)
		CreateAndSetChildDomain (55ms)
	RebuildCommonClasses (74ms)
	RebuildNativeTypeToScriptingClass (24ms)
	initialDomainReloadingComplete (85ms)
	LoadAllAssembliesAndSetupDomain (531ms)
		LoadAssemblies (665ms)
		RebuildTransferFunctionScriptingTraits (0ms)
		AnalyzeDomain (54ms)
			TypeCache.Refresh (21ms)
				TypeCache.ScanAssembly (5ms)
			ScanForSourceGeneratedMonoScriptInfo (15ms)
			ResolveRequiredComponents (13ms)
	FinalizeReload (2018ms)
		ReleaseScriptCaches (0ms)
		RebuildScriptCaches (0ms)
		SetupLoadedEditorAssemblies (792ms)
			LogAssemblyErrors (0ms)
			InitializePlatformSupportModulesInManaged (18ms)
			SetLoadedEditorAssemblies (6ms)
			RefreshPlugins (0ms)
			BeforeProcessingInitializeOnLoad (129ms)
			ProcessInitializeOnLoadAttributes (572ms)
			ProcessInitializeOnLoadMethodAttributes (44ms)
			AfterProcessingInitializeOnLoad (24ms)
			EditorAssembliesLoaded (0ms)
		ExecutionOrderSort2 (0ms)
		AwakeInstancesAfterBackupRestoration (23ms)
Refreshing native plugins compatible for Editor in 18.33 ms, found 4 plugins.
Preloading 0 native plugins for Editor in 0.00 ms.
Unloading 3282 Unused Serialized files (Serialized files now loaded: 0)
Unloading 16 unused Assets / (28.6 KB). Loaded Objects now: 3994.
Memory consumption went from 126.8 MB to 126.7 MB.
Total: 4.768200 ms (FindLiveObjects: 0.420900 ms CreateObjectMapping: 0.309000 ms MarkObjects: 3.969600 ms  DeleteObjects: 0.067000 ms)

Prepare: number of updated asset objects reloaded= 0
AssetImportParameters requested are different than current active one (requested -> active):
  custom:scripting/monoscript/fileName/UnityEngine_BehaviourWrap.cs: 07f04650a03b829841e9fab9d7740454 -> 
  custom:container-demuxer-ogg: 62fdf1f143b41e24485cea50d1cbac27 -> 
  custom:scripting/monoscript/fileName/UnityEngine_Vector3Wrap.cs: 63f465b9380555daafea25b4176adba5 -> 
  custom:scripting/monoscript/fileName/UnityEngine_RayWrap.cs: 0b84fbe6cabdb1173feb41e835ef3a40 -> 
  custom:video-codec-MediaFoundation-h265: 746d11721c4dcdbdad8f713fa42b33f4 -> 
  custom:video-decoder-ogg-theora: a1e56fd34408186e4bbccfd4996cb3dc -> 
  custom:framework-win-MediaFoundation: 216162199b28c13a410421893ffa2e32 -> 
  custom:scripting/monoscript/fileName/UnityEngine_TimeWrap.cs: 5e744018ad83dc4e6b5341356b280ff7 -> 
  custom:scripting/monoscript/fileName/UnityEngine_AnimationClipWrap.cs: 77a92debc688d37d0c76ed29e7849dc6 -> 
  custom:scripting/monoscript/fileName/UnityEngine_MonoBehaviourWrap.cs: 04d351bf9d6db68acd2847f2651b2d6b -> 
  custom:scripting/monoscript/fileName/UnityEngine_MathfWrap.cs: 333033f071a58c53b030860e1dc36f4e -> 
  custom:scripting/monoscript/fileName/UnityEngine_ResourcesWrap.cs: 698ab99237a4262ce7f88356cded464a -> 
  custom:CustomObjectIndexerAttribute: 9a22284fe3817be447336de3de66b15e -> 
  custom:container-demuxer-webm: 4f35f7cbe854078d1ac9338744f61a02 -> 
  custom:scripting/monoscript/fileName/UnityEngine_ParticleSystemWrap.cs: eee33c4ac5a2b762ef5a90683fe90f0f -> 
  custom:scripting/monoscript/fileName/UnityEngine_BoundsWrap.cs: 3dd26eeb95bac2de8ce2da585d995261 -> 
  custom:scripting/monoscript/fileName/UnityEngine_KeyframeWrap.cs: f022c20884bfebd1cdba5d0a32b69287 -> 
  custom:container-muxer-webm: aa71ff27fc2769a1b78a27578f13a17b -> 
  custom:video-decoder-webm-vp8: 9c59270c3fd7afecdb556c50c9e8de78 -> 
  custom:scripting/monoscript/fileName/System_Collections_Generic_List_1_System_Int32_Wrap.cs: 0d81f6d3ce2afe6f735fa61fb6f44318 -> 
  custom:SearchIndexIgnoredProperties: e643bd26f0fe6173181afceb89e7c659 -> 
  custom:scripting/monoscript/fileName/UnityEngine_ColorWrap.cs: a2199b901d8d68ac06d36f834d48f0de -> 
  custom:AudioImporter_EditorPlatform: d09bf68614088b80899f8185d706f6e7 -> 
  custom:scripting/monoscript/fileName/UnityEngine_Ray2DWrap.cs: 3948513cbdb210ff5fa49a4b2880e106 -> 
  custom:scripting/monoscript/fileName/UnityEngine_ComponentWrap.cs: 3c3e0b9fedb2878f9f3fac771839136b -> 
  custom:scripting/monoscript/fileName/System_ObjectWrap.cs: 9fb5e5ed9e38c23dad1e0232edf0373b -> 
  custom:scripting/monoscript/fileName/UnityEngine_QuaternionWrap.cs: 2be38f3d0f8715c9babd38533b7cc2f6 -> 
  custom:scripting/monoscript/fileName/ExampleGenConfig.cs: 2d21554d83bd53efca28765b954d65c7 -> 
  custom:scripting/monoscript/fileName/UnityEngine_AnimationCurveWrap.cs: a1b4a7dab75f49fff03082ff025e4e5e -> 
  custom:scripting/monoscript/fileName/UnityEngine_LightWrap.cs: afdccdb78964e15816bd84ff574e1d72 -> 
  custom:scripting/monoscript/fileName/System_Collections_IEnumeratorBridge.cs: a6b8b2b6997973169c6bebc4e00197c3 -> 
  custom:video-encoder-webm-vp8: eb34c28f22e8b96e1ab97ce403110664 -> 
  custom:scripting/monoscript/fileName/UnityEngine_Vector2Wrap.cs: d8bd11c5df83747314d76d2e1152a25a -> 
  custom:audio-decoder-ogg-vorbis: bf7c407c2cedff20999df2af8eb42d56 -> 
  custom:scripting/monoscript/fileName/UnityEngine_GameObjectWrap.cs: 499beb086fe32ba82bd6b30d04f108ea -> 
  custom:scripting/monoscript/fileName/UnityEngine_DebugWrap.cs: 2a23054f13a8c643d838dbc57d787e1a -> 
  custom:scripting/monoscript/fileName/UnityEngine_SkinnedMeshRendererWrap.cs: e6c3bb62aa80867a3afe5dcbb6224761 -> 
  custom:scripting/monoscript/fileName/UnityEngine_TextAssetWrap.cs: 96eae3d139831963806db363328bfefe -> 
  custom:scripting/monoscript/fileName/Hotfix.cs: 54d9f1ade52076024b3f1e4e7c41699b -> 
  custom:scripting/monoscript/fileName/UnityEngine_TransformWrap.cs: 50d916bbc9cc3aa204547c1dbcf1b841 -> 
  custom:scripting/monoscript/fileName/UnityEngine_RendererWrap.cs: e28d66316639c5d4634a4f4176885c0f -> 
  custom:audio-encoder-webm-vorbis: bf7c407c2cedff20999df2af8eb42d56 -> 
  custom:scripting/monoscript/fileName/UnityEngine_Vector4Wrap.cs: e876ed87f63c3dc401e686c851325f69 -> 
  custom:scripting/precompiled-assembly-types:Assembly-CSharp-Editor: a8074916e553e097405b5991a4cb4578 -> 6325889ca3d690caac56de41d2536aa9
  custom:scripting/monoscript/fileName/UnityEngine_ObjectWrap.cs: d239f04268fb712161f840d533347443 -> 
  custom:scripting/precompiled-assembly-types:Assembly-CSharp: b6f6826115f6ce21e7ac599e249680bb -> e72714bde2f0db21cfc2a265dc5c1124
========================================================================
Received Prepare
Caller must complete domain reload
Begin MonoManager ReloadAssembly
- Loaded All Assemblies, in  1.016 seconds
Native extension for WindowsStandalone target not found
Native extension for WebGL target not found
Mono: successfully reloaded assembly
- Finished resetting the current domain, in  2.342 seconds
Domain Reload Profiling: 3343ms
	BeginReloadAssembly (301ms)
		ExecutionOrderSort (0ms)
		DisableScriptedObjects (10ms)
		BackupInstance (0ms)
		ReleaseScriptingObjects (0ms)
		CreateAndSetChildDomain (52ms)
	RebuildCommonClasses (78ms)
	RebuildNativeTypeToScriptingClass (24ms)
	initialDomainReloadingComplete (76ms)
	LoadAllAssembliesAndSetupDomain (521ms)
		LoadAssemblies (671ms)
		RebuildTransferFunctionScriptingTraits (0ms)
		AnalyzeDomain (24ms)
			TypeCache.Refresh (9ms)
				TypeCache.ScanAssembly (0ms)
			ScanForSourceGeneratedMonoScriptInfo (0ms)
			ResolveRequiredComponents (11ms)
	FinalizeReload (2344ms)
		ReleaseScriptCaches (0ms)
		RebuildScriptCaches (0ms)
		SetupLoadedEditorAssemblies (946ms)
			LogAssemblyErrors (0ms)
			InitializePlatformSupportModulesInManaged (21ms)
			SetLoadedEditorAssemblies (9ms)
			RefreshPlugins (0ms)
			BeforeProcessingInitializeOnLoad (144ms)
			ProcessInitializeOnLoadAttributes (681ms)
			ProcessInitializeOnLoadMethodAttributes (62ms)
			AfterProcessingInitializeOnLoad (30ms)
			EditorAssembliesLoaded (0ms)
		ExecutionOrderSort2 (0ms)
		AwakeInstancesAfterBackupRestoration (21ms)
Refreshing native plugins compatible for Editor in 22.59 ms, found 4 plugins.
Preloading 0 native plugins for Editor in 0.00 ms.
Unloading 3282 Unused Serialized files (Serialized files now loaded: 0)
Unloading 16 unused Assets / (28.6 KB). Loaded Objects now: 3997.
Memory consumption went from 126.8 MB to 126.7 MB.
Total: 6.281300 ms (FindLiveObjects: 0.403300 ms CreateObjectMapping: 0.349700 ms MarkObjects: 5.430700 ms  DeleteObjects: 0.095900 ms)

Prepare: number of updated asset objects reloaded= 0
AssetImportParameters requested are different than current active one (requested -> active):
  custom:scripting/monoscript/fileName/UnityEngine_BehaviourWrap.cs: 07f04650a03b829841e9fab9d7740454 -> 
  custom:container-demuxer-ogg: 62fdf1f143b41e24485cea50d1cbac27 -> 
  custom:scripting/monoscript/fileName/UnityEngine_Vector3Wrap.cs: 63f465b9380555daafea25b4176adba5 -> 
  custom:scripting/monoscript/fileName/UnityEngine_RayWrap.cs: 0b84fbe6cabdb1173feb41e835ef3a40 -> 
  custom:video-codec-MediaFoundation-h265: 746d11721c4dcdbdad8f713fa42b33f4 -> 
  custom:video-decoder-ogg-theora: a1e56fd34408186e4bbccfd4996cb3dc -> 
  custom:framework-win-MediaFoundation: 216162199b28c13a410421893ffa2e32 -> 
  custom:scripting/monoscript/fileName/UnityEngine_TimeWrap.cs: 5e744018ad83dc4e6b5341356b280ff7 -> 
  custom:scripting/monoscript/fileName/UnityEngine_AnimationClipWrap.cs: 77a92debc688d37d0c76ed29e7849dc6 -> 
  custom:scripting/monoscript/fileName/UnityEngine_MonoBehaviourWrap.cs: 04d351bf9d6db68acd2847f2651b2d6b -> 
  custom:scripting/monoscript/fileName/UnityEngine_MathfWrap.cs: 333033f071a58c53b030860e1dc36f4e -> 
  custom:scripting/monoscript/fileName/UnityEngine_ResourcesWrap.cs: 698ab99237a4262ce7f88356cded464a -> 
  custom:CustomObjectIndexerAttribute: 9a22284fe3817be447336de3de66b15e -> 
  custom:container-demuxer-webm: 4f35f7cbe854078d1ac9338744f61a02 -> 
  custom:scripting/monoscript/fileName/UnityEngine_ParticleSystemWrap.cs: eee33c4ac5a2b762ef5a90683fe90f0f -> 
  custom:scripting/monoscript/fileName/UnityEngine_BoundsWrap.cs: 3dd26eeb95bac2de8ce2da585d995261 -> 
  custom:scripting/monoscript/fileName/UnityEngine_KeyframeWrap.cs: f022c20884bfebd1cdba5d0a32b69287 -> 
  custom:container-muxer-webm: aa71ff27fc2769a1b78a27578f13a17b -> 
  custom:video-decoder-webm-vp8: 9c59270c3fd7afecdb556c50c9e8de78 -> 
  custom:scripting/monoscript/fileName/System_Collections_Generic_List_1_System_Int32_Wrap.cs: 0d81f6d3ce2afe6f735fa61fb6f44318 -> 
  custom:SearchIndexIgnoredProperties: e643bd26f0fe6173181afceb89e7c659 -> 
  custom:scripting/monoscript/fileName/UnityEngine_ColorWrap.cs: a2199b901d8d68ac06d36f834d48f0de -> 
  custom:AudioImporter_EditorPlatform: d09bf68614088b80899f8185d706f6e7 -> 
  custom:scripting/monoscript/fileName/UnityEngine_Ray2DWrap.cs: 3948513cbdb210ff5fa49a4b2880e106 -> 
  custom:scripting/monoscript/fileName/UnityEngine_ComponentWrap.cs: 3c3e0b9fedb2878f9f3fac771839136b -> 
  custom:scripting/monoscript/fileName/System_ObjectWrap.cs: 9fb5e5ed9e38c23dad1e0232edf0373b -> 
  custom:scripting/monoscript/fileName/UnityEngine_QuaternionWrap.cs: 2be38f3d0f8715c9babd38533b7cc2f6 -> 
  custom:scripting/monoscript/fileName/ExampleGenConfig.cs: 2d21554d83bd53efca28765b954d65c7 -> 
  custom:scripting/monoscript/fileName/UnityEngine_AnimationCurveWrap.cs: a1b4a7dab75f49fff03082ff025e4e5e -> 
  custom:scripting/monoscript/fileName/UnityEngine_LightWrap.cs: afdccdb78964e15816bd84ff574e1d72 -> 
  custom:scripting/monoscript/fileName/System_Collections_IEnumeratorBridge.cs: a6b8b2b6997973169c6bebc4e00197c3 -> 
  custom:video-encoder-webm-vp8: eb34c28f22e8b96e1ab97ce403110664 -> 
  custom:scripting/monoscript/fileName/UnityEngine_Vector2Wrap.cs: d8bd11c5df83747314d76d2e1152a25a -> 
  custom:audio-decoder-ogg-vorbis: bf7c407c2cedff20999df2af8eb42d56 -> 
  custom:scripting/monoscript/fileName/UnityEngine_GameObjectWrap.cs: 499beb086fe32ba82bd6b30d04f108ea -> 
  custom:scripting/monoscript/fileName/UnityEngine_DebugWrap.cs: 2a23054f13a8c643d838dbc57d787e1a -> 
  custom:scripting/monoscript/fileName/UnityEngine_SkinnedMeshRendererWrap.cs: e6c3bb62aa80867a3afe5dcbb6224761 -> 
  custom:scripting/monoscript/fileName/UnityEngine_TextAssetWrap.cs: 96eae3d139831963806db363328bfefe -> 
  custom:scripting/monoscript/fileName/Hotfix.cs: 54d9f1ade52076024b3f1e4e7c41699b -> 
  custom:scripting/monoscript/fileName/UnityEngine_TransformWrap.cs: 50d916bbc9cc3aa204547c1dbcf1b841 -> 
  custom:scripting/monoscript/fileName/UnityEngine_RendererWrap.cs: e28d66316639c5d4634a4f4176885c0f -> 
  custom:audio-encoder-webm-vorbis: bf7c407c2cedff20999df2af8eb42d56 -> 
  custom:scripting/monoscript/fileName/UnityEngine_Vector4Wrap.cs: e876ed87f63c3dc401e686c851325f69 -> 
  custom:scripting/precompiled-assembly-types:Assembly-CSharp-Editor: a8074916e553e097405b5991a4cb4578 -> 6325889ca3d690caac56de41d2536aa9
  custom:scripting/monoscript/fileName/UnityEngine_ObjectWrap.cs: d239f04268fb712161f840d533347443 -> 
  custom:scripting/precompiled-assembly-types:Assembly-CSharp: b6f6826115f6ce21e7ac599e249680bb -> e72714bde2f0db21cfc2a265dc5c1124
========================================================================
Received Prepare
Refreshing native plugins compatible for Editor in 19.32 ms, found 4 plugins.
Preloading 0 native plugins for Editor in 0.00 ms.
Unloading 1 Unused Serialized files (Serialized files now loaded: 0)
Unloading 1 unused Assets / (3.1 KB). Loaded Objects now: 3997.
Memory consumption went from 75.9 MB to 75.9 MB.
Total: 4.826500 ms (FindLiveObjects: 0.418200 ms CreateObjectMapping: 0.341800 ms MarkObjects: 4.030500 ms  DeleteObjects: 0.034800 ms)

Prepare: number of updated asset objects reloaded= 0
AssetImportParameters requested are different than current active one (requested -> active):
  custom:scripting/monoscript/fileName/UnityEngine_BehaviourWrap.cs: 07f04650a03b829841e9fab9d7740454 -> 
  custom:container-demuxer-ogg: 62fdf1f143b41e24485cea50d1cbac27 -> 
  custom:scripting/monoscript/fileName/UnityEngine_Vector3Wrap.cs: 63f465b9380555daafea25b4176adba5 -> 
  custom:scripting/monoscript/fileName/UnityEngine_RayWrap.cs: 0b84fbe6cabdb1173feb41e835ef3a40 -> 
  custom:video-codec-MediaFoundation-h265: 746d11721c4dcdbdad8f713fa42b33f4 -> 
  custom:video-decoder-ogg-theora: a1e56fd34408186e4bbccfd4996cb3dc -> 
  custom:framework-win-MediaFoundation: 216162199b28c13a410421893ffa2e32 -> 
  custom:scripting/monoscript/fileName/UnityEngine_TimeWrap.cs: 5e744018ad83dc4e6b5341356b280ff7 -> 
  custom:scripting/monoscript/fileName/UnityEngine_AnimationClipWrap.cs: 77a92debc688d37d0c76ed29e7849dc6 -> 
  custom:scripting/monoscript/fileName/UnityEngine_MonoBehaviourWrap.cs: 04d351bf9d6db68acd2847f2651b2d6b -> 
  custom:scripting/monoscript/fileName/UnityEngine_MathfWrap.cs: 333033f071a58c53b030860e1dc36f4e -> 
  custom:scripting/monoscript/fileName/UnityEngine_ResourcesWrap.cs: 698ab99237a4262ce7f88356cded464a -> 
  custom:CustomObjectIndexerAttribute: 9a22284fe3817be447336de3de66b15e -> 
  custom:container-demuxer-webm: 4f35f7cbe854078d1ac9338744f61a02 -> 
  custom:scripting/monoscript/fileName/UnityEngine_ParticleSystemWrap.cs: eee33c4ac5a2b762ef5a90683fe90f0f -> 
  custom:scripting/monoscript/fileName/UnityEngine_BoundsWrap.cs: 3dd26eeb95bac2de8ce2da585d995261 -> 
  custom:scripting/monoscript/fileName/UnityEngine_KeyframeWrap.cs: f022c20884bfebd1cdba5d0a32b69287 -> 
  custom:container-muxer-webm: aa71ff27fc2769a1b78a27578f13a17b -> 
  custom:video-decoder-webm-vp8: 9c59270c3fd7afecdb556c50c9e8de78 -> 
  custom:scripting/monoscript/fileName/System_Collections_Generic_List_1_System_Int32_Wrap.cs: 0d81f6d3ce2afe6f735fa61fb6f44318 -> 
  custom:SearchIndexIgnoredProperties: e643bd26f0fe6173181afceb89e7c659 -> 
  custom:scripting/monoscript/fileName/UnityEngine_ColorWrap.cs: a2199b901d8d68ac06d36f834d48f0de -> 
  custom:AudioImporter_EditorPlatform: d09bf68614088b80899f8185d706f6e7 -> 
  custom:scripting/monoscript/fileName/UnityEngine_Ray2DWrap.cs: 3948513cbdb210ff5fa49a4b2880e106 -> 
  custom:scripting/monoscript/fileName/UnityEngine_ComponentWrap.cs: 3c3e0b9fedb2878f9f3fac771839136b -> 
  custom:scripting/monoscript/fileName/System_ObjectWrap.cs: 9fb5e5ed9e38c23dad1e0232edf0373b -> 
  custom:scripting/monoscript/fileName/UnityEngine_QuaternionWrap.cs: 2be38f3d0f8715c9babd38533b7cc2f6 -> 
  custom:scripting/monoscript/fileName/ExampleGenConfig.cs: 2d21554d83bd53efca28765b954d65c7 -> 
  custom:scripting/monoscript/fileName/UnityEngine_AnimationCurveWrap.cs: a1b4a7dab75f49fff03082ff025e4e5e -> 
  custom:scripting/monoscript/fileName/UnityEngine_LightWrap.cs: afdccdb78964e15816bd84ff574e1d72 -> 
  custom:scripting/monoscript/fileName/System_Collections_IEnumeratorBridge.cs: a6b8b2b6997973169c6bebc4e00197c3 -> 
  custom:video-encoder-webm-vp8: eb34c28f22e8b96e1ab97ce403110664 -> 
  custom:scripting/monoscript/fileName/UnityEngine_Vector2Wrap.cs: d8bd11c5df83747314d76d2e1152a25a -> 
  custom:audio-decoder-ogg-vorbis: bf7c407c2cedff20999df2af8eb42d56 -> 
  custom:scripting/monoscript/fileName/UnityEngine_GameObjectWrap.cs: 499beb086fe32ba82bd6b30d04f108ea -> 
  custom:scripting/monoscript/fileName/UnityEngine_DebugWrap.cs: 2a23054f13a8c643d838dbc57d787e1a -> 
  custom:scripting/monoscript/fileName/UnityEngine_SkinnedMeshRendererWrap.cs: e6c3bb62aa80867a3afe5dcbb6224761 -> 
  custom:scripting/monoscript/fileName/UnityEngine_TextAssetWrap.cs: 96eae3d139831963806db363328bfefe -> 
  custom:scripting/monoscript/fileName/Hotfix.cs: 54d9f1ade52076024b3f1e4e7c41699b -> 
  custom:scripting/monoscript/fileName/UnityEngine_TransformWrap.cs: 50d916bbc9cc3aa204547c1dbcf1b841 -> 
  custom:scripting/monoscript/fileName/UnityEngine_RendererWrap.cs: e28d66316639c5d4634a4f4176885c0f -> 
  custom:audio-encoder-webm-vorbis: bf7c407c2cedff20999df2af8eb42d56 -> 
  custom:scripting/monoscript/fileName/UnityEngine_Vector4Wrap.cs: e876ed87f63c3dc401e686c851325f69 -> 
  custom:scripting/precompiled-assembly-types:Assembly-CSharp-Editor: a8074916e553e097405b5991a4cb4578 -> 6325889ca3d690caac56de41d2536aa9
  custom:scripting/monoscript/fileName/UnityEngine_ObjectWrap.cs: d239f04268fb712161f840d533347443 -> 
  custom:scripting/precompiled-assembly-types:Assembly-CSharp: b6f6826115f6ce21e7ac599e249680bb -> e72714bde2f0db21cfc2a265dc5c1124
========================================================================
Received Prepare
Caller must complete domain reload
Begin MonoManager ReloadAssembly
- Loaded All Assemblies, in  1.022 seconds
Native extension for WindowsStandalone target not found
Native extension for WebGL target not found
Mono: successfully reloaded assembly
- Finished resetting the current domain, in  2.209 seconds
Domain Reload Profiling: 3216ms
	BeginReloadAssembly (323ms)
		ExecutionOrderSort (0ms)
		DisableScriptedObjects (13ms)
		BackupInstance (0ms)
		ReleaseScriptingObjects (0ms)
		CreateAndSetChildDomain (53ms)
	RebuildCommonClasses (72ms)
	RebuildNativeTypeToScriptingClass (33ms)
	initialDomainReloadingComplete (85ms)
	LoadAllAssembliesAndSetupDomain (493ms)
		LoadAssemblies (657ms)
		RebuildTransferFunctionScriptingTraits (0ms)
		AnalyzeDomain (28ms)
			TypeCache.Refresh (11ms)
				TypeCache.ScanAssembly (0ms)
			ScanForSourceGeneratedMonoScriptInfo (0ms)
			ResolveRequiredComponents (12ms)
	FinalizeReload (2210ms)
		ReleaseScriptCaches (0ms)
		RebuildScriptCaches (0ms)
		SetupLoadedEditorAssemblies (946ms)
			LogAssemblyErrors (0ms)
			InitializePlatformSupportModulesInManaged (17ms)
			SetLoadedEditorAssemblies (7ms)
			RefreshPlugins (0ms)
			BeforeProcessingInitializeOnLoad (158ms)
			ProcessInitializeOnLoadAttributes (671ms)
			ProcessInitializeOnLoadMethodAttributes (63ms)
			AfterProcessingInitializeOnLoad (32ms)
			EditorAssembliesLoaded (0ms)
		ExecutionOrderSort2 (0ms)
		AwakeInstancesAfterBackupRestoration (21ms)
Refreshing native plugins compatible for Editor in 24.02 ms, found 4 plugins.
Preloading 0 native plugins for Editor in 0.00 ms.
Unloading 3282 Unused Serialized files (Serialized files now loaded: 0)
Unloading 16 unused Assets / (28.5 KB). Loaded Objects now: 4000.
Memory consumption went from 126.8 MB to 126.7 MB.
Total: 6.851900 ms (FindLiveObjects: 0.453100 ms CreateObjectMapping: 0.345400 ms MarkObjects: 5.953800 ms  DeleteObjects: 0.097300 ms)

Prepare: number of updated asset objects reloaded= 0
AssetImportParameters requested are different than current active one (requested -> active):
  custom:scripting/monoscript/fileName/UnityEngine_BehaviourWrap.cs: 07f04650a03b829841e9fab9d7740454 -> 
  custom:container-demuxer-ogg: 62fdf1f143b41e24485cea50d1cbac27 -> 
  custom:scripting/monoscript/fileName/UnityEngine_Vector3Wrap.cs: 63f465b9380555daafea25b4176adba5 -> 
  custom:scripting/monoscript/fileName/UnityEngine_RayWrap.cs: 0b84fbe6cabdb1173feb41e835ef3a40 -> 
  custom:video-codec-MediaFoundation-h265: 746d11721c4dcdbdad8f713fa42b33f4 -> 
  custom:video-decoder-ogg-theora: a1e56fd34408186e4bbccfd4996cb3dc -> 
  custom:framework-win-MediaFoundation: 216162199b28c13a410421893ffa2e32 -> 
  custom:scripting/monoscript/fileName/UnityEngine_TimeWrap.cs: 5e744018ad83dc4e6b5341356b280ff7 -> 
  custom:scripting/monoscript/fileName/UnityEngine_AnimationClipWrap.cs: 77a92debc688d37d0c76ed29e7849dc6 -> 
  custom:scripting/monoscript/fileName/UnityEngine_MonoBehaviourWrap.cs: 04d351bf9d6db68acd2847f2651b2d6b -> 
  custom:scripting/monoscript/fileName/UnityEngine_MathfWrap.cs: 333033f071a58c53b030860e1dc36f4e -> 
  custom:scripting/monoscript/fileName/UnityEngine_ResourcesWrap.cs: 698ab99237a4262ce7f88356cded464a -> 
  custom:CustomObjectIndexerAttribute: 9a22284fe3817be447336de3de66b15e -> 
  custom:container-demuxer-webm: 4f35f7cbe854078d1ac9338744f61a02 -> 
  custom:scripting/monoscript/fileName/UnityEngine_ParticleSystemWrap.cs: eee33c4ac5a2b762ef5a90683fe90f0f -> 
  custom:scripting/monoscript/fileName/UnityEngine_BoundsWrap.cs: 3dd26eeb95bac2de8ce2da585d995261 -> 
  custom:scripting/monoscript/fileName/UnityEngine_KeyframeWrap.cs: f022c20884bfebd1cdba5d0a32b69287 -> 
  custom:container-muxer-webm: aa71ff27fc2769a1b78a27578f13a17b -> 
  custom:video-decoder-webm-vp8: 9c59270c3fd7afecdb556c50c9e8de78 -> 
  custom:scripting/monoscript/fileName/System_Collections_Generic_List_1_System_Int32_Wrap.cs: 0d81f6d3ce2afe6f735fa61fb6f44318 -> 
  custom:SearchIndexIgnoredProperties: e643bd26f0fe6173181afceb89e7c659 -> 
  custom:scripting/monoscript/fileName/UnityEngine_ColorWrap.cs: a2199b901d8d68ac06d36f834d48f0de -> 
  custom:AudioImporter_EditorPlatform: d09bf68614088b80899f8185d706f6e7 -> 
  custom:scripting/monoscript/fileName/UnityEngine_Ray2DWrap.cs: 3948513cbdb210ff5fa49a4b2880e106 -> 
  custom:scripting/monoscript/fileName/UnityEngine_ComponentWrap.cs: 3c3e0b9fedb2878f9f3fac771839136b -> 
  custom:scripting/monoscript/fileName/System_ObjectWrap.cs: 9fb5e5ed9e38c23dad1e0232edf0373b -> 
  custom:scripting/monoscript/fileName/UnityEngine_QuaternionWrap.cs: 2be38f3d0f8715c9babd38533b7cc2f6 -> 
  custom:scripting/monoscript/fileName/ExampleGenConfig.cs: 2d21554d83bd53efca28765b954d65c7 -> 
  custom:scripting/monoscript/fileName/UnityEngine_AnimationCurveWrap.cs: a1b4a7dab75f49fff03082ff025e4e5e -> 
  custom:scripting/monoscript/fileName/UnityEngine_LightWrap.cs: afdccdb78964e15816bd84ff574e1d72 -> 
  custom:scripting/monoscript/fileName/System_Collections_IEnumeratorBridge.cs: a6b8b2b6997973169c6bebc4e00197c3 -> 
  custom:video-encoder-webm-vp8: eb34c28f22e8b96e1ab97ce403110664 -> 
  custom:scripting/monoscript/fileName/UnityEngine_Vector2Wrap.cs: d8bd11c5df83747314d76d2e1152a25a -> 
  custom:audio-decoder-ogg-vorbis: bf7c407c2cedff20999df2af8eb42d56 -> 
  custom:scripting/monoscript/fileName/UnityEngine_GameObjectWrap.cs: 499beb086fe32ba82bd6b30d04f108ea -> 
  custom:scripting/monoscript/fileName/UnityEngine_DebugWrap.cs: 2a23054f13a8c643d838dbc57d787e1a -> 
  custom:scripting/monoscript/fileName/UnityEngine_SkinnedMeshRendererWrap.cs: e6c3bb62aa80867a3afe5dcbb6224761 -> 
  custom:scripting/monoscript/fileName/UnityEngine_TextAssetWrap.cs: 96eae3d139831963806db363328bfefe -> 
  custom:scripting/monoscript/fileName/Hotfix.cs: 54d9f1ade52076024b3f1e4e7c41699b -> 
  custom:scripting/monoscript/fileName/UnityEngine_TransformWrap.cs: 50d916bbc9cc3aa204547c1dbcf1b841 -> 
  custom:scripting/monoscript/fileName/UnityEngine_RendererWrap.cs: e28d66316639c5d4634a4f4176885c0f -> 
  custom:audio-encoder-webm-vorbis: bf7c407c2cedff20999df2af8eb42d56 -> 
  custom:scripting/monoscript/fileName/UnityEngine_Vector4Wrap.cs: e876ed87f63c3dc401e686c851325f69 -> 
  custom:scripting/precompiled-assembly-types:Assembly-CSharp-Editor: a8074916e553e097405b5991a4cb4578 -> 6325889ca3d690caac56de41d2536aa9
  custom:scripting/monoscript/fileName/UnityEngine_ObjectWrap.cs: d239f04268fb712161f840d533347443 -> 
  custom:scripting/precompiled-assembly-types:Assembly-CSharp: b6f6826115f6ce21e7ac599e249680bb -> e72714bde2f0db21cfc2a265dc5c1124
========================================================================
Received Prepare
Caller must complete domain reload
Begin MonoManager ReloadAssembly
- Loaded All Assemblies, in  1.004 seconds
Native extension for WindowsStandalone target not found
Native extension for WebGL target not found
Mono: successfully reloaded assembly
- Finished resetting the current domain, in  2.264 seconds
Domain Reload Profiling: 3254ms
	BeginReloadAssembly (311ms)
		ExecutionOrderSort (0ms)
		DisableScriptedObjects (10ms)
		BackupInstance (0ms)
		ReleaseScriptingObjects (0ms)
		CreateAndSetChildDomain (57ms)
	RebuildCommonClasses (84ms)
	RebuildNativeTypeToScriptingClass (32ms)
	initialDomainReloadingComplete (74ms)
	LoadAllAssembliesAndSetupDomain (487ms)
		LoadAssemblies (640ms)
		RebuildTransferFunctionScriptingTraits (0ms)
		AnalyzeDomain (26ms)
			TypeCache.Refresh (9ms)
				TypeCache.ScanAssembly (0ms)
			ScanForSourceGeneratedMonoScriptInfo (0ms)
			ResolveRequiredComponents (13ms)
	FinalizeReload (2265ms)
		ReleaseScriptCaches (0ms)
		RebuildScriptCaches (0ms)
		SetupLoadedEditorAssemblies (943ms)
			LogAssemblyErrors (0ms)
			InitializePlatformSupportModulesInManaged (15ms)
			SetLoadedEditorAssemblies (7ms)
			RefreshPlugins (0ms)
			BeforeProcessingInitializeOnLoad (149ms)
			ProcessInitializeOnLoadAttributes (684ms)
			ProcessInitializeOnLoadMethodAttributes (57ms)
			AfterProcessingInitializeOnLoad (30ms)
			EditorAssembliesLoaded (0ms)
		ExecutionOrderSort2 (0ms)
		AwakeInstancesAfterBackupRestoration (20ms)
Refreshing native plugins compatible for Editor in 25.01 ms, found 4 plugins.
Preloading 0 native plugins for Editor in 0.00 ms.
Unloading 3282 Unused Serialized files (Serialized files now loaded: 0)
Unloading 16 unused Assets / (28.5 KB). Loaded Objects now: 4003.
Memory consumption went from 126.8 MB to 126.7 MB.
Total: 4.970900 ms (FindLiveObjects: 0.410000 ms CreateObjectMapping: 0.303400 ms MarkObjects: 4.154400 ms  DeleteObjects: 0.100800 ms)

Prepare: number of updated asset objects reloaded= 0
AssetImportParameters requested are different than current active one (requested -> active):
  custom:scripting/monoscript/fileName/UnityEngine_BehaviourWrap.cs: 07f04650a03b829841e9fab9d7740454 -> 
  custom:container-demuxer-ogg: 62fdf1f143b41e24485cea50d1cbac27 -> 
  custom:scripting/monoscript/fileName/UnityEngine_Vector3Wrap.cs: 63f465b9380555daafea25b4176adba5 -> 
  custom:scripting/monoscript/fileName/UnityEngine_RayWrap.cs: 0b84fbe6cabdb1173feb41e835ef3a40 -> 
  custom:video-codec-MediaFoundation-h265: 746d11721c4dcdbdad8f713fa42b33f4 -> 
  custom:video-decoder-ogg-theora: a1e56fd34408186e4bbccfd4996cb3dc -> 
  custom:framework-win-MediaFoundation: 216162199b28c13a410421893ffa2e32 -> 
  custom:scripting/monoscript/fileName/UnityEngine_TimeWrap.cs: 5e744018ad83dc4e6b5341356b280ff7 -> 
  custom:scripting/monoscript/fileName/UnityEngine_AnimationClipWrap.cs: 77a92debc688d37d0c76ed29e7849dc6 -> 
  custom:scripting/monoscript/fileName/UnityEngine_MonoBehaviourWrap.cs: 04d351bf9d6db68acd2847f2651b2d6b -> 
  custom:scripting/monoscript/fileName/UnityEngine_MathfWrap.cs: 333033f071a58c53b030860e1dc36f4e -> 
  custom:scripting/monoscript/fileName/UnityEngine_ResourcesWrap.cs: 698ab99237a4262ce7f88356cded464a -> 
  custom:CustomObjectIndexerAttribute: 9a22284fe3817be447336de3de66b15e -> 
  custom:container-demuxer-webm: 4f35f7cbe854078d1ac9338744f61a02 -> 
  custom:scripting/monoscript/fileName/UnityEngine_ParticleSystemWrap.cs: eee33c4ac5a2b762ef5a90683fe90f0f -> 
  custom:scripting/monoscript/fileName/UnityEngine_BoundsWrap.cs: 3dd26eeb95bac2de8ce2da585d995261 -> 
  custom:scripting/monoscript/fileName/UnityEngine_KeyframeWrap.cs: f022c20884bfebd1cdba5d0a32b69287 -> 
  custom:container-muxer-webm: aa71ff27fc2769a1b78a27578f13a17b -> 
  custom:video-decoder-webm-vp8: 9c59270c3fd7afecdb556c50c9e8de78 -> 
  custom:scripting/monoscript/fileName/System_Collections_Generic_List_1_System_Int32_Wrap.cs: 0d81f6d3ce2afe6f735fa61fb6f44318 -> 
  custom:SearchIndexIgnoredProperties: e643bd26f0fe6173181afceb89e7c659 -> 
  custom:scripting/monoscript/fileName/UnityEngine_ColorWrap.cs: a2199b901d8d68ac06d36f834d48f0de -> 
  custom:AudioImporter_EditorPlatform: d09bf68614088b80899f8185d706f6e7 -> 
  custom:scripting/monoscript/fileName/UnityEngine_Ray2DWrap.cs: 3948513cbdb210ff5fa49a4b2880e106 -> 
  custom:scripting/monoscript/fileName/UnityEngine_ComponentWrap.cs: 3c3e0b9fedb2878f9f3fac771839136b -> 
  custom:scripting/monoscript/fileName/System_ObjectWrap.cs: 9fb5e5ed9e38c23dad1e0232edf0373b -> 
  custom:scripting/monoscript/fileName/UnityEngine_QuaternionWrap.cs: 2be38f3d0f8715c9babd38533b7cc2f6 -> 
  custom:scripting/monoscript/fileName/ExampleGenConfig.cs: 2d21554d83bd53efca28765b954d65c7 -> 
  custom:scripting/monoscript/fileName/UnityEngine_AnimationCurveWrap.cs: a1b4a7dab75f49fff03082ff025e4e5e -> 
  custom:scripting/monoscript/fileName/UnityEngine_LightWrap.cs: afdccdb78964e15816bd84ff574e1d72 -> 
  custom:scripting/monoscript/fileName/System_Collections_IEnumeratorBridge.cs: a6b8b2b6997973169c6bebc4e00197c3 -> 
  custom:video-encoder-webm-vp8: eb34c28f22e8b96e1ab97ce403110664 -> 
  custom:scripting/monoscript/fileName/UnityEngine_Vector2Wrap.cs: d8bd11c5df83747314d76d2e1152a25a -> 
  custom:audio-decoder-ogg-vorbis: bf7c407c2cedff20999df2af8eb42d56 -> 
  custom:scripting/monoscript/fileName/UnityEngine_GameObjectWrap.cs: 499beb086fe32ba82bd6b30d04f108ea -> 
  custom:scripting/monoscript/fileName/UnityEngine_DebugWrap.cs: 2a23054f13a8c643d838dbc57d787e1a -> 
  custom:scripting/monoscript/fileName/UnityEngine_SkinnedMeshRendererWrap.cs: e6c3bb62aa80867a3afe5dcbb6224761 -> 
  custom:scripting/monoscript/fileName/UnityEngine_TextAssetWrap.cs: 96eae3d139831963806db363328bfefe -> 
  custom:scripting/monoscript/fileName/Hotfix.cs: 54d9f1ade52076024b3f1e4e7c41699b -> 
  custom:scripting/monoscript/fileName/UnityEngine_TransformWrap.cs: 50d916bbc9cc3aa204547c1dbcf1b841 -> 
  custom:scripting/monoscript/fileName/UnityEngine_RendererWrap.cs: e28d66316639c5d4634a4f4176885c0f -> 
  custom:audio-encoder-webm-vorbis: bf7c407c2cedff20999df2af8eb42d56 -> 
  custom:scripting/monoscript/fileName/UnityEngine_Vector4Wrap.cs: e876ed87f63c3dc401e686c851325f69 -> 
  custom:scripting/precompiled-assembly-types:Assembly-CSharp-Editor: a8074916e553e097405b5991a4cb4578 -> 6325889ca3d690caac56de41d2536aa9
  custom:scripting/monoscript/fileName/UnityEngine_ObjectWrap.cs: d239f04268fb712161f840d533347443 -> 
  custom:scripting/precompiled-assembly-types:Assembly-CSharp: b6f6826115f6ce21e7ac599e249680bb -> e72714bde2f0db21cfc2a265dc5c1124
========================================================================
Received Prepare
Caller must complete domain reload
Begin MonoManager ReloadAssembly
- Loaded All Assemblies, in  1.014 seconds
Native extension for WindowsStandalone target not found
Native extension for WebGL target not found
Mono: successfully reloaded assembly
- Finished resetting the current domain, in  2.274 seconds
Domain Reload Profiling: 3272ms
	BeginReloadAssembly (301ms)
		ExecutionOrderSort (0ms)
		DisableScriptedObjects (11ms)
		BackupInstance (0ms)
		ReleaseScriptingObjects (0ms)
		CreateAndSetChildDomain (50ms)
	RebuildCommonClasses (82ms)
	RebuildNativeTypeToScriptingClass (25ms)
	initialDomainReloadingComplete (87ms)
	LoadAllAssembliesAndSetupDomain (501ms)
		LoadAssemblies (638ms)
		RebuildTransferFunctionScriptingTraits (0ms)
		AnalyzeDomain (30ms)
			TypeCache.Refresh (14ms)
				TypeCache.ScanAssembly (0ms)
			ScanForSourceGeneratedMonoScriptInfo (0ms)
			ResolveRequiredComponents (12ms)
	FinalizeReload (2275ms)
		ReleaseScriptCaches (0ms)
		RebuildScriptCaches (0ms)
		SetupLoadedEditorAssemblies (904ms)
			LogAssemblyErrors (0ms)
			InitializePlatformSupportModulesInManaged (20ms)
			SetLoadedEditorAssemblies (10ms)
			RefreshPlugins (0ms)
			BeforeProcessingInitializeOnLoad (145ms)
			ProcessInitializeOnLoadAttributes (644ms)
			ProcessInitializeOnLoadMethodAttributes (54ms)
			AfterProcessingInitializeOnLoad (30ms)
			EditorAssembliesLoaded (0ms)
		ExecutionOrderSort2 (0ms)
		AwakeInstancesAfterBackupRestoration (21ms)
Refreshing native plugins compatible for Editor in 25.03 ms, found 4 plugins.
Preloading 0 native plugins for Editor in 0.00 ms.
Unloading 3282 Unused Serialized files (Serialized files now loaded: 0)
Unloading 16 unused Assets / (28.6 KB). Loaded Objects now: 4006.
Memory consumption went from 126.8 MB to 126.7 MB.
Total: 6.287800 ms (FindLiveObjects: 0.490200 ms CreateObjectMapping: 0.418200 ms MarkObjects: 5.304800 ms  DeleteObjects: 0.072100 ms)

Prepare: number of updated asset objects reloaded= 0
AssetImportParameters requested are different than current active one (requested -> active):
  custom:scripting/monoscript/fileName/UnityEngine_BehaviourWrap.cs: 07f04650a03b829841e9fab9d7740454 -> 
  custom:container-demuxer-ogg: 62fdf1f143b41e24485cea50d1cbac27 -> 
  custom:scripting/monoscript/fileName/UnityEngine_Vector3Wrap.cs: 63f465b9380555daafea25b4176adba5 -> 
  custom:scripting/monoscript/fileName/UnityEngine_RayWrap.cs: 0b84fbe6cabdb1173feb41e835ef3a40 -> 
  custom:video-codec-MediaFoundation-h265: 746d11721c4dcdbdad8f713fa42b33f4 -> 
  custom:video-decoder-ogg-theora: a1e56fd34408186e4bbccfd4996cb3dc -> 
  custom:framework-win-MediaFoundation: 216162199b28c13a410421893ffa2e32 -> 
  custom:scripting/monoscript/fileName/UnityEngine_TimeWrap.cs: 5e744018ad83dc4e6b5341356b280ff7 -> 
  custom:scripting/monoscript/fileName/UnityEngine_AnimationClipWrap.cs: 77a92debc688d37d0c76ed29e7849dc6 -> 
  custom:scripting/monoscript/fileName/UnityEngine_MonoBehaviourWrap.cs: 04d351bf9d6db68acd2847f2651b2d6b -> 
  custom:scripting/monoscript/fileName/UnityEngine_MathfWrap.cs: 333033f071a58c53b030860e1dc36f4e -> 
  custom:scripting/monoscript/fileName/UnityEngine_ResourcesWrap.cs: 698ab99237a4262ce7f88356cded464a -> 
  custom:CustomObjectIndexerAttribute: 9a22284fe3817be447336de3de66b15e -> 
  custom:container-demuxer-webm: 4f35f7cbe854078d1ac9338744f61a02 -> 
  custom:scripting/monoscript/fileName/UnityEngine_ParticleSystemWrap.cs: eee33c4ac5a2b762ef5a90683fe90f0f -> 
  custom:scripting/monoscript/fileName/UnityEngine_BoundsWrap.cs: 3dd26eeb95bac2de8ce2da585d995261 -> 
  custom:scripting/monoscript/fileName/UnityEngine_KeyframeWrap.cs: f022c20884bfebd1cdba5d0a32b69287 -> 
  custom:container-muxer-webm: aa71ff27fc2769a1b78a27578f13a17b -> 
  custom:video-decoder-webm-vp8: 9c59270c3fd7afecdb556c50c9e8de78 -> 
  custom:scripting/monoscript/fileName/System_Collections_Generic_List_1_System_Int32_Wrap.cs: 0d81f6d3ce2afe6f735fa61fb6f44318 -> 
  custom:SearchIndexIgnoredProperties: e643bd26f0fe6173181afceb89e7c659 -> 
  custom:scripting/monoscript/fileName/UnityEngine_ColorWrap.cs: a2199b901d8d68ac06d36f834d48f0de -> 
  custom:AudioImporter_EditorPlatform: d09bf68614088b80899f8185d706f6e7 -> 
  custom:scripting/monoscript/fileName/UnityEngine_Ray2DWrap.cs: 3948513cbdb210ff5fa49a4b2880e106 -> 
  custom:scripting/monoscript/fileName/UnityEngine_ComponentWrap.cs: 3c3e0b9fedb2878f9f3fac771839136b -> 
  custom:scripting/monoscript/fileName/System_ObjectWrap.cs: 9fb5e5ed9e38c23dad1e0232edf0373b -> 
  custom:scripting/monoscript/fileName/UnityEngine_QuaternionWrap.cs: 2be38f3d0f8715c9babd38533b7cc2f6 -> 
  custom:scripting/monoscript/fileName/ExampleGenConfig.cs: 2d21554d83bd53efca28765b954d65c7 -> 
  custom:scripting/monoscript/fileName/UnityEngine_AnimationCurveWrap.cs: a1b4a7dab75f49fff03082ff025e4e5e -> 
  custom:scripting/monoscript/fileName/UnityEngine_LightWrap.cs: afdccdb78964e15816bd84ff574e1d72 -> 
  custom:scripting/monoscript/fileName/System_Collections_IEnumeratorBridge.cs: a6b8b2b6997973169c6bebc4e00197c3 -> 
  custom:video-encoder-webm-vp8: eb34c28f22e8b96e1ab97ce403110664 -> 
  custom:scripting/monoscript/fileName/UnityEngine_Vector2Wrap.cs: d8bd11c5df83747314d76d2e1152a25a -> 
  custom:audio-decoder-ogg-vorbis: bf7c407c2cedff20999df2af8eb42d56 -> 
  custom:scripting/monoscript/fileName/UnityEngine_GameObjectWrap.cs: 499beb086fe32ba82bd6b30d04f108ea -> 
  custom:scripting/monoscript/fileName/UnityEngine_DebugWrap.cs: 2a23054f13a8c643d838dbc57d787e1a -> 
  custom:scripting/monoscript/fileName/UnityEngine_SkinnedMeshRendererWrap.cs: e6c3bb62aa80867a3afe5dcbb6224761 -> 
  custom:scripting/monoscript/fileName/UnityEngine_TextAssetWrap.cs: 96eae3d139831963806db363328bfefe -> 
  custom:scripting/monoscript/fileName/Hotfix.cs: 54d9f1ade52076024b3f1e4e7c41699b -> 
  custom:scripting/monoscript/fileName/UnityEngine_TransformWrap.cs: 50d916bbc9cc3aa204547c1dbcf1b841 -> 
  custom:scripting/monoscript/fileName/UnityEngine_RendererWrap.cs: e28d66316639c5d4634a4f4176885c0f -> 
  custom:audio-encoder-webm-vorbis: bf7c407c2cedff20999df2af8eb42d56 -> 
  custom:scripting/monoscript/fileName/UnityEngine_Vector4Wrap.cs: e876ed87f63c3dc401e686c851325f69 -> 
  custom:scripting/precompiled-assembly-types:Assembly-CSharp-Editor: a8074916e553e097405b5991a4cb4578 -> 6325889ca3d690caac56de41d2536aa9
  custom:scripting/monoscript/fileName/UnityEngine_ObjectWrap.cs: d239f04268fb712161f840d533347443 -> 
  custom:scripting/precompiled-assembly-types:Assembly-CSharp: b6f6826115f6ce21e7ac599e249680bb -> e72714bde2f0db21cfc2a265dc5c1124
========================================================================
Received Prepare
Caller must complete domain reload
Begin MonoManager ReloadAssembly
- Loaded All Assemblies, in  1.003 seconds
Native extension for WindowsStandalone target not found
Native extension for WebGL target not found
Mono: successfully reloaded assembly
- Finished resetting the current domain, in  2.177 seconds
Domain Reload Profiling: 3166ms
	BeginReloadAssembly (312ms)
		ExecutionOrderSort (0ms)
		DisableScriptedObjects (10ms)
		BackupInstance (0ms)
		ReleaseScriptingObjects (0ms)
		CreateAndSetChildDomain (49ms)
	RebuildCommonClasses (72ms)
	RebuildNativeTypeToScriptingClass (23ms)
	initialDomainReloadingComplete (77ms)
	LoadAllAssembliesAndSetupDomain (503ms)
		LoadAssemblies (656ms)
		RebuildTransferFunctionScriptingTraits (0ms)
		AnalyzeDomain (33ms)
			TypeCache.Refresh (11ms)
				TypeCache.ScanAssembly (0ms)
			ScanForSourceGeneratedMonoScriptInfo (0ms)
			ResolveRequiredComponents (16ms)
	FinalizeReload (2179ms)
		ReleaseScriptCaches (0ms)
		RebuildScriptCaches (0ms)
		SetupLoadedEditorAssemblies (890ms)
			LogAssemblyErrors (0ms)
			InitializePlatformSupportModulesInManaged (19ms)
			SetLoadedEditorAssemblies (6ms)
			RefreshPlugins (0ms)
			BeforeProcessingInitializeOnLoad (134ms)
			ProcessInitializeOnLoadAttributes (651ms)
			ProcessInitializeOnLoadMethodAttributes (52ms)
			AfterProcessingInitializeOnLoad (28ms)
			EditorAssembliesLoaded (0ms)
		ExecutionOrderSort2 (0ms)
		AwakeInstancesAfterBackupRestoration (22ms)
Refreshing native plugins compatible for Editor in 19.47 ms, found 4 plugins.
Preloading 0 native plugins for Editor in 0.00 ms.
Unloading 3282 Unused Serialized files (Serialized files now loaded: 0)
Unloading 16 unused Assets / (28.5 KB). Loaded Objects now: 4009.
Memory consumption went from 126.8 MB to 126.7 MB.
Total: 5.313100 ms (FindLiveObjects: 0.407000 ms CreateObjectMapping: 0.308100 ms MarkObjects: 4.519100 ms  DeleteObjects: 0.077300 ms)

Prepare: number of updated asset objects reloaded= 0
AssetImportParameters requested are different than current active one (requested -> active):
  custom:scripting/monoscript/fileName/UnityEngine_BehaviourWrap.cs: 07f04650a03b829841e9fab9d7740454 -> 
  custom:container-demuxer-ogg: 62fdf1f143b41e24485cea50d1cbac27 -> 
  custom:scripting/monoscript/fileName/UnityEngine_Vector3Wrap.cs: 63f465b9380555daafea25b4176adba5 -> 
  custom:scripting/monoscript/fileName/UnityEngine_RayWrap.cs: 0b84fbe6cabdb1173feb41e835ef3a40 -> 
  custom:video-codec-MediaFoundation-h265: 746d11721c4dcdbdad8f713fa42b33f4 -> 
  custom:video-decoder-ogg-theora: a1e56fd34408186e4bbccfd4996cb3dc -> 
  custom:framework-win-MediaFoundation: 216162199b28c13a410421893ffa2e32 -> 
  custom:scripting/monoscript/fileName/UnityEngine_TimeWrap.cs: 5e744018ad83dc4e6b5341356b280ff7 -> 
  custom:scripting/monoscript/fileName/UnityEngine_AnimationClipWrap.cs: 77a92debc688d37d0c76ed29e7849dc6 -> 
  custom:scripting/monoscript/fileName/UnityEngine_MonoBehaviourWrap.cs: 04d351bf9d6db68acd2847f2651b2d6b -> 
  custom:scripting/monoscript/fileName/UnityEngine_MathfWrap.cs: 333033f071a58c53b030860e1dc36f4e -> 
  custom:scripting/monoscript/fileName/UnityEngine_ResourcesWrap.cs: 698ab99237a4262ce7f88356cded464a -> 
  custom:CustomObjectIndexerAttribute: 9a22284fe3817be447336de3de66b15e -> 
  custom:container-demuxer-webm: 4f35f7cbe854078d1ac9338744f61a02 -> 
  custom:scripting/monoscript/fileName/UnityEngine_ParticleSystemWrap.cs: eee33c4ac5a2b762ef5a90683fe90f0f -> 
  custom:scripting/monoscript/fileName/UnityEngine_BoundsWrap.cs: 3dd26eeb95bac2de8ce2da585d995261 -> 
  custom:scripting/monoscript/fileName/UnityEngine_KeyframeWrap.cs: f022c20884bfebd1cdba5d0a32b69287 -> 
  custom:container-muxer-webm: aa71ff27fc2769a1b78a27578f13a17b -> 
  custom:video-decoder-webm-vp8: 9c59270c3fd7afecdb556c50c9e8de78 -> 
  custom:scripting/monoscript/fileName/System_Collections_Generic_List_1_System_Int32_Wrap.cs: 0d81f6d3ce2afe6f735fa61fb6f44318 -> 
  custom:SearchIndexIgnoredProperties: e643bd26f0fe6173181afceb89e7c659 -> 
  custom:scripting/monoscript/fileName/UnityEngine_ColorWrap.cs: a2199b901d8d68ac06d36f834d48f0de -> 
  custom:AudioImporter_EditorPlatform: d09bf68614088b80899f8185d706f6e7 -> 
  custom:scripting/monoscript/fileName/UnityEngine_Ray2DWrap.cs: 3948513cbdb210ff5fa49a4b2880e106 -> 
  custom:scripting/monoscript/fileName/UnityEngine_ComponentWrap.cs: 3c3e0b9fedb2878f9f3fac771839136b -> 
  custom:scripting/monoscript/fileName/System_ObjectWrap.cs: 9fb5e5ed9e38c23dad1e0232edf0373b -> 
  custom:scripting/monoscript/fileName/UnityEngine_QuaternionWrap.cs: 2be38f3d0f8715c9babd38533b7cc2f6 -> 
  custom:scripting/monoscript/fileName/ExampleGenConfig.cs: 2d21554d83bd53efca28765b954d65c7 -> 
  custom:scripting/monoscript/fileName/UnityEngine_AnimationCurveWrap.cs: a1b4a7dab75f49fff03082ff025e4e5e -> 
  custom:scripting/monoscript/fileName/UnityEngine_LightWrap.cs: afdccdb78964e15816bd84ff574e1d72 -> 
  custom:scripting/monoscript/fileName/System_Collections_IEnumeratorBridge.cs: a6b8b2b6997973169c6bebc4e00197c3 -> 
  custom:video-encoder-webm-vp8: eb34c28f22e8b96e1ab97ce403110664 -> 
  custom:scripting/monoscript/fileName/UnityEngine_Vector2Wrap.cs: d8bd11c5df83747314d76d2e1152a25a -> 
  custom:audio-decoder-ogg-vorbis: bf7c407c2cedff20999df2af8eb42d56 -> 
  custom:scripting/monoscript/fileName/UnityEngine_GameObjectWrap.cs: 499beb086fe32ba82bd6b30d04f108ea -> 
  custom:scripting/monoscript/fileName/UnityEngine_DebugWrap.cs: 2a23054f13a8c643d838dbc57d787e1a -> 
  custom:scripting/monoscript/fileName/UnityEngine_SkinnedMeshRendererWrap.cs: e6c3bb62aa80867a3afe5dcbb6224761 -> 
  custom:scripting/monoscript/fileName/UnityEngine_TextAssetWrap.cs: 96eae3d139831963806db363328bfefe -> 
  custom:scripting/monoscript/fileName/Hotfix.cs: 54d9f1ade52076024b3f1e4e7c41699b -> 
  custom:scripting/monoscript/fileName/UnityEngine_TransformWrap.cs: 50d916bbc9cc3aa204547c1dbcf1b841 -> 
  custom:scripting/monoscript/fileName/UnityEngine_RendererWrap.cs: e28d66316639c5d4634a4f4176885c0f -> 
  custom:audio-encoder-webm-vorbis: bf7c407c2cedff20999df2af8eb42d56 -> 
  custom:scripting/monoscript/fileName/UnityEngine_Vector4Wrap.cs: e876ed87f63c3dc401e686c851325f69 -> 
  custom:scripting/precompiled-assembly-types:Assembly-CSharp-Editor: a8074916e553e097405b5991a4cb4578 -> 6325889ca3d690caac56de41d2536aa9
  custom:scripting/monoscript/fileName/UnityEngine_ObjectWrap.cs: d239f04268fb712161f840d533347443 -> 
  custom:scripting/precompiled-assembly-types:Assembly-CSharp: b6f6826115f6ce21e7ac599e249680bb -> e72714bde2f0db21cfc2a265dc5c1124
========================================================================
Received Prepare
Caller must complete domain reload
Begin MonoManager ReloadAssembly
- Loaded All Assemblies, in  1.021 seconds
Native extension for WindowsStandalone target not found
Native extension for WebGL target not found
Mono: successfully reloaded assembly
- Finished resetting the current domain, in  2.235 seconds
Domain Reload Profiling: 3243ms
	BeginReloadAssembly (315ms)
		ExecutionOrderSort (0ms)
		DisableScriptedObjects (15ms)
		BackupInstance (0ms)
		ReleaseScriptingObjects (0ms)
		CreateAndSetChildDomain (57ms)
	RebuildCommonClasses (68ms)
	RebuildNativeTypeToScriptingClass (30ms)
	initialDomainReloadingComplete (81ms)
	LoadAllAssembliesAndSetupDomain (512ms)
		LoadAssemblies (655ms)
		RebuildTransferFunctionScriptingTraits (0ms)
		AnalyzeDomain (30ms)
			TypeCache.Refresh (10ms)
				TypeCache.ScanAssembly (0ms)
			ScanForSourceGeneratedMonoScriptInfo (0ms)
			ResolveRequiredComponents (14ms)
	FinalizeReload (2237ms)
		ReleaseScriptCaches (0ms)
		RebuildScriptCaches (0ms)
		SetupLoadedEditorAssemblies (928ms)
			LogAssemblyErrors (0ms)
			InitializePlatformSupportModulesInManaged (21ms)
			SetLoadedEditorAssemblies (6ms)
			RefreshPlugins (0ms)
			BeforeProcessingInitializeOnLoad (148ms)
			ProcessInitializeOnLoadAttributes (669ms)
			ProcessInitializeOnLoadMethodAttributes (52ms)
			AfterProcessingInitializeOnLoad (30ms)
			EditorAssembliesLoaded (0ms)
		ExecutionOrderSort2 (0ms)
		AwakeInstancesAfterBackupRestoration (19ms)
Refreshing native plugins compatible for Editor in 23.43 ms, found 4 plugins.
Preloading 0 native plugins for Editor in 0.00 ms.
Unloading 3282 Unused Serialized files (Serialized files now loaded: 0)
Unloading 16 unused Assets / (28.6 KB). Loaded Objects now: 4012.
Memory consumption went from 126.8 MB to 126.7 MB.
Total: 6.000000 ms (FindLiveObjects: 0.486600 ms CreateObjectMapping: 0.356900 ms MarkObjects: 5.080400 ms  DeleteObjects: 0.074500 ms)

Prepare: number of updated asset objects reloaded= 0
AssetImportParameters requested are different than current active one (requested -> active):
  custom:scripting/monoscript/fileName/UnityEngine_BehaviourWrap.cs: 07f04650a03b829841e9fab9d7740454 -> 
  custom:container-demuxer-ogg: 62fdf1f143b41e24485cea50d1cbac27 -> 
  custom:scripting/monoscript/fileName/UnityEngine_Vector3Wrap.cs: 63f465b9380555daafea25b4176adba5 -> 
  custom:scripting/monoscript/fileName/UnityEngine_RayWrap.cs: 0b84fbe6cabdb1173feb41e835ef3a40 -> 
  custom:video-codec-MediaFoundation-h265: 746d11721c4dcdbdad8f713fa42b33f4 -> 
  custom:video-decoder-ogg-theora: a1e56fd34408186e4bbccfd4996cb3dc -> 
  custom:framework-win-MediaFoundation: 216162199b28c13a410421893ffa2e32 -> 
  custom:scripting/monoscript/fileName/UnityEngine_TimeWrap.cs: 5e744018ad83dc4e6b5341356b280ff7 -> 
  custom:scripting/monoscript/fileName/UnityEngine_AnimationClipWrap.cs: 77a92debc688d37d0c76ed29e7849dc6 -> 
  custom:scripting/monoscript/fileName/UnityEngine_MonoBehaviourWrap.cs: 04d351bf9d6db68acd2847f2651b2d6b -> 
  custom:scripting/monoscript/fileName/UnityEngine_MathfWrap.cs: 333033f071a58c53b030860e1dc36f4e -> 
  custom:scripting/monoscript/fileName/UnityEngine_ResourcesWrap.cs: 698ab99237a4262ce7f88356cded464a -> 
  custom:CustomObjectIndexerAttribute: 9a22284fe3817be447336de3de66b15e -> 
  custom:container-demuxer-webm: 4f35f7cbe854078d1ac9338744f61a02 -> 
  custom:scripting/monoscript/fileName/UnityEngine_ParticleSystemWrap.cs: eee33c4ac5a2b762ef5a90683fe90f0f -> 
  custom:scripting/monoscript/fileName/UnityEngine_BoundsWrap.cs: 3dd26eeb95bac2de8ce2da585d995261 -> 
  custom:scripting/monoscript/fileName/UnityEngine_KeyframeWrap.cs: f022c20884bfebd1cdba5d0a32b69287 -> 
  custom:container-muxer-webm: aa71ff27fc2769a1b78a27578f13a17b -> 
  custom:video-decoder-webm-vp8: 9c59270c3fd7afecdb556c50c9e8de78 -> 
  custom:scripting/monoscript/fileName/System_Collections_Generic_List_1_System_Int32_Wrap.cs: 0d81f6d3ce2afe6f735fa61fb6f44318 -> 
  custom:SearchIndexIgnoredProperties: e643bd26f0fe6173181afceb89e7c659 -> 
  custom:scripting/monoscript/fileName/UnityEngine_ColorWrap.cs: a2199b901d8d68ac06d36f834d48f0de -> 
  custom:AudioImporter_EditorPlatform: d09bf68614088b80899f8185d706f6e7 -> 
  custom:scripting/monoscript/fileName/UnityEngine_Ray2DWrap.cs: 3948513cbdb210ff5fa49a4b2880e106 -> 
  custom:scripting/monoscript/fileName/UnityEngine_ComponentWrap.cs: 3c3e0b9fedb2878f9f3fac771839136b -> 
  custom:scripting/monoscript/fileName/System_ObjectWrap.cs: 9fb5e5ed9e38c23dad1e0232edf0373b -> 
  custom:scripting/monoscript/fileName/UnityEngine_QuaternionWrap.cs: 2be38f3d0f8715c9babd38533b7cc2f6 -> 
  custom:scripting/monoscript/fileName/ExampleGenConfig.cs: 2d21554d83bd53efca28765b954d65c7 -> 
  custom:scripting/monoscript/fileName/UnityEngine_AnimationCurveWrap.cs: a1b4a7dab75f49fff03082ff025e4e5e -> 
  custom:scripting/monoscript/fileName/UnityEngine_LightWrap.cs: afdccdb78964e15816bd84ff574e1d72 -> 
  custom:scripting/monoscript/fileName/System_Collections_IEnumeratorBridge.cs: a6b8b2b6997973169c6bebc4e00197c3 -> 
  custom:video-encoder-webm-vp8: eb34c28f22e8b96e1ab97ce403110664 -> 
  custom:scripting/monoscript/fileName/UnityEngine_Vector2Wrap.cs: d8bd11c5df83747314d76d2e1152a25a -> 
  custom:audio-decoder-ogg-vorbis: bf7c407c2cedff20999df2af8eb42d56 -> 
  custom:scripting/monoscript/fileName/UnityEngine_GameObjectWrap.cs: 499beb086fe32ba82bd6b30d04f108ea -> 
  custom:scripting/monoscript/fileName/UnityEngine_DebugWrap.cs: 2a23054f13a8c643d838dbc57d787e1a -> 
  custom:scripting/monoscript/fileName/UnityEngine_SkinnedMeshRendererWrap.cs: e6c3bb62aa80867a3afe5dcbb6224761 -> 
  custom:scripting/monoscript/fileName/UnityEngine_TextAssetWrap.cs: 96eae3d139831963806db363328bfefe -> 
  custom:scripting/monoscript/fileName/Hotfix.cs: 54d9f1ade52076024b3f1e4e7c41699b -> 
  custom:scripting/monoscript/fileName/UnityEngine_TransformWrap.cs: 50d916bbc9cc3aa204547c1dbcf1b841 -> 
  custom:scripting/monoscript/fileName/UnityEngine_RendererWrap.cs: e28d66316639c5d4634a4f4176885c0f -> 
  custom:audio-encoder-webm-vorbis: bf7c407c2cedff20999df2af8eb42d56 -> 
  custom:scripting/monoscript/fileName/UnityEngine_Vector4Wrap.cs: e876ed87f63c3dc401e686c851325f69 -> 
  custom:scripting/precompiled-assembly-types:Assembly-CSharp-Editor: a8074916e553e097405b5991a4cb4578 -> 6325889ca3d690caac56de41d2536aa9
  custom:scripting/monoscript/fileName/UnityEngine_ObjectWrap.cs: d239f04268fb712161f840d533347443 -> 
  custom:scripting/precompiled-assembly-types:Assembly-CSharp: b6f6826115f6ce21e7ac599e249680bb -> e72714bde2f0db21cfc2a265dc5c1124
========================================================================
Received Prepare
Refreshing native plugins compatible for Editor in 24.44 ms, found 4 plugins.
Preloading 0 native plugins for Editor in 0.00 ms.
Unloading 1 Unused Serialized files (Serialized files now loaded: 0)
Unloading 1 unused Assets / (3.1 KB). Loaded Objects now: 4012.
Memory consumption went from 75.9 MB to 75.9 MB.
Total: 6.316300 ms (FindLiveObjects: 0.453100 ms CreateObjectMapping: 0.404200 ms MarkObjects: 5.379300 ms  DeleteObjects: 0.077100 ms)

Prepare: number of updated asset objects reloaded= 0
AssetImportParameters requested are different than current active one (requested -> active):
  custom:scripting/monoscript/fileName/UnityEngine_BehaviourWrap.cs: 07f04650a03b829841e9fab9d7740454 -> 
  custom:container-demuxer-ogg: 62fdf1f143b41e24485cea50d1cbac27 -> 
  custom:scripting/monoscript/fileName/UnityEngine_Vector3Wrap.cs: 63f465b9380555daafea25b4176adba5 -> 
  custom:scripting/monoscript/fileName/UnityEngine_RayWrap.cs: 0b84fbe6cabdb1173feb41e835ef3a40 -> 
  custom:video-codec-MediaFoundation-h265: 746d11721c4dcdbdad8f713fa42b33f4 -> 
  custom:video-decoder-ogg-theora: a1e56fd34408186e4bbccfd4996cb3dc -> 
  custom:framework-win-MediaFoundation: 216162199b28c13a410421893ffa2e32 -> 
  custom:scripting/monoscript/fileName/UnityEngine_TimeWrap.cs: 5e744018ad83dc4e6b5341356b280ff7 -> 
  custom:scripting/monoscript/fileName/UnityEngine_AnimationClipWrap.cs: 77a92debc688d37d0c76ed29e7849dc6 -> 
  custom:scripting/monoscript/fileName/UnityEngine_MonoBehaviourWrap.cs: 04d351bf9d6db68acd2847f2651b2d6b -> 
  custom:scripting/monoscript/fileName/UnityEngine_MathfWrap.cs: 333033f071a58c53b030860e1dc36f4e -> 
  custom:scripting/monoscript/fileName/UnityEngine_ResourcesWrap.cs: 698ab99237a4262ce7f88356cded464a -> 
  custom:CustomObjectIndexerAttribute: 9a22284fe3817be447336de3de66b15e -> 
  custom:container-demuxer-webm: 4f35f7cbe854078d1ac9338744f61a02 -> 
  custom:scripting/monoscript/fileName/UnityEngine_ParticleSystemWrap.cs: eee33c4ac5a2b762ef5a90683fe90f0f -> 
  custom:scripting/monoscript/fileName/UnityEngine_BoundsWrap.cs: 3dd26eeb95bac2de8ce2da585d995261 -> 
  custom:scripting/monoscript/fileName/UnityEngine_KeyframeWrap.cs: f022c20884bfebd1cdba5d0a32b69287 -> 
  custom:container-muxer-webm: aa71ff27fc2769a1b78a27578f13a17b -> 
  custom:video-decoder-webm-vp8: 9c59270c3fd7afecdb556c50c9e8de78 -> 
  custom:scripting/monoscript/fileName/System_Collections_Generic_List_1_System_Int32_Wrap.cs: 0d81f6d3ce2afe6f735fa61fb6f44318 -> 
  custom:SearchIndexIgnoredProperties: e643bd26f0fe6173181afceb89e7c659 -> 
  custom:scripting/monoscript/fileName/UnityEngine_ColorWrap.cs: a2199b901d8d68ac06d36f834d48f0de -> 
  custom:AudioImporter_EditorPlatform: d09bf68614088b80899f8185d706f6e7 -> 
  custom:scripting/monoscript/fileName/UnityEngine_Ray2DWrap.cs: 3948513cbdb210ff5fa49a4b2880e106 -> 
  custom:scripting/monoscript/fileName/UnityEngine_ComponentWrap.cs: 3c3e0b9fedb2878f9f3fac771839136b -> 
  custom:scripting/monoscript/fileName/System_ObjectWrap.cs: 9fb5e5ed9e38c23dad1e0232edf0373b -> 
  custom:scripting/monoscript/fileName/UnityEngine_QuaternionWrap.cs: 2be38f3d0f8715c9babd38533b7cc2f6 -> 
  custom:scripting/monoscript/fileName/ExampleGenConfig.cs: 2d21554d83bd53efca28765b954d65c7 -> 
  custom:scripting/monoscript/fileName/UnityEngine_AnimationCurveWrap.cs: a1b4a7dab75f49fff03082ff025e4e5e -> 
  custom:scripting/monoscript/fileName/UnityEngine_LightWrap.cs: afdccdb78964e15816bd84ff574e1d72 -> 
  custom:scripting/monoscript/fileName/System_Collections_IEnumeratorBridge.cs: a6b8b2b6997973169c6bebc4e00197c3 -> 
  custom:video-encoder-webm-vp8: eb34c28f22e8b96e1ab97ce403110664 -> 
  custom:scripting/monoscript/fileName/UnityEngine_Vector2Wrap.cs: d8bd11c5df83747314d76d2e1152a25a -> 
  custom:audio-decoder-ogg-vorbis: bf7c407c2cedff20999df2af8eb42d56 -> 
  custom:scripting/monoscript/fileName/UnityEngine_GameObjectWrap.cs: 499beb086fe32ba82bd6b30d04f108ea -> 
  custom:scripting/monoscript/fileName/UnityEngine_DebugWrap.cs: 2a23054f13a8c643d838dbc57d787e1a -> 
  custom:scripting/monoscript/fileName/UnityEngine_SkinnedMeshRendererWrap.cs: e6c3bb62aa80867a3afe5dcbb6224761 -> 
  custom:scripting/monoscript/fileName/UnityEngine_TextAssetWrap.cs: 96eae3d139831963806db363328bfefe -> 
  custom:scripting/monoscript/fileName/Hotfix.cs: 54d9f1ade52076024b3f1e4e7c41699b -> 
  custom:scripting/monoscript/fileName/UnityEngine_TransformWrap.cs: 50d916bbc9cc3aa204547c1dbcf1b841 -> 
  custom:scripting/monoscript/fileName/UnityEngine_RendererWrap.cs: e28d66316639c5d4634a4f4176885c0f -> 
  custom:audio-encoder-webm-vorbis: bf7c407c2cedff20999df2af8eb42d56 -> 
  custom:scripting/monoscript/fileName/UnityEngine_Vector4Wrap.cs: e876ed87f63c3dc401e686c851325f69 -> 
  custom:scripting/precompiled-assembly-types:Assembly-CSharp-Editor: a8074916e553e097405b5991a4cb4578 -> 6325889ca3d690caac56de41d2536aa9
  custom:scripting/monoscript/fileName/UnityEngine_ObjectWrap.cs: d239f04268fb712161f840d533347443 -> 
  custom:scripting/precompiled-assembly-types:Assembly-CSharp: b6f6826115f6ce21e7ac599e249680bb -> e72714bde2f0db21cfc2a265dc5c1124
