Using pre-set license
Built from '2022.3/china_unity/release' branch; Version is '2022.3.51f1c1 (e9648b0586b8) revision 15295627'; Using compiler version '192829333'; Build Type 'Release'
OS: 'Windows 11  (10.0.26100) 64bit Enterprise' Language: 'zh' Physical Memory: 16257 MB
BatchMode: 1, IsHumanControllingUs: 0, StartBugReporterOnCrash: 0, Is64bit: 1, IsPro: 1

COMMAND LINE ARGUMENTS:
C:\Program Files\Unity\Hub\Editor\2022.3.51f1c1\Editor\Unity.exe
-adb2
-batchMode
-noUpm
-name
AssetImportWorker2
-projectPath
F:/Workspase/Unity/UNO
-logFile
Logs/AssetImportWorker2.log
-srvPort
49500
Successfully changed project path to: F:/Workspase/Unity/UNO
F:/Workspase/Unity/UNO
[UnityMemory] Configuration Parameters - Can be set up in boot.config
    "memorysetup-bucket-allocator-granularity=16"
    "memorysetup-bucket-allocator-bucket-count=8"
    "memorysetup-bucket-allocator-block-size=33554432"
    "memorysetup-bucket-allocator-block-count=8"
    "memorysetup-main-allocator-block-size=16777216"
    "memorysetup-thread-allocator-block-size=16777216"
    "memorysetup-gfx-main-allocator-block-size=16777216"
    "memorysetup-gfx-thread-allocator-block-size=16777216"
    "memorysetup-cache-allocator-block-size=4194304"
    "memorysetup-typetree-allocator-block-size=2097152"
    "memorysetup-profiler-bucket-allocator-granularity=16"
    "memorysetup-profiler-bucket-allocator-bucket-count=8"
    "memorysetup-profiler-bucket-allocator-block-size=33554432"
    "memorysetup-profiler-bucket-allocator-block-count=8"
    "memorysetup-profiler-allocator-block-size=16777216"
    "memorysetup-profiler-editor-allocator-block-size=1048576"
    "memorysetup-temp-allocator-size-main=16777216"
    "memorysetup-job-temp-allocator-block-size=2097152"
    "memorysetup-job-temp-allocator-block-size-background=1048576"
    "memorysetup-job-temp-allocator-reduction-small-platforms=262144"
    "memorysetup-allocator-temp-initial-block-size-main=262144"
    "memorysetup-allocator-temp-initial-block-size-worker=262144"
    "memorysetup-temp-allocator-size-background-worker=32768"
    "memorysetup-temp-allocator-size-job-worker=262144"
    "memorysetup-temp-allocator-size-preload-manager=33554432"
    "memorysetup-temp-allocator-size-nav-mesh-worker=65536"
    "memorysetup-temp-allocator-size-audio-worker=65536"
    "memorysetup-temp-allocator-size-cloud-worker=32768"
    "memorysetup-temp-allocator-size-gi-baking-worker=262144"
    "memorysetup-temp-allocator-size-gfx=262144"
Player connection [5912]  Target information:

Player connection [5912]  * "[IP] 10.249.50.95 [Port] 0 [Flags] 2 [Guid] 3341578357 [EditorId] 3341578357 [Version] 1048832 [Id] WindowsEditor(7,DESKTOP-9EMNNSA) [Debug] 1 [PackageName] WindowsEditor [ProjectName] Editor" 

Player connection [5912] Host joined multi-casting on [225.0.0.222:54997]...
Player connection [5912] Host joined alternative multi-casting on [225.0.0.222:34997]...
[PhysX] Initialized MultithreadedTaskDispatcher with 12 workers.
Refreshing native plugins compatible for Editor in 73.79 ms, found 4 plugins.
Preloading 0 native plugins for Editor in 0.00 ms.
Initialize engine version: 2022.3.51f1c1 (e9648b0586b8)
[Subsystems] Discovering subsystems at path C:/Program Files/Unity/Hub/Editor/2022.3.51f1c1/Editor/Data/Resources/UnitySubsystems
[Subsystems] Discovering subsystems at path F:/Workspase/Unity/UNO/Assets
GfxDevice: creating device client; threaded=0; jobified=0
Direct3D:
    Version:  Direct3D 11.0 [level 11.1]
    Renderer: NVIDIA GeForce GTX 1050 Ti (ID=0x1c8c)
    Vendor:   NVIDIA
    VRAM:     4004 MB
    Driver:   32.0.15.6070
Initialize mono
Mono path[0] = 'C:/Program Files/Unity/Hub/Editor/2022.3.51f1c1/Editor/Data/Managed'
Mono path[1] = 'C:/Program Files/Unity/Hub/Editor/2022.3.51f1c1/Editor/Data/MonoBleedingEdge/lib/mono/unityjit-win32'
Mono config path = 'C:/Program Files/Unity/Hub/Editor/2022.3.51f1c1/Editor/Data/MonoBleedingEdge/etc'
Using monoOptions --debugger-agent=transport=dt_socket,embedding=1,server=y,suspend=n,address=127.0.0.1:56976
Begin MonoManager ReloadAssembly
Registering precompiled unity dll's ...
Register platform support module: C:/Program Files/Unity/Hub/Editor/2022.3.51f1c1/Editor/Data/PlaybackEngines/WebGLSupport/UnityEditor.WebGL.Extensions.dll
Register platform support module: C:/Program Files/Unity/Hub/Editor/2022.3.51f1c1/Editor/Data/PlaybackEngines/WindowsStandaloneSupport/UnityEditor.WindowsStandalone.Extensions.dll
Registered in 0.041475 seconds.
- Loaded All Assemblies, in  0.832 seconds
Native extension for WindowsStandalone target not found
Native extension for WebGL target not found
Mono: successfully reloaded assembly
- Finished resetting the current domain, in  0.567 seconds
Domain Reload Profiling: 1391ms
	BeginReloadAssembly (262ms)
		ExecutionOrderSort (0ms)
		DisableScriptedObjects (0ms)
		BackupInstance (0ms)
		ReleaseScriptingObjects (0ms)
		CreateAndSetChildDomain (1ms)
	RebuildCommonClasses (67ms)
	RebuildNativeTypeToScriptingClass (20ms)
	initialDomainReloadingComplete (155ms)
	LoadAllAssembliesAndSetupDomain (319ms)
		LoadAssemblies (253ms)
		RebuildTransferFunctionScriptingTraits (0ms)
		AnalyzeDomain (315ms)
			TypeCache.Refresh (312ms)
				TypeCache.ScanAssembly (280ms)
			ScanForSourceGeneratedMonoScriptInfo (1ms)
			ResolveRequiredComponents (1ms)
	FinalizeReload (567ms)
		ReleaseScriptCaches (0ms)
		RebuildScriptCaches (0ms)
		SetupLoadedEditorAssemblies (466ms)
			LogAssemblyErrors (0ms)
			InitializePlatformSupportModulesInManaged (22ms)
			SetLoadedEditorAssemblies (11ms)
			RefreshPlugins (0ms)
			BeforeProcessingInitializeOnLoad (4ms)
			ProcessInitializeOnLoadAttributes (323ms)
			ProcessInitializeOnLoadMethodAttributes (106ms)
			AfterProcessingInitializeOnLoad (0ms)
			EditorAssembliesLoaded (0ms)
		ExecutionOrderSort2 (0ms)
		AwakeInstancesAfterBackupRestoration (0ms)
========================================================================
Worker process is ready to serve import requests
Caller must complete domain reload
Begin MonoManager ReloadAssembly
- Loaded All Assemblies, in  1.405 seconds
Native extension for WindowsStandalone target not found
Native extension for WebGL target not found
Mono: successfully reloaded assembly
- Finished resetting the current domain, in  1.133 seconds
Domain Reload Profiling: 2525ms
	BeginReloadAssembly (287ms)
		ExecutionOrderSort (0ms)
		DisableScriptedObjects (11ms)
		BackupInstance (0ms)
		ReleaseScriptingObjects (0ms)
		CreateAndSetChildDomain (37ms)
	RebuildCommonClasses (63ms)
	RebuildNativeTypeToScriptingClass (20ms)
	initialDomainReloadingComplete (89ms)
	LoadAllAssembliesAndSetupDomain (933ms)
		LoadAssemblies (731ms)
		RebuildTransferFunctionScriptingTraits (0ms)
		AnalyzeDomain (372ms)
			TypeCache.Refresh (329ms)
				TypeCache.ScanAssembly (290ms)
			ScanForSourceGeneratedMonoScriptInfo (30ms)
			ResolveRequiredComponents (10ms)
	FinalizeReload (1133ms)
		ReleaseScriptCaches (0ms)
		RebuildScriptCaches (0ms)
		SetupLoadedEditorAssemblies (872ms)
			LogAssemblyErrors (0ms)
			InitializePlatformSupportModulesInManaged (14ms)
			SetLoadedEditorAssemblies (8ms)
			RefreshPlugins (0ms)
			BeforeProcessingInitializeOnLoad (121ms)
			ProcessInitializeOnLoadAttributes (655ms)
			ProcessInitializeOnLoadMethodAttributes (50ms)
			AfterProcessingInitializeOnLoad (24ms)
			EditorAssembliesLoaded (0ms)
		ExecutionOrderSort2 (0ms)
		AwakeInstancesAfterBackupRestoration (20ms)
Launched and connected shader compiler UnityShaderCompiler.exe after 0.13 seconds
Refreshing native plugins compatible for Editor in 17.13 ms, found 4 plugins.
Preloading 0 native plugins for Editor in 0.00 ms.
Unloading 3272 Unused Serialized files (Serialized files now loaded: 0)
Unloading 21 unused Assets / (54.6 KB). Loaded Objects now: 3742.
Memory consumption went from 125.5 MB to 125.4 MB.
Total: 5.528300 ms (FindLiveObjects: 0.350400 ms CreateObjectMapping: 0.327000 ms MarkObjects: 4.703200 ms  DeleteObjects: 0.146000 ms)

AssetImportParameters requested are different than current active one (requested -> active):
  custom:container-demuxer-ogg: 62fdf1f143b41e24485cea50d1cbac27 -> 
  custom:video-codec-MediaFoundation-h265: 746d11721c4dcdbdad8f713fa42b33f4 -> 
  custom:video-decoder-ogg-theora: a1e56fd34408186e4bbccfd4996cb3dc -> 
  custom:framework-win-MediaFoundation: 216162199b28c13a410421893ffa2e32 -> 
  custom:CustomObjectIndexerAttribute: 9a22284fe3817be447336de3de66b15e -> 
  custom:container-demuxer-webm: 4f35f7cbe854078d1ac9338744f61a02 -> 
  custom:container-muxer-webm: aa71ff27fc2769a1b78a27578f13a17b -> 
  custom:video-decoder-webm-vp8: 9c59270c3fd7afecdb556c50c9e8de78 -> 
  custom:SearchIndexIgnoredProperties: e643bd26f0fe6173181afceb89e7c659 -> 
  custom:AudioImporter_EditorPlatform: d09bf68614088b80899f8185d706f6e7 -> 
  custom:video-encoder-webm-vp8: eb34c28f22e8b96e1ab97ce403110664 -> 
  custom:audio-decoder-ogg-vorbis: bf7c407c2cedff20999df2af8eb42d56 -> 
  custom:audio-encoder-webm-vorbis: bf7c407c2cedff20999df2af8eb42d56 -> 
========================================================================
Received Import Request.
  Time since last request: 543911.486263 seconds.
  path: Assets/ABRes/SpriteAltas/Avatar.spriteatlas
  artifactKey: Guid(ceb00f59d5bf80646b3fd007967fb517) Importer(815301076,1909f56bfc062723c751e8b465ee728b)
Start importing Assets/ABRes/SpriteAltas/Avatar.spriteatlas using Guid(ceb00f59d5bf80646b3fd007967fb517) Importer(815301076,1909f56bfc062723c751e8b465ee728b) [PhysX] Initialized MultithreadedTaskDispatcher with 12 workers.
 -> (artifact id: 'db5ca54a89e2dec2f170822d572b0626') in 0.020506 seconds
Number of updated asset objects reloaded before import = 0
Number of asset objects unloaded after import = 1
========================================================================
Received Import Request.
  Time since last request: 9.946472 seconds.
  path: Assets/ABRes/SpriteAltas/Avatar.spriteatlas
  artifactKey: Guid(ceb00f59d5bf80646b3fd007967fb517) Importer(815301076,1909f56bfc062723c751e8b465ee728b)
Start importing Assets/ABRes/SpriteAltas/Avatar.spriteatlas using Guid(ceb00f59d5bf80646b3fd007967fb517) Importer(815301076,1909f56bfc062723c751e8b465ee728b) [PhysX] Initialized MultithreadedTaskDispatcher with 12 workers.
 -> (artifact id: 'b44b36e571f78ecab7124b393e8e96be') in 0.002387 seconds
Number of updated asset objects reloaded before import = 0
Number of asset objects unloaded after import = 1
========================================================================
Received Import Request.
  Time since last request: 1179.372117 seconds.
  path: Assets/ABRes/Prefabs/UI/GameMatch1V1Panel.prefab
  artifactKey: Guid(c29957e7fb31d4e40805f650bb59faed) Importer(815301076,1909f56bfc062723c751e8b465ee728b)
Start importing Assets/ABRes/Prefabs/UI/GameMatch1V1Panel.prefab using Guid(c29957e7fb31d4e40805f650bb59faed) Importer(815301076,1909f56bfc062723c751e8b465ee728b) [PhysX] Initialized MultithreadedTaskDispatcher with 12 workers.
 -> (artifact id: 'd78df5b60baf420db4f5bec86d7f034d') in 0.743017 seconds
Number of updated asset objects reloaded before import = 0
Number of asset objects unloaded after import = 231
========================================================================
Received Import Request.
  Time since last request: 6.386996 seconds.
  path: Assets/ABRes/SpriteAltas/Avatar.spriteatlas
  artifactKey: Guid(ceb00f59d5bf80646b3fd007967fb517) Importer(815301076,1909f56bfc062723c751e8b465ee728b)
Start importing Assets/ABRes/SpriteAltas/Avatar.spriteatlas using Guid(ceb00f59d5bf80646b3fd007967fb517) Importer(815301076,1909f56bfc062723c751e8b465ee728b) [PhysX] Initialized MultithreadedTaskDispatcher with 12 workers.
 -> (artifact id: '496675adf5a714d16fc755d29a96e231') in 0.002102 seconds
Number of updated asset objects reloaded before import = 0
Number of asset objects unloaded after import = 1
========================================================================
Received Import Request.
  Time since last request: 53.443028 seconds.
  path: Assets/ABRes/SpriteAltas/Avatar.spriteatlas
  artifactKey: Guid(ceb00f59d5bf80646b3fd007967fb517) Importer(815301076,1909f56bfc062723c751e8b465ee728b)
Start importing Assets/ABRes/SpriteAltas/Avatar.spriteatlas using Guid(ceb00f59d5bf80646b3fd007967fb517) Importer(815301076,1909f56bfc062723c751e8b465ee728b) [PhysX] Initialized MultithreadedTaskDispatcher with 12 workers.
 -> (artifact id: '3de5563921e4affd95b951016a804ee2') in 0.002315 seconds
Number of updated asset objects reloaded before import = 0
Number of asset objects unloaded after import = 1
========================================================================
Received Prepare
Refreshing native plugins compatible for Editor in 18.56 ms, found 4 plugins.
Preloading 0 native plugins for Editor in 0.00 ms.
Unloading 0 Unused Serialized files (Serialized files now loaded: 0)
Unloading 3 unused Assets / (1.6 KB). Loaded Objects now: 3743.
Memory consumption went from 70.9 MB to 70.9 MB.
Total: 6.255100 ms (FindLiveObjects: 0.375500 ms CreateObjectMapping: 0.375700 ms MarkObjects: 5.454000 ms  DeleteObjects: 0.048000 ms)

Prepare: number of updated asset objects reloaded= 0
AssetImportParameters requested are different than current active one (requested -> active):
  custom:container-demuxer-ogg: 62fdf1f143b41e24485cea50d1cbac27 -> 
  custom:video-codec-MediaFoundation-h265: 746d11721c4dcdbdad8f713fa42b33f4 -> 
  custom:video-decoder-ogg-theora: a1e56fd34408186e4bbccfd4996cb3dc -> 
  custom:framework-win-MediaFoundation: 216162199b28c13a410421893ffa2e32 -> 
  custom:CustomObjectIndexerAttribute: 9a22284fe3817be447336de3de66b15e -> 
  custom:container-demuxer-webm: 4f35f7cbe854078d1ac9338744f61a02 -> 
  custom:container-muxer-webm: aa71ff27fc2769a1b78a27578f13a17b -> 
  custom:video-decoder-webm-vp8: 9c59270c3fd7afecdb556c50c9e8de78 -> 
  custom:SearchIndexIgnoredProperties: e643bd26f0fe6173181afceb89e7c659 -> 
  custom:AudioImporter_EditorPlatform: d09bf68614088b80899f8185d706f6e7 -> 
  custom:video-encoder-webm-vp8: eb34c28f22e8b96e1ab97ce403110664 -> 
  custom:audio-decoder-ogg-vorbis: bf7c407c2cedff20999df2af8eb42d56 -> 
  custom:audio-encoder-webm-vorbis: bf7c407c2cedff20999df2af8eb42d56 -> 
========================================================================
Received Prepare
Refreshing native plugins compatible for Editor in 17.70 ms, found 4 plugins.
Preloading 0 native plugins for Editor in 0.00 ms.
Unloading 1 Unused Serialized files (Serialized files now loaded: 0)
Unloading 1 unused Assets / (3.1 KB). Loaded Objects now: 3743.
Memory consumption went from 71.1 MB to 71.1 MB.
Total: 7.029800 ms (FindLiveObjects: 0.374500 ms CreateObjectMapping: 0.377600 ms MarkObjects: 6.235000 ms  DeleteObjects: 0.040700 ms)

Prepare: number of updated asset objects reloaded= 0
AssetImportParameters requested are different than current active one (requested -> active):
  custom:container-demuxer-ogg: 62fdf1f143b41e24485cea50d1cbac27 -> 
  custom:video-codec-MediaFoundation-h265: 746d11721c4dcdbdad8f713fa42b33f4 -> 
  custom:video-decoder-ogg-theora: a1e56fd34408186e4bbccfd4996cb3dc -> 
  custom:framework-win-MediaFoundation: 216162199b28c13a410421893ffa2e32 -> 
  custom:CustomObjectIndexerAttribute: 9a22284fe3817be447336de3de66b15e -> 
  custom:container-demuxer-webm: 4f35f7cbe854078d1ac9338744f61a02 -> 
  custom:container-muxer-webm: aa71ff27fc2769a1b78a27578f13a17b -> 
  custom:video-decoder-webm-vp8: 9c59270c3fd7afecdb556c50c9e8de78 -> 
  custom:SearchIndexIgnoredProperties: e643bd26f0fe6173181afceb89e7c659 -> 
  custom:AudioImporter_EditorPlatform: d09bf68614088b80899f8185d706f6e7 -> 
  custom:video-encoder-webm-vp8: eb34c28f22e8b96e1ab97ce403110664 -> 
  custom:audio-decoder-ogg-vorbis: bf7c407c2cedff20999df2af8eb42d56 -> 
  custom:audio-encoder-webm-vorbis: bf7c407c2cedff20999df2af8eb42d56 -> 
========================================================================
Received Prepare
Refreshing native plugins compatible for Editor in 16.73 ms, found 4 plugins.
Preloading 0 native plugins for Editor in 0.00 ms.
Unloading 1 Unused Serialized files (Serialized files now loaded: 0)
Unloading 1 unused Assets / (3.1 KB). Loaded Objects now: 3743.
Memory consumption went from 71.1 MB to 71.1 MB.
Total: 5.463300 ms (FindLiveObjects: 0.383700 ms CreateObjectMapping: 0.323900 ms MarkObjects: 4.723300 ms  DeleteObjects: 0.031000 ms)

Prepare: number of updated asset objects reloaded= 0
AssetImportParameters requested are different than current active one (requested -> active):
  custom:container-demuxer-ogg: 62fdf1f143b41e24485cea50d1cbac27 -> 
  custom:video-codec-MediaFoundation-h265: 746d11721c4dcdbdad8f713fa42b33f4 -> 
  custom:video-decoder-ogg-theora: a1e56fd34408186e4bbccfd4996cb3dc -> 
  custom:framework-win-MediaFoundation: 216162199b28c13a410421893ffa2e32 -> 
  custom:CustomObjectIndexerAttribute: 9a22284fe3817be447336de3de66b15e -> 
  custom:container-demuxer-webm: 4f35f7cbe854078d1ac9338744f61a02 -> 
  custom:container-muxer-webm: aa71ff27fc2769a1b78a27578f13a17b -> 
  custom:video-decoder-webm-vp8: 9c59270c3fd7afecdb556c50c9e8de78 -> 
  custom:SearchIndexIgnoredProperties: e643bd26f0fe6173181afceb89e7c659 -> 
  custom:AudioImporter_EditorPlatform: d09bf68614088b80899f8185d706f6e7 -> 
  custom:video-encoder-webm-vp8: eb34c28f22e8b96e1ab97ce403110664 -> 
  custom:audio-decoder-ogg-vorbis: bf7c407c2cedff20999df2af8eb42d56 -> 
  custom:audio-encoder-webm-vorbis: bf7c407c2cedff20999df2af8eb42d56 -> 
========================================================================
Received Prepare
Refreshing native plugins compatible for Editor in 24.01 ms, found 4 plugins.
Preloading 0 native plugins for Editor in 0.00 ms.
Unloading 1 Unused Serialized files (Serialized files now loaded: 0)
Unloading 1 unused Assets / (3.1 KB). Loaded Objects now: 3743.
Memory consumption went from 71.1 MB to 71.1 MB.
Total: 9.609600 ms (FindLiveObjects: 0.384300 ms CreateObjectMapping: 0.301900 ms MarkObjects: 8.872700 ms  DeleteObjects: 0.048500 ms)

Prepare: number of updated asset objects reloaded= 0
AssetImportParameters requested are different than current active one (requested -> active):
  custom:container-demuxer-ogg: 62fdf1f143b41e24485cea50d1cbac27 -> 
  custom:video-codec-MediaFoundation-h265: 746d11721c4dcdbdad8f713fa42b33f4 -> 
  custom:video-decoder-ogg-theora: a1e56fd34408186e4bbccfd4996cb3dc -> 
  custom:framework-win-MediaFoundation: 216162199b28c13a410421893ffa2e32 -> 
  custom:CustomObjectIndexerAttribute: 9a22284fe3817be447336de3de66b15e -> 
  custom:container-demuxer-webm: 4f35f7cbe854078d1ac9338744f61a02 -> 
  custom:container-muxer-webm: aa71ff27fc2769a1b78a27578f13a17b -> 
  custom:video-decoder-webm-vp8: 9c59270c3fd7afecdb556c50c9e8de78 -> 
  custom:SearchIndexIgnoredProperties: e643bd26f0fe6173181afceb89e7c659 -> 
  custom:AudioImporter_EditorPlatform: d09bf68614088b80899f8185d706f6e7 -> 
  custom:video-encoder-webm-vp8: eb34c28f22e8b96e1ab97ce403110664 -> 
  custom:audio-decoder-ogg-vorbis: bf7c407c2cedff20999df2af8eb42d56 -> 
  custom:audio-encoder-webm-vorbis: bf7c407c2cedff20999df2af8eb42d56 -> 
========================================================================
Received Prepare
Refreshing native plugins compatible for Editor in 21.57 ms, found 4 plugins.
Preloading 0 native plugins for Editor in 0.00 ms.
Unloading 1 Unused Serialized files (Serialized files now loaded: 0)
Unloading 1 unused Assets / (3.1 KB). Loaded Objects now: 3743.
Memory consumption went from 71.1 MB to 71.1 MB.
Total: 8.866300 ms (FindLiveObjects: 0.499400 ms CreateObjectMapping: 0.475100 ms MarkObjects: 7.855400 ms  DeleteObjects: 0.034500 ms)

Prepare: number of updated asset objects reloaded= 0
AssetImportParameters requested are different than current active one (requested -> active):
  custom:container-demuxer-ogg: 62fdf1f143b41e24485cea50d1cbac27 -> 
  custom:video-codec-MediaFoundation-h265: 746d11721c4dcdbdad8f713fa42b33f4 -> 
  custom:video-decoder-ogg-theora: a1e56fd34408186e4bbccfd4996cb3dc -> 
  custom:framework-win-MediaFoundation: 216162199b28c13a410421893ffa2e32 -> 
  custom:CustomObjectIndexerAttribute: 9a22284fe3817be447336de3de66b15e -> 
  custom:container-demuxer-webm: 4f35f7cbe854078d1ac9338744f61a02 -> 
  custom:container-muxer-webm: aa71ff27fc2769a1b78a27578f13a17b -> 
  custom:video-decoder-webm-vp8: 9c59270c3fd7afecdb556c50c9e8de78 -> 
  custom:SearchIndexIgnoredProperties: e643bd26f0fe6173181afceb89e7c659 -> 
  custom:AudioImporter_EditorPlatform: d09bf68614088b80899f8185d706f6e7 -> 
  custom:video-encoder-webm-vp8: eb34c28f22e8b96e1ab97ce403110664 -> 
  custom:audio-decoder-ogg-vorbis: bf7c407c2cedff20999df2af8eb42d56 -> 
  custom:audio-encoder-webm-vorbis: bf7c407c2cedff20999df2af8eb42d56 -> 
========================================================================
Received Prepare
Refreshing native plugins compatible for Editor in 16.85 ms, found 4 plugins.
Preloading 0 native plugins for Editor in 0.00 ms.
Unloading 1 Unused Serialized files (Serialized files now loaded: 0)
Unloading 1 unused Assets / (3.1 KB). Loaded Objects now: 3743.
Memory consumption went from 71.1 MB to 71.1 MB.
Total: 5.527300 ms (FindLiveObjects: 0.361900 ms CreateObjectMapping: 0.254900 ms MarkObjects: 4.859700 ms  DeleteObjects: 0.048900 ms)

Prepare: number of updated asset objects reloaded= 0
AssetImportParameters requested are different than current active one (requested -> active):
  custom:container-demuxer-ogg: 62fdf1f143b41e24485cea50d1cbac27 -> 
  custom:video-codec-MediaFoundation-h265: 746d11721c4dcdbdad8f713fa42b33f4 -> 
  custom:video-decoder-ogg-theora: a1e56fd34408186e4bbccfd4996cb3dc -> 
  custom:framework-win-MediaFoundation: 216162199b28c13a410421893ffa2e32 -> 
  custom:CustomObjectIndexerAttribute: 9a22284fe3817be447336de3de66b15e -> 
  custom:container-demuxer-webm: 4f35f7cbe854078d1ac9338744f61a02 -> 
  custom:container-muxer-webm: aa71ff27fc2769a1b78a27578f13a17b -> 
  custom:video-decoder-webm-vp8: 9c59270c3fd7afecdb556c50c9e8de78 -> 
  custom:SearchIndexIgnoredProperties: e643bd26f0fe6173181afceb89e7c659 -> 
  custom:AudioImporter_EditorPlatform: d09bf68614088b80899f8185d706f6e7 -> 
  custom:video-encoder-webm-vp8: eb34c28f22e8b96e1ab97ce403110664 -> 
  custom:audio-decoder-ogg-vorbis: bf7c407c2cedff20999df2af8eb42d56 -> 
  custom:audio-encoder-webm-vorbis: bf7c407c2cedff20999df2af8eb42d56 -> 
========================================================================
Received Prepare
Caller must complete domain reload
Begin MonoManager ReloadAssembly
- Loaded All Assemblies, in  0.941 seconds
Native extension for WindowsStandalone target not found
Native extension for WebGL target not found
Mono: successfully reloaded assembly
- Finished resetting the current domain, in  2.077 seconds
Domain Reload Profiling: 3005ms
	BeginReloadAssembly (308ms)
		ExecutionOrderSort (0ms)
		DisableScriptedObjects (10ms)
		BackupInstance (0ms)
		ReleaseScriptingObjects (0ms)
		CreateAndSetChildDomain (70ms)
	RebuildCommonClasses (69ms)
	RebuildNativeTypeToScriptingClass (22ms)
	initialDomainReloadingComplete (76ms)
	LoadAllAssembliesAndSetupDomain (452ms)
		LoadAssemblies (594ms)
		RebuildTransferFunctionScriptingTraits (0ms)
		AnalyzeDomain (25ms)
			TypeCache.Refresh (10ms)
				TypeCache.ScanAssembly (0ms)
			ScanForSourceGeneratedMonoScriptInfo (0ms)
			ResolveRequiredComponents (11ms)
	FinalizeReload (2078ms)
		ReleaseScriptCaches (0ms)
		RebuildScriptCaches (0ms)
		SetupLoadedEditorAssemblies (875ms)
			LogAssemblyErrors (0ms)
			InitializePlatformSupportModulesInManaged (15ms)
			SetLoadedEditorAssemblies (8ms)
			RefreshPlugins (0ms)
			BeforeProcessingInitializeOnLoad (152ms)
			ProcessInitializeOnLoadAttributes (628ms)
			ProcessInitializeOnLoadMethodAttributes (46ms)
			AfterProcessingInitializeOnLoad (25ms)
			EditorAssembliesLoaded (0ms)
		ExecutionOrderSort2 (0ms)
		AwakeInstancesAfterBackupRestoration (19ms)
Refreshing native plugins compatible for Editor in 22.36 ms, found 4 plugins.
Preloading 0 native plugins for Editor in 0.00 ms.
Unloading 3252 Unused Serialized files (Serialized files now loaded: 0)
Unloading 16 unused Assets / (28.5 KB). Loaded Objects now: 3746.
Memory consumption went from 121.7 MB to 121.6 MB.
Total: 6.185200 ms (FindLiveObjects: 0.457800 ms CreateObjectMapping: 0.482300 ms MarkObjects: 5.144700 ms  DeleteObjects: 0.098700 ms)

Prepare: number of updated asset objects reloaded= 0
AssetImportParameters requested are different than current active one (requested -> active):
  custom:container-demuxer-ogg: 62fdf1f143b41e24485cea50d1cbac27 -> 
  custom:video-codec-MediaFoundation-h265: 746d11721c4dcdbdad8f713fa42b33f4 -> 
  custom:video-decoder-ogg-theora: a1e56fd34408186e4bbccfd4996cb3dc -> 
  custom:framework-win-MediaFoundation: 216162199b28c13a410421893ffa2e32 -> 
  custom:CustomObjectIndexerAttribute: 9a22284fe3817be447336de3de66b15e -> 
  custom:container-demuxer-webm: 4f35f7cbe854078d1ac9338744f61a02 -> 
  custom:container-muxer-webm: aa71ff27fc2769a1b78a27578f13a17b -> 
  custom:video-decoder-webm-vp8: 9c59270c3fd7afecdb556c50c9e8de78 -> 
  custom:SearchIndexIgnoredProperties: e643bd26f0fe6173181afceb89e7c659 -> 
  custom:AudioImporter_EditorPlatform: d09bf68614088b80899f8185d706f6e7 -> 
  custom:video-encoder-webm-vp8: eb34c28f22e8b96e1ab97ce403110664 -> 
  custom:audio-decoder-ogg-vorbis: bf7c407c2cedff20999df2af8eb42d56 -> 
  custom:audio-encoder-webm-vorbis: bf7c407c2cedff20999df2af8eb42d56 -> 
========================================================================
Received Prepare
Caller must complete domain reload
Begin MonoManager ReloadAssembly
- Loaded All Assemblies, in  1.016 seconds
Native extension for WindowsStandalone target not found
Native extension for WebGL target not found
Mono: successfully reloaded assembly
- Finished resetting the current domain, in  2.034 seconds
Domain Reload Profiling: 3033ms
	BeginReloadAssembly (319ms)
		ExecutionOrderSort (0ms)
		DisableScriptedObjects (11ms)
		BackupInstance (0ms)
		ReleaseScriptingObjects (0ms)
		CreateAndSetChildDomain (58ms)
	RebuildCommonClasses (92ms)
	RebuildNativeTypeToScriptingClass (28ms)
	initialDomainReloadingComplete (76ms)
	LoadAllAssembliesAndSetupDomain (482ms)
		LoadAssemblies (647ms)
		RebuildTransferFunctionScriptingTraits (0ms)
		AnalyzeDomain (26ms)
			TypeCache.Refresh (10ms)
				TypeCache.ScanAssembly (0ms)
			ScanForSourceGeneratedMonoScriptInfo (0ms)
			ResolveRequiredComponents (11ms)
	FinalizeReload (2035ms)
		ReleaseScriptCaches (0ms)
		RebuildScriptCaches (0ms)
		SetupLoadedEditorAssemblies (853ms)
			LogAssemblyErrors (0ms)
			InitializePlatformSupportModulesInManaged (18ms)
			SetLoadedEditorAssemblies (8ms)
			RefreshPlugins (0ms)
			BeforeProcessingInitializeOnLoad (148ms)
			ProcessInitializeOnLoadAttributes (601ms)
			ProcessInitializeOnLoadMethodAttributes (51ms)
			AfterProcessingInitializeOnLoad (26ms)
			EditorAssembliesLoaded (0ms)
		ExecutionOrderSort2 (0ms)
		AwakeInstancesAfterBackupRestoration (19ms)
Refreshing native plugins compatible for Editor in 19.58 ms, found 4 plugins.
Preloading 0 native plugins for Editor in 0.00 ms.
Unloading 3252 Unused Serialized files (Serialized files now loaded: 0)
Unloading 16 unused Assets / (28.5 KB). Loaded Objects now: 3749.
Memory consumption went from 121.7 MB to 121.6 MB.
Total: 4.727900 ms (FindLiveObjects: 0.448100 ms CreateObjectMapping: 0.371100 ms MarkObjects: 3.844500 ms  DeleteObjects: 0.062900 ms)

Prepare: number of updated asset objects reloaded= 0
AssetImportParameters requested are different than current active one (requested -> active):
  custom:container-demuxer-ogg: 62fdf1f143b41e24485cea50d1cbac27 -> 
  custom:video-codec-MediaFoundation-h265: 746d11721c4dcdbdad8f713fa42b33f4 -> 
  custom:video-decoder-ogg-theora: a1e56fd34408186e4bbccfd4996cb3dc -> 
  custom:framework-win-MediaFoundation: 216162199b28c13a410421893ffa2e32 -> 
  custom:CustomObjectIndexerAttribute: 9a22284fe3817be447336de3de66b15e -> 
  custom:container-demuxer-webm: 4f35f7cbe854078d1ac9338744f61a02 -> 
  custom:container-muxer-webm: aa71ff27fc2769a1b78a27578f13a17b -> 
  custom:video-decoder-webm-vp8: 9c59270c3fd7afecdb556c50c9e8de78 -> 
  custom:SearchIndexIgnoredProperties: e643bd26f0fe6173181afceb89e7c659 -> 
  custom:AudioImporter_EditorPlatform: d09bf68614088b80899f8185d706f6e7 -> 
  custom:video-encoder-webm-vp8: eb34c28f22e8b96e1ab97ce403110664 -> 
  custom:audio-decoder-ogg-vorbis: bf7c407c2cedff20999df2af8eb42d56 -> 
  custom:audio-encoder-webm-vorbis: bf7c407c2cedff20999df2af8eb42d56 -> 
========================================================================
Received Prepare
Refreshing native plugins compatible for Editor in 22.16 ms, found 4 plugins.
Preloading 0 native plugins for Editor in 0.00 ms.
Unloading 1 Unused Serialized files (Serialized files now loaded: 0)
Unloading 1 unused Assets / (3.1 KB). Loaded Objects now: 3749.
Memory consumption went from 71.3 MB to 71.3 MB.
Total: 7.124600 ms (FindLiveObjects: 0.403300 ms CreateObjectMapping: 0.354600 ms MarkObjects: 6.321800 ms  DeleteObjects: 0.040300 ms)

Prepare: number of updated asset objects reloaded= 0
AssetImportParameters requested are different than current active one (requested -> active):
  custom:container-demuxer-ogg: 62fdf1f143b41e24485cea50d1cbac27 -> 
  custom:video-codec-MediaFoundation-h265: 746d11721c4dcdbdad8f713fa42b33f4 -> 
  custom:video-decoder-ogg-theora: a1e56fd34408186e4bbccfd4996cb3dc -> 
  custom:framework-win-MediaFoundation: 216162199b28c13a410421893ffa2e32 -> 
  custom:CustomObjectIndexerAttribute: 9a22284fe3817be447336de3de66b15e -> 
  custom:container-demuxer-webm: 4f35f7cbe854078d1ac9338744f61a02 -> 
  custom:container-muxer-webm: aa71ff27fc2769a1b78a27578f13a17b -> 
  custom:video-decoder-webm-vp8: 9c59270c3fd7afecdb556c50c9e8de78 -> 
  custom:SearchIndexIgnoredProperties: e643bd26f0fe6173181afceb89e7c659 -> 
  custom:AudioImporter_EditorPlatform: d09bf68614088b80899f8185d706f6e7 -> 
  custom:video-encoder-webm-vp8: eb34c28f22e8b96e1ab97ce403110664 -> 
  custom:audio-decoder-ogg-vorbis: bf7c407c2cedff20999df2af8eb42d56 -> 
  custom:audio-encoder-webm-vorbis: bf7c407c2cedff20999df2af8eb42d56 -> 
========================================================================
Received Prepare
Refreshing native plugins compatible for Editor in 19.03 ms, found 4 plugins.
Preloading 0 native plugins for Editor in 0.00 ms.
Unloading 1 Unused Serialized files (Serialized files now loaded: 0)
Unloading 1 unused Assets / (3.1 KB). Loaded Objects now: 3749.
Memory consumption went from 70.9 MB to 70.9 MB.
Total: 4.620900 ms (FindLiveObjects: 0.377900 ms CreateObjectMapping: 0.370100 ms MarkObjects: 3.826200 ms  DeleteObjects: 0.045200 ms)

Prepare: number of updated asset objects reloaded= 0
AssetImportParameters requested are different than current active one (requested -> active):
  custom:container-demuxer-ogg: 62fdf1f143b41e24485cea50d1cbac27 -> 
  custom:video-codec-MediaFoundation-h265: 746d11721c4dcdbdad8f713fa42b33f4 -> 
  custom:video-decoder-ogg-theora: a1e56fd34408186e4bbccfd4996cb3dc -> 
  custom:framework-win-MediaFoundation: 216162199b28c13a410421893ffa2e32 -> 
  custom:CustomObjectIndexerAttribute: 9a22284fe3817be447336de3de66b15e -> 
  custom:container-demuxer-webm: 4f35f7cbe854078d1ac9338744f61a02 -> 
  custom:container-muxer-webm: aa71ff27fc2769a1b78a27578f13a17b -> 
  custom:video-decoder-webm-vp8: 9c59270c3fd7afecdb556c50c9e8de78 -> 
  custom:SearchIndexIgnoredProperties: e643bd26f0fe6173181afceb89e7c659 -> 
  custom:AudioImporter_EditorPlatform: d09bf68614088b80899f8185d706f6e7 -> 
  custom:video-encoder-webm-vp8: eb34c28f22e8b96e1ab97ce403110664 -> 
  custom:audio-decoder-ogg-vorbis: bf7c407c2cedff20999df2af8eb42d56 -> 
  custom:audio-encoder-webm-vorbis: bf7c407c2cedff20999df2af8eb42d56 -> 
========================================================================
Received Prepare
Refreshing native plugins compatible for Editor in 20.54 ms, found 4 plugins.
Preloading 0 native plugins for Editor in 0.00 ms.
Unloading 1 Unused Serialized files (Serialized files now loaded: 0)
Unloading 1 unused Assets / (3.1 KB). Loaded Objects now: 3749.
Memory consumption went from 70.9 MB to 70.9 MB.
Total: 4.663300 ms (FindLiveObjects: 0.394000 ms CreateObjectMapping: 0.333800 ms MarkObjects: 3.895100 ms  DeleteObjects: 0.039000 ms)

Prepare: number of updated asset objects reloaded= 0
AssetImportParameters requested are different than current active one (requested -> active):
  custom:container-demuxer-ogg: 62fdf1f143b41e24485cea50d1cbac27 -> 
  custom:video-codec-MediaFoundation-h265: 746d11721c4dcdbdad8f713fa42b33f4 -> 
  custom:video-decoder-ogg-theora: a1e56fd34408186e4bbccfd4996cb3dc -> 
  custom:framework-win-MediaFoundation: 216162199b28c13a410421893ffa2e32 -> 
  custom:CustomObjectIndexerAttribute: 9a22284fe3817be447336de3de66b15e -> 
  custom:container-demuxer-webm: 4f35f7cbe854078d1ac9338744f61a02 -> 
  custom:container-muxer-webm: aa71ff27fc2769a1b78a27578f13a17b -> 
  custom:video-decoder-webm-vp8: 9c59270c3fd7afecdb556c50c9e8de78 -> 
  custom:SearchIndexIgnoredProperties: e643bd26f0fe6173181afceb89e7c659 -> 
  custom:AudioImporter_EditorPlatform: d09bf68614088b80899f8185d706f6e7 -> 
  custom:video-encoder-webm-vp8: eb34c28f22e8b96e1ab97ce403110664 -> 
  custom:audio-decoder-ogg-vorbis: bf7c407c2cedff20999df2af8eb42d56 -> 
  custom:audio-encoder-webm-vorbis: bf7c407c2cedff20999df2af8eb42d56 -> 
========================================================================
Received Prepare
Refreshing native plugins compatible for Editor in 18.38 ms, found 4 plugins.
Preloading 0 native plugins for Editor in 0.00 ms.
Unloading 1 Unused Serialized files (Serialized files now loaded: 0)
Unloading 1 unused Assets / (3.1 KB). Loaded Objects now: 3749.
Memory consumption went from 70.9 MB to 70.9 MB.
Total: 7.807600 ms (FindLiveObjects: 0.370900 ms CreateObjectMapping: 0.324500 ms MarkObjects: 7.066300 ms  DeleteObjects: 0.044100 ms)

Prepare: number of updated asset objects reloaded= 0
AssetImportParameters requested are different than current active one (requested -> active):
  custom:container-demuxer-ogg: 62fdf1f143b41e24485cea50d1cbac27 -> 
  custom:video-codec-MediaFoundation-h265: 746d11721c4dcdbdad8f713fa42b33f4 -> 
  custom:video-decoder-ogg-theora: a1e56fd34408186e4bbccfd4996cb3dc -> 
  custom:framework-win-MediaFoundation: 216162199b28c13a410421893ffa2e32 -> 
  custom:CustomObjectIndexerAttribute: 9a22284fe3817be447336de3de66b15e -> 
  custom:container-demuxer-webm: 4f35f7cbe854078d1ac9338744f61a02 -> 
  custom:container-muxer-webm: aa71ff27fc2769a1b78a27578f13a17b -> 
  custom:video-decoder-webm-vp8: 9c59270c3fd7afecdb556c50c9e8de78 -> 
  custom:SearchIndexIgnoredProperties: e643bd26f0fe6173181afceb89e7c659 -> 
  custom:AudioImporter_EditorPlatform: d09bf68614088b80899f8185d706f6e7 -> 
  custom:video-encoder-webm-vp8: eb34c28f22e8b96e1ab97ce403110664 -> 
  custom:audio-decoder-ogg-vorbis: bf7c407c2cedff20999df2af8eb42d56 -> 
  custom:audio-encoder-webm-vorbis: bf7c407c2cedff20999df2af8eb42d56 -> 
========================================================================
Received Prepare
Refreshing native plugins compatible for Editor in 22.34 ms, found 4 plugins.
Preloading 0 native plugins for Editor in 0.00 ms.
Unloading 1 Unused Serialized files (Serialized files now loaded: 0)
Unloading 1 unused Assets / (3.1 KB). Loaded Objects now: 3749.
Memory consumption went from 70.9 MB to 70.9 MB.
Total: 5.762400 ms (FindLiveObjects: 0.391300 ms CreateObjectMapping: 0.333600 ms MarkObjects: 5.004900 ms  DeleteObjects: 0.031100 ms)

Prepare: number of updated asset objects reloaded= 0
AssetImportParameters requested are different than current active one (requested -> active):
  custom:container-demuxer-ogg: 62fdf1f143b41e24485cea50d1cbac27 -> 
  custom:video-codec-MediaFoundation-h265: 746d11721c4dcdbdad8f713fa42b33f4 -> 
  custom:video-decoder-ogg-theora: a1e56fd34408186e4bbccfd4996cb3dc -> 
  custom:framework-win-MediaFoundation: 216162199b28c13a410421893ffa2e32 -> 
  custom:CustomObjectIndexerAttribute: 9a22284fe3817be447336de3de66b15e -> 
  custom:container-demuxer-webm: 4f35f7cbe854078d1ac9338744f61a02 -> 
  custom:container-muxer-webm: aa71ff27fc2769a1b78a27578f13a17b -> 
  custom:video-decoder-webm-vp8: 9c59270c3fd7afecdb556c50c9e8de78 -> 
  custom:SearchIndexIgnoredProperties: e643bd26f0fe6173181afceb89e7c659 -> 
  custom:AudioImporter_EditorPlatform: d09bf68614088b80899f8185d706f6e7 -> 
  custom:video-encoder-webm-vp8: eb34c28f22e8b96e1ab97ce403110664 -> 
  custom:audio-decoder-ogg-vorbis: bf7c407c2cedff20999df2af8eb42d56 -> 
  custom:audio-encoder-webm-vorbis: bf7c407c2cedff20999df2af8eb42d56 -> 
========================================================================
Received Prepare
Refreshing native plugins compatible for Editor in 19.24 ms, found 4 plugins.
Preloading 0 native plugins for Editor in 0.00 ms.
Unloading 1 Unused Serialized files (Serialized files now loaded: 0)
Unloading 1 unused Assets / (3.1 KB). Loaded Objects now: 3749.
Memory consumption went from 70.9 MB to 70.9 MB.
Total: 5.136800 ms (FindLiveObjects: 0.360700 ms CreateObjectMapping: 0.321000 ms MarkObjects: 4.419400 ms  DeleteObjects: 0.034200 ms)

Prepare: number of updated asset objects reloaded= 0
AssetImportParameters requested are different than current active one (requested -> active):
  custom:container-demuxer-ogg: 62fdf1f143b41e24485cea50d1cbac27 -> 
  custom:video-codec-MediaFoundation-h265: 746d11721c4dcdbdad8f713fa42b33f4 -> 
  custom:video-decoder-ogg-theora: a1e56fd34408186e4bbccfd4996cb3dc -> 
  custom:framework-win-MediaFoundation: 216162199b28c13a410421893ffa2e32 -> 
  custom:CustomObjectIndexerAttribute: 9a22284fe3817be447336de3de66b15e -> 
  custom:container-demuxer-webm: 4f35f7cbe854078d1ac9338744f61a02 -> 
  custom:container-muxer-webm: aa71ff27fc2769a1b78a27578f13a17b -> 
  custom:video-decoder-webm-vp8: 9c59270c3fd7afecdb556c50c9e8de78 -> 
  custom:SearchIndexIgnoredProperties: e643bd26f0fe6173181afceb89e7c659 -> 
  custom:AudioImporter_EditorPlatform: d09bf68614088b80899f8185d706f6e7 -> 
  custom:video-encoder-webm-vp8: eb34c28f22e8b96e1ab97ce403110664 -> 
  custom:audio-decoder-ogg-vorbis: bf7c407c2cedff20999df2af8eb42d56 -> 
  custom:audio-encoder-webm-vorbis: bf7c407c2cedff20999df2af8eb42d56 -> 
========================================================================
Received Prepare
Caller must complete domain reload
Begin MonoManager ReloadAssembly
- Loaded All Assemblies, in  0.919 seconds
Native extension for WindowsStandalone target not found
Native extension for WebGL target not found
Mono: successfully reloaded assembly
- Finished resetting the current domain, in  2.022 seconds
Domain Reload Profiling: 2928ms
	BeginReloadAssembly (285ms)
		ExecutionOrderSort (0ms)
		DisableScriptedObjects (14ms)
		BackupInstance (0ms)
		ReleaseScriptingObjects (0ms)
		CreateAndSetChildDomain (54ms)
	RebuildCommonClasses (71ms)
	RebuildNativeTypeToScriptingClass (25ms)
	initialDomainReloadingComplete (70ms)
	LoadAllAssembliesAndSetupDomain (454ms)
		LoadAssemblies (592ms)
		RebuildTransferFunctionScriptingTraits (0ms)
		AnalyzeDomain (25ms)
			TypeCache.Refresh (10ms)
				TypeCache.ScanAssembly (0ms)
			ScanForSourceGeneratedMonoScriptInfo (0ms)
			ResolveRequiredComponents (11ms)
	FinalizeReload (2023ms)
		ReleaseScriptCaches (0ms)
		RebuildScriptCaches (0ms)
		SetupLoadedEditorAssemblies (851ms)
			LogAssemblyErrors (0ms)
			InitializePlatformSupportModulesInManaged (17ms)
			SetLoadedEditorAssemblies (8ms)
			RefreshPlugins (0ms)
			BeforeProcessingInitializeOnLoad (146ms)
			ProcessInitializeOnLoadAttributes (606ms)
			ProcessInitializeOnLoadMethodAttributes (47ms)
			AfterProcessingInitializeOnLoad (26ms)
			EditorAssembliesLoaded (0ms)
		ExecutionOrderSort2 (0ms)
		AwakeInstancesAfterBackupRestoration (18ms)
Refreshing native plugins compatible for Editor in 18.94 ms, found 4 plugins.
Preloading 0 native plugins for Editor in 0.00 ms.
Unloading 3252 Unused Serialized files (Serialized files now loaded: 0)
Unloading 16 unused Assets / (28.5 KB). Loaded Objects now: 3752.
Memory consumption went from 121.7 MB to 121.6 MB.
Total: 7.884900 ms (FindLiveObjects: 0.381200 ms CreateObjectMapping: 0.390600 ms MarkObjects: 7.007500 ms  DeleteObjects: 0.103800 ms)

Prepare: number of updated asset objects reloaded= 0
AssetImportParameters requested are different than current active one (requested -> active):
  custom:container-demuxer-ogg: 62fdf1f143b41e24485cea50d1cbac27 -> 
  custom:video-codec-MediaFoundation-h265: 746d11721c4dcdbdad8f713fa42b33f4 -> 
  custom:video-decoder-ogg-theora: a1e56fd34408186e4bbccfd4996cb3dc -> 
  custom:framework-win-MediaFoundation: 216162199b28c13a410421893ffa2e32 -> 
  custom:CustomObjectIndexerAttribute: 9a22284fe3817be447336de3de66b15e -> 
  custom:container-demuxer-webm: 4f35f7cbe854078d1ac9338744f61a02 -> 
  custom:container-muxer-webm: aa71ff27fc2769a1b78a27578f13a17b -> 
  custom:video-decoder-webm-vp8: 9c59270c3fd7afecdb556c50c9e8de78 -> 
  custom:SearchIndexIgnoredProperties: e643bd26f0fe6173181afceb89e7c659 -> 
  custom:AudioImporter_EditorPlatform: d09bf68614088b80899f8185d706f6e7 -> 
  custom:video-encoder-webm-vp8: eb34c28f22e8b96e1ab97ce403110664 -> 
  custom:audio-decoder-ogg-vorbis: bf7c407c2cedff20999df2af8eb42d56 -> 
  custom:audio-encoder-webm-vorbis: bf7c407c2cedff20999df2af8eb42d56 -> 
========================================================================
Received Prepare
Caller must complete domain reload
Begin MonoManager ReloadAssembly
- Loaded All Assemblies, in  0.916 seconds
Native extension for WindowsStandalone target not found
Native extension for WebGL target not found
Mono: successfully reloaded assembly
- Finished resetting the current domain, in  2.101 seconds
Domain Reload Profiling: 3005ms
	BeginReloadAssembly (291ms)
		ExecutionOrderSort (0ms)
		DisableScriptedObjects (10ms)
		BackupInstance (0ms)
		ReleaseScriptingObjects (0ms)
		CreateAndSetChildDomain (59ms)
	RebuildCommonClasses (65ms)
	RebuildNativeTypeToScriptingClass (28ms)
	initialDomainReloadingComplete (70ms)
	LoadAllAssembliesAndSetupDomain (450ms)
		LoadAssemblies (588ms)
		RebuildTransferFunctionScriptingTraits (0ms)
		AnalyzeDomain (27ms)
			TypeCache.Refresh (10ms)
				TypeCache.ScanAssembly (0ms)
			ScanForSourceGeneratedMonoScriptInfo (0ms)
			ResolveRequiredComponents (12ms)
	FinalizeReload (2102ms)
		ReleaseScriptCaches (0ms)
		RebuildScriptCaches (0ms)
		SetupLoadedEditorAssemblies (912ms)
			LogAssemblyErrors (0ms)
			InitializePlatformSupportModulesInManaged (18ms)
			SetLoadedEditorAssemblies (9ms)
			RefreshPlugins (0ms)
			BeforeProcessingInitializeOnLoad (148ms)
			ProcessInitializeOnLoadAttributes (651ms)
			ProcessInitializeOnLoadMethodAttributes (58ms)
			AfterProcessingInitializeOnLoad (29ms)
			EditorAssembliesLoaded (0ms)
		ExecutionOrderSort2 (0ms)
		AwakeInstancesAfterBackupRestoration (19ms)
Refreshing native plugins compatible for Editor in 22.12 ms, found 4 plugins.
Preloading 0 native plugins for Editor in 0.00 ms.
Unloading 3252 Unused Serialized files (Serialized files now loaded: 0)
Unloading 16 unused Assets / (28.5 KB). Loaded Objects now: 3755.
Memory consumption went from 121.7 MB to 121.6 MB.
Total: 7.253600 ms (FindLiveObjects: 0.486700 ms CreateObjectMapping: 0.491500 ms MarkObjects: 6.208200 ms  DeleteObjects: 0.065500 ms)

Prepare: number of updated asset objects reloaded= 0
AssetImportParameters requested are different than current active one (requested -> active):
  custom:container-demuxer-ogg: 62fdf1f143b41e24485cea50d1cbac27 -> 
  custom:video-codec-MediaFoundation-h265: 746d11721c4dcdbdad8f713fa42b33f4 -> 
  custom:video-decoder-ogg-theora: a1e56fd34408186e4bbccfd4996cb3dc -> 
  custom:framework-win-MediaFoundation: 216162199b28c13a410421893ffa2e32 -> 
  custom:CustomObjectIndexerAttribute: 9a22284fe3817be447336de3de66b15e -> 
  custom:container-demuxer-webm: 4f35f7cbe854078d1ac9338744f61a02 -> 
  custom:container-muxer-webm: aa71ff27fc2769a1b78a27578f13a17b -> 
  custom:video-decoder-webm-vp8: 9c59270c3fd7afecdb556c50c9e8de78 -> 
  custom:SearchIndexIgnoredProperties: e643bd26f0fe6173181afceb89e7c659 -> 
  custom:AudioImporter_EditorPlatform: d09bf68614088b80899f8185d706f6e7 -> 
  custom:video-encoder-webm-vp8: eb34c28f22e8b96e1ab97ce403110664 -> 
  custom:audio-decoder-ogg-vorbis: bf7c407c2cedff20999df2af8eb42d56 -> 
  custom:audio-encoder-webm-vorbis: bf7c407c2cedff20999df2af8eb42d56 -> 
========================================================================
Received Prepare
Caller must complete domain reload
Begin MonoManager ReloadAssembly
- Loaded All Assemblies, in  0.969 seconds
Native extension for WindowsStandalone target not found
Native extension for WebGL target not found
Mono: successfully reloaded assembly
- Finished resetting the current domain, in  2.068 seconds
Domain Reload Profiling: 3023ms
	BeginReloadAssembly (313ms)
		ExecutionOrderSort (0ms)
		DisableScriptedObjects (11ms)
		BackupInstance (0ms)
		ReleaseScriptingObjects (0ms)
		CreateAndSetChildDomain (59ms)
	RebuildCommonClasses (66ms)
	RebuildNativeTypeToScriptingClass (24ms)
	initialDomainReloadingComplete (74ms)
	LoadAllAssembliesAndSetupDomain (477ms)
		LoadAssemblies (630ms)
		RebuildTransferFunctionScriptingTraits (0ms)
		AnalyzeDomain (28ms)
			TypeCache.Refresh (12ms)
				TypeCache.ScanAssembly (0ms)
			ScanForSourceGeneratedMonoScriptInfo (1ms)
			ResolveRequiredComponents (11ms)
	FinalizeReload (2069ms)
		ReleaseScriptCaches (0ms)
		RebuildScriptCaches (0ms)
		SetupLoadedEditorAssemblies (851ms)
			LogAssemblyErrors (0ms)
			InitializePlatformSupportModulesInManaged (18ms)
			SetLoadedEditorAssemblies (8ms)
			RefreshPlugins (0ms)
			BeforeProcessingInitializeOnLoad (146ms)
			ProcessInitializeOnLoadAttributes (597ms)
			ProcessInitializeOnLoadMethodAttributes (51ms)
			AfterProcessingInitializeOnLoad (31ms)
			EditorAssembliesLoaded (0ms)
		ExecutionOrderSort2 (0ms)
		AwakeInstancesAfterBackupRestoration (18ms)
Refreshing native plugins compatible for Editor in 22.50 ms, found 4 plugins.
Preloading 0 native plugins for Editor in 0.00 ms.
Unloading 3252 Unused Serialized files (Serialized files now loaded: 0)
Unloading 16 unused Assets / (28.6 KB). Loaded Objects now: 3758.
Memory consumption went from 121.7 MB to 121.6 MB.
Total: 6.871400 ms (FindLiveObjects: 0.490400 ms CreateObjectMapping: 0.551600 ms MarkObjects: 5.737600 ms  DeleteObjects: 0.089800 ms)

Prepare: number of updated asset objects reloaded= 0
AssetImportParameters requested are different than current active one (requested -> active):
  custom:container-demuxer-ogg: 62fdf1f143b41e24485cea50d1cbac27 -> 
  custom:video-codec-MediaFoundation-h265: 746d11721c4dcdbdad8f713fa42b33f4 -> 
  custom:video-decoder-ogg-theora: a1e56fd34408186e4bbccfd4996cb3dc -> 
  custom:framework-win-MediaFoundation: 216162199b28c13a410421893ffa2e32 -> 
  custom:CustomObjectIndexerAttribute: 9a22284fe3817be447336de3de66b15e -> 
  custom:container-demuxer-webm: 4f35f7cbe854078d1ac9338744f61a02 -> 
  custom:container-muxer-webm: aa71ff27fc2769a1b78a27578f13a17b -> 
  custom:video-decoder-webm-vp8: 9c59270c3fd7afecdb556c50c9e8de78 -> 
  custom:SearchIndexIgnoredProperties: e643bd26f0fe6173181afceb89e7c659 -> 
  custom:AudioImporter_EditorPlatform: d09bf68614088b80899f8185d706f6e7 -> 
  custom:video-encoder-webm-vp8: eb34c28f22e8b96e1ab97ce403110664 -> 
  custom:audio-decoder-ogg-vorbis: bf7c407c2cedff20999df2af8eb42d56 -> 
  custom:audio-encoder-webm-vorbis: bf7c407c2cedff20999df2af8eb42d56 -> 
========================================================================
Received Prepare
Caller must complete domain reload
Begin MonoManager ReloadAssembly
- Loaded All Assemblies, in  0.925 seconds
Native extension for WindowsStandalone target not found
Native extension for WebGL target not found
Mono: successfully reloaded assembly
- Finished resetting the current domain, in  1.997 seconds
Domain Reload Profiling: 2907ms
	BeginReloadAssembly (288ms)
		ExecutionOrderSort (0ms)
		DisableScriptedObjects (11ms)
		BackupInstance (0ms)
		ReleaseScriptingObjects (0ms)
		CreateAndSetChildDomain (54ms)
	RebuildCommonClasses (70ms)
	RebuildNativeTypeToScriptingClass (24ms)
	initialDomainReloadingComplete (67ms)
	LoadAllAssembliesAndSetupDomain (459ms)
		LoadAssemblies (599ms)
		RebuildTransferFunctionScriptingTraits (0ms)
		AnalyzeDomain (25ms)
			TypeCache.Refresh (10ms)
				TypeCache.ScanAssembly (0ms)
			ScanForSourceGeneratedMonoScriptInfo (0ms)
			ResolveRequiredComponents (11ms)
	FinalizeReload (1998ms)
		ReleaseScriptCaches (0ms)
		RebuildScriptCaches (0ms)
		SetupLoadedEditorAssemblies (888ms)
			LogAssemblyErrors (0ms)
			InitializePlatformSupportModulesInManaged (20ms)
			SetLoadedEditorAssemblies (9ms)
			RefreshPlugins (0ms)
			BeforeProcessingInitializeOnLoad (156ms)
			ProcessInitializeOnLoadAttributes (627ms)
			ProcessInitializeOnLoadMethodAttributes (48ms)
			AfterProcessingInitializeOnLoad (28ms)
			EditorAssembliesLoaded (0ms)
		ExecutionOrderSort2 (0ms)
		AwakeInstancesAfterBackupRestoration (19ms)
Refreshing native plugins compatible for Editor in 21.06 ms, found 4 plugins.
Preloading 0 native plugins for Editor in 0.00 ms.
Unloading 3252 Unused Serialized files (Serialized files now loaded: 0)
Unloading 16 unused Assets / (28.5 KB). Loaded Objects now: 3761.
Memory consumption went from 121.7 MB to 121.6 MB.
Total: 4.835900 ms (FindLiveObjects: 0.459300 ms CreateObjectMapping: 0.438400 ms MarkObjects: 3.855200 ms  DeleteObjects: 0.081200 ms)

Prepare: number of updated asset objects reloaded= 0
AssetImportParameters requested are different than current active one (requested -> active):
  custom:container-demuxer-ogg: 62fdf1f143b41e24485cea50d1cbac27 -> 
  custom:video-codec-MediaFoundation-h265: 746d11721c4dcdbdad8f713fa42b33f4 -> 
  custom:video-decoder-ogg-theora: a1e56fd34408186e4bbccfd4996cb3dc -> 
  custom:framework-win-MediaFoundation: 216162199b28c13a410421893ffa2e32 -> 
  custom:CustomObjectIndexerAttribute: 9a22284fe3817be447336de3de66b15e -> 
  custom:container-demuxer-webm: 4f35f7cbe854078d1ac9338744f61a02 -> 
  custom:container-muxer-webm: aa71ff27fc2769a1b78a27578f13a17b -> 
  custom:video-decoder-webm-vp8: 9c59270c3fd7afecdb556c50c9e8de78 -> 
  custom:SearchIndexIgnoredProperties: e643bd26f0fe6173181afceb89e7c659 -> 
  custom:AudioImporter_EditorPlatform: d09bf68614088b80899f8185d706f6e7 -> 
  custom:video-encoder-webm-vp8: eb34c28f22e8b96e1ab97ce403110664 -> 
  custom:audio-decoder-ogg-vorbis: bf7c407c2cedff20999df2af8eb42d56 -> 
  custom:audio-encoder-webm-vorbis: bf7c407c2cedff20999df2af8eb42d56 -> 
========================================================================
Received Prepare
Caller must complete domain reload
Begin MonoManager ReloadAssembly
- Loaded All Assemblies, in  0.953 seconds
Native extension for WindowsStandalone target not found
Native extension for WebGL target not found
Mono: successfully reloaded assembly
- Finished resetting the current domain, in  2.052 seconds
Domain Reload Profiling: 2994ms
	BeginReloadAssembly (301ms)
		ExecutionOrderSort (0ms)
		DisableScriptedObjects (10ms)
		BackupInstance (0ms)
		ReleaseScriptingObjects (0ms)
		CreateAndSetChildDomain (55ms)
	RebuildCommonClasses (76ms)
	RebuildNativeTypeToScriptingClass (28ms)
	initialDomainReloadingComplete (71ms)
	LoadAllAssembliesAndSetupDomain (465ms)
		LoadAssemblies (615ms)
		RebuildTransferFunctionScriptingTraits (0ms)
		AnalyzeDomain (27ms)
			TypeCache.Refresh (10ms)
				TypeCache.ScanAssembly (0ms)
			ScanForSourceGeneratedMonoScriptInfo (0ms)
			ResolveRequiredComponents (13ms)
	FinalizeReload (2054ms)
		ReleaseScriptCaches (0ms)
		RebuildScriptCaches (0ms)
		SetupLoadedEditorAssemblies (873ms)
			LogAssemblyErrors (0ms)
			InitializePlatformSupportModulesInManaged (18ms)
			SetLoadedEditorAssemblies (9ms)
			RefreshPlugins (0ms)
			BeforeProcessingInitializeOnLoad (153ms)
			ProcessInitializeOnLoadAttributes (608ms)
			ProcessInitializeOnLoadMethodAttributes (57ms)
			AfterProcessingInitializeOnLoad (27ms)
			EditorAssembliesLoaded (0ms)
		ExecutionOrderSort2 (0ms)
		AwakeInstancesAfterBackupRestoration (22ms)
Refreshing native plugins compatible for Editor in 23.88 ms, found 4 plugins.
Preloading 0 native plugins for Editor in 0.00 ms.
Unloading 3252 Unused Serialized files (Serialized files now loaded: 0)
Unloading 16 unused Assets / (28.5 KB). Loaded Objects now: 3764.
Memory consumption went from 121.7 MB to 121.6 MB.
Total: 7.952200 ms (FindLiveObjects: 0.387800 ms CreateObjectMapping: 0.358700 ms MarkObjects: 7.113900 ms  DeleteObjects: 0.090000 ms)

Prepare: number of updated asset objects reloaded= 0
AssetImportParameters requested are different than current active one (requested -> active):
  custom:container-demuxer-ogg: 62fdf1f143b41e24485cea50d1cbac27 -> 
  custom:video-codec-MediaFoundation-h265: 746d11721c4dcdbdad8f713fa42b33f4 -> 
  custom:video-decoder-ogg-theora: a1e56fd34408186e4bbccfd4996cb3dc -> 
  custom:framework-win-MediaFoundation: 216162199b28c13a410421893ffa2e32 -> 
  custom:CustomObjectIndexerAttribute: 9a22284fe3817be447336de3de66b15e -> 
  custom:container-demuxer-webm: 4f35f7cbe854078d1ac9338744f61a02 -> 
  custom:container-muxer-webm: aa71ff27fc2769a1b78a27578f13a17b -> 
  custom:video-decoder-webm-vp8: 9c59270c3fd7afecdb556c50c9e8de78 -> 
  custom:SearchIndexIgnoredProperties: e643bd26f0fe6173181afceb89e7c659 -> 
  custom:AudioImporter_EditorPlatform: d09bf68614088b80899f8185d706f6e7 -> 
  custom:video-encoder-webm-vp8: eb34c28f22e8b96e1ab97ce403110664 -> 
  custom:audio-decoder-ogg-vorbis: bf7c407c2cedff20999df2af8eb42d56 -> 
  custom:audio-encoder-webm-vorbis: bf7c407c2cedff20999df2af8eb42d56 -> 
========================================================================
Received Prepare
Caller must complete domain reload
Begin MonoManager ReloadAssembly
- Loaded All Assemblies, in  1.306 seconds
Native extension for WindowsStandalone target not found
Native extension for WebGL target not found
Mono: successfully reloaded assembly
- Finished resetting the current domain, in  2.565 seconds
Domain Reload Profiling: 3856ms
	BeginReloadAssembly (415ms)
		ExecutionOrderSort (0ms)
		DisableScriptedObjects (15ms)
		BackupInstance (0ms)
		ReleaseScriptingObjects (0ms)
		CreateAndSetChildDomain (96ms)
	RebuildCommonClasses (88ms)
	RebuildNativeTypeToScriptingClass (24ms)
	initialDomainReloadingComplete (82ms)
	LoadAllAssembliesAndSetupDomain (681ms)
		LoadAssemblies (876ms)
		RebuildTransferFunctionScriptingTraits (0ms)
		AnalyzeDomain (35ms)
			TypeCache.Refresh (13ms)
				TypeCache.ScanAssembly (0ms)
			ScanForSourceGeneratedMonoScriptInfo (0ms)
			ResolveRequiredComponents (19ms)
	FinalizeReload (2566ms)
		ReleaseScriptCaches (0ms)
		RebuildScriptCaches (0ms)
		SetupLoadedEditorAssemblies (984ms)
			LogAssemblyErrors (0ms)
			InitializePlatformSupportModulesInManaged (21ms)
			SetLoadedEditorAssemblies (10ms)
			RefreshPlugins (0ms)
			BeforeProcessingInitializeOnLoad (169ms)
			ProcessInitializeOnLoadAttributes (694ms)
			ProcessInitializeOnLoadMethodAttributes (58ms)
			AfterProcessingInitializeOnLoad (32ms)
			EditorAssembliesLoaded (0ms)
		ExecutionOrderSort2 (0ms)
		AwakeInstancesAfterBackupRestoration (19ms)
Refreshing native plugins compatible for Editor in 23.26 ms, found 4 plugins.
Preloading 0 native plugins for Editor in 0.00 ms.
Unloading 3252 Unused Serialized files (Serialized files now loaded: 0)
Unloading 16 unused Assets / (28.5 KB). Loaded Objects now: 3767.
Memory consumption went from 121.7 MB to 121.6 MB.
Total: 7.090800 ms (FindLiveObjects: 0.448600 ms CreateObjectMapping: 0.401300 ms MarkObjects: 6.159300 ms  DeleteObjects: 0.079400 ms)

Prepare: number of updated asset objects reloaded= 0
AssetImportParameters requested are different than current active one (requested -> active):
  custom:container-demuxer-ogg: 62fdf1f143b41e24485cea50d1cbac27 -> 
  custom:video-codec-MediaFoundation-h265: 746d11721c4dcdbdad8f713fa42b33f4 -> 
  custom:video-decoder-ogg-theora: a1e56fd34408186e4bbccfd4996cb3dc -> 
  custom:framework-win-MediaFoundation: 216162199b28c13a410421893ffa2e32 -> 
  custom:CustomObjectIndexerAttribute: 9a22284fe3817be447336de3de66b15e -> 
  custom:container-demuxer-webm: 4f35f7cbe854078d1ac9338744f61a02 -> 
  custom:container-muxer-webm: aa71ff27fc2769a1b78a27578f13a17b -> 
  custom:video-decoder-webm-vp8: 9c59270c3fd7afecdb556c50c9e8de78 -> 
  custom:SearchIndexIgnoredProperties: e643bd26f0fe6173181afceb89e7c659 -> 
  custom:AudioImporter_EditorPlatform: d09bf68614088b80899f8185d706f6e7 -> 
  custom:video-encoder-webm-vp8: eb34c28f22e8b96e1ab97ce403110664 -> 
  custom:audio-decoder-ogg-vorbis: bf7c407c2cedff20999df2af8eb42d56 -> 
  custom:audio-encoder-webm-vorbis: bf7c407c2cedff20999df2af8eb42d56 -> 
========================================================================
Received Import Request.
  Time since last request: 3786.254482 seconds.
  path: Assets/ABRes/Prefabs/UI/GameMatch1V1Panel.prefab
  artifactKey: Guid(c29957e7fb31d4e40805f650bb59faed) Importer(815301076,1909f56bfc062723c751e8b465ee728b)
Start importing Assets/ABRes/Prefabs/UI/GameMatch1V1Panel.prefab using Guid(c29957e7fb31d4e40805f650bb59faed) Importer(815301076,1909f56bfc062723c751e8b465ee728b) [PhysX] Initialized MultithreadedTaskDispatcher with 12 workers.
 -> (artifact id: '77d89e2f0c4a6f46f1bdb0f52794c535') in 0.785507 seconds
Number of updated asset objects reloaded before import = 0
Number of asset objects unloaded after import = 231
========================================================================
Received Prepare
Caller must complete domain reload
Begin MonoManager ReloadAssembly
- Loaded All Assemblies, in  0.956 seconds
Native extension for WindowsStandalone target not found
Native extension for WebGL target not found
Mono: successfully reloaded assembly
- Finished resetting the current domain, in  1.960 seconds
Domain Reload Profiling: 2900ms
	BeginReloadAssembly (298ms)
		ExecutionOrderSort (0ms)
		DisableScriptedObjects (10ms)
		BackupInstance (0ms)
		ReleaseScriptingObjects (0ms)
		CreateAndSetChildDomain (57ms)
	RebuildCommonClasses (72ms)
	RebuildNativeTypeToScriptingClass (26ms)
	initialDomainReloadingComplete (82ms)
	LoadAllAssembliesAndSetupDomain (461ms)
		LoadAssemblies (608ms)
		RebuildTransferFunctionScriptingTraits (0ms)
		AnalyzeDomain (25ms)
			TypeCache.Refresh (9ms)
				TypeCache.ScanAssembly (0ms)
			ScanForSourceGeneratedMonoScriptInfo (0ms)
			ResolveRequiredComponents (11ms)
	FinalizeReload (1961ms)
		ReleaseScriptCaches (0ms)
		RebuildScriptCaches (0ms)
		SetupLoadedEditorAssemblies (828ms)
			LogAssemblyErrors (0ms)
			InitializePlatformSupportModulesInManaged (16ms)
			SetLoadedEditorAssemblies (7ms)
			RefreshPlugins (0ms)
			BeforeProcessingInitializeOnLoad (128ms)
			ProcessInitializeOnLoadAttributes (604ms)
			ProcessInitializeOnLoadMethodAttributes (45ms)
			AfterProcessingInitializeOnLoad (27ms)
			EditorAssembliesLoaded (0ms)
		ExecutionOrderSort2 (0ms)
		AwakeInstancesAfterBackupRestoration (18ms)
Refreshing native plugins compatible for Editor in 22.46 ms, found 4 plugins.
Preloading 0 native plugins for Editor in 0.00 ms.
Unloading 3251 Unused Serialized files (Serialized files now loaded: 0)
Unloading 18 unused Assets / (29.3 KB). Loaded Objects now: 3770.
Memory consumption went from 121.4 MB to 121.4 MB.
Total: 5.685300 ms (FindLiveObjects: 0.360100 ms CreateObjectMapping: 0.337500 ms MarkObjects: 4.915900 ms  DeleteObjects: 0.070100 ms)

Prepare: number of updated asset objects reloaded= 0
AssetImportParameters requested are different than current active one (requested -> active):
  custom:container-demuxer-ogg: 62fdf1f143b41e24485cea50d1cbac27 -> 
  custom:video-codec-MediaFoundation-h265: 746d11721c4dcdbdad8f713fa42b33f4 -> 
  custom:video-decoder-ogg-theora: a1e56fd34408186e4bbccfd4996cb3dc -> 
  custom:framework-win-MediaFoundation: 216162199b28c13a410421893ffa2e32 -> 
  custom:CustomObjectIndexerAttribute: 9a22284fe3817be447336de3de66b15e -> 
  custom:container-demuxer-webm: 4f35f7cbe854078d1ac9338744f61a02 -> 
  custom:container-muxer-webm: aa71ff27fc2769a1b78a27578f13a17b -> 
  custom:video-decoder-webm-vp8: 9c59270c3fd7afecdb556c50c9e8de78 -> 
  custom:SearchIndexIgnoredProperties: e643bd26f0fe6173181afceb89e7c659 -> 
  custom:AudioImporter_EditorPlatform: d09bf68614088b80899f8185d706f6e7 -> 
  custom:video-encoder-webm-vp8: eb34c28f22e8b96e1ab97ce403110664 -> 
  custom:audio-decoder-ogg-vorbis: bf7c407c2cedff20999df2af8eb42d56 -> 
  custom:audio-encoder-webm-vorbis: bf7c407c2cedff20999df2af8eb42d56 -> 
========================================================================
Received Prepare
Caller must complete domain reload
Begin MonoManager ReloadAssembly
- Loaded All Assemblies, in  0.973 seconds
Native extension for WindowsStandalone target not found
Native extension for WebGL target not found
Mono: successfully reloaded assembly
- Finished resetting the current domain, in  2.066 seconds
Domain Reload Profiling: 3026ms
	BeginReloadAssembly (321ms)
		ExecutionOrderSort (0ms)
		DisableScriptedObjects (11ms)
		BackupInstance (0ms)
		ReleaseScriptingObjects (0ms)
		CreateAndSetChildDomain (54ms)
	RebuildCommonClasses (70ms)
	RebuildNativeTypeToScriptingClass (21ms)
	initialDomainReloadingComplete (71ms)
	LoadAllAssembliesAndSetupDomain (477ms)
		LoadAssemblies (637ms)
		RebuildTransferFunctionScriptingTraits (0ms)
		AnalyzeDomain (31ms)
			TypeCache.Refresh (11ms)
				TypeCache.ScanAssembly (0ms)
			ScanForSourceGeneratedMonoScriptInfo (0ms)
			ResolveRequiredComponents (15ms)
	FinalizeReload (2067ms)
		ReleaseScriptCaches (0ms)
		RebuildScriptCaches (0ms)
		SetupLoadedEditorAssemblies (854ms)
			LogAssemblyErrors (0ms)
			InitializePlatformSupportModulesInManaged (19ms)
			SetLoadedEditorAssemblies (7ms)
			RefreshPlugins (0ms)
			BeforeProcessingInitializeOnLoad (155ms)
			ProcessInitializeOnLoadAttributes (597ms)
			ProcessInitializeOnLoadMethodAttributes (49ms)
			AfterProcessingInitializeOnLoad (26ms)
			EditorAssembliesLoaded (0ms)
		ExecutionOrderSort2 (0ms)
		AwakeInstancesAfterBackupRestoration (18ms)
Refreshing native plugins compatible for Editor in 21.28 ms, found 4 plugins.
Preloading 0 native plugins for Editor in 0.00 ms.
Unloading 3252 Unused Serialized files (Serialized files now loaded: 0)
Unloading 16 unused Assets / (28.5 KB). Loaded Objects now: 3773.
Memory consumption went from 121.7 MB to 121.7 MB.
Total: 5.247400 ms (FindLiveObjects: 0.422200 ms CreateObjectMapping: 0.404600 ms MarkObjects: 4.354500 ms  DeleteObjects: 0.064500 ms)

Prepare: number of updated asset objects reloaded= 0
AssetImportParameters requested are different than current active one (requested -> active):
  custom:container-demuxer-ogg: 62fdf1f143b41e24485cea50d1cbac27 -> 
  custom:video-codec-MediaFoundation-h265: 746d11721c4dcdbdad8f713fa42b33f4 -> 
  custom:video-decoder-ogg-theora: a1e56fd34408186e4bbccfd4996cb3dc -> 
  custom:framework-win-MediaFoundation: 216162199b28c13a410421893ffa2e32 -> 
  custom:CustomObjectIndexerAttribute: 9a22284fe3817be447336de3de66b15e -> 
  custom:container-demuxer-webm: 4f35f7cbe854078d1ac9338744f61a02 -> 
  custom:container-muxer-webm: aa71ff27fc2769a1b78a27578f13a17b -> 
  custom:video-decoder-webm-vp8: 9c59270c3fd7afecdb556c50c9e8de78 -> 
  custom:SearchIndexIgnoredProperties: e643bd26f0fe6173181afceb89e7c659 -> 
  custom:AudioImporter_EditorPlatform: d09bf68614088b80899f8185d706f6e7 -> 
  custom:video-encoder-webm-vp8: eb34c28f22e8b96e1ab97ce403110664 -> 
  custom:audio-decoder-ogg-vorbis: bf7c407c2cedff20999df2af8eb42d56 -> 
  custom:audio-encoder-webm-vorbis: bf7c407c2cedff20999df2af8eb42d56 -> 
========================================================================
Received Prepare
Caller must complete domain reload
Begin MonoManager ReloadAssembly
- Loaded All Assemblies, in  0.941 seconds
Native extension for WindowsStandalone target not found
Native extension for WebGL target not found
Mono: successfully reloaded assembly
- Finished resetting the current domain, in  1.987 seconds
Domain Reload Profiling: 2915ms
	BeginReloadAssembly (308ms)
		ExecutionOrderSort (0ms)
		DisableScriptedObjects (10ms)
		BackupInstance (0ms)
		ReleaseScriptingObjects (0ms)
		CreateAndSetChildDomain (53ms)
	RebuildCommonClasses (70ms)
	RebuildNativeTypeToScriptingClass (22ms)
	initialDomainReloadingComplete (70ms)
	LoadAllAssembliesAndSetupDomain (458ms)
		LoadAssemblies (616ms)
		RebuildTransferFunctionScriptingTraits (0ms)
		AnalyzeDomain (25ms)
			TypeCache.Refresh (9ms)
				TypeCache.ScanAssembly (0ms)
			ScanForSourceGeneratedMonoScriptInfo (0ms)
			ResolveRequiredComponents (11ms)
	FinalizeReload (1988ms)
		ReleaseScriptCaches (0ms)
		RebuildScriptCaches (0ms)
		SetupLoadedEditorAssemblies (843ms)
			LogAssemblyErrors (0ms)
			InitializePlatformSupportModulesInManaged (20ms)
			SetLoadedEditorAssemblies (9ms)
			RefreshPlugins (0ms)
			BeforeProcessingInitializeOnLoad (142ms)
			ProcessInitializeOnLoadAttributes (598ms)
			ProcessInitializeOnLoadMethodAttributes (48ms)
			AfterProcessingInitializeOnLoad (25ms)
			EditorAssembliesLoaded (0ms)
		ExecutionOrderSort2 (0ms)
		AwakeInstancesAfterBackupRestoration (20ms)
Refreshing native plugins compatible for Editor in 19.35 ms, found 4 plugins.
Preloading 0 native plugins for Editor in 0.00 ms.
Unloading 3252 Unused Serialized files (Serialized files now loaded: 0)
Unloading 16 unused Assets / (28.5 KB). Loaded Objects now: 3776.
Memory consumption went from 121.7 MB to 121.7 MB.
Total: 4.821900 ms (FindLiveObjects: 0.362900 ms CreateObjectMapping: 0.331100 ms MarkObjects: 3.952200 ms  DeleteObjects: 0.173700 ms)

Prepare: number of updated asset objects reloaded= 0
AssetImportParameters requested are different than current active one (requested -> active):
  custom:container-demuxer-ogg: 62fdf1f143b41e24485cea50d1cbac27 -> 
  custom:video-codec-MediaFoundation-h265: 746d11721c4dcdbdad8f713fa42b33f4 -> 
  custom:video-decoder-ogg-theora: a1e56fd34408186e4bbccfd4996cb3dc -> 
  custom:framework-win-MediaFoundation: 216162199b28c13a410421893ffa2e32 -> 
  custom:CustomObjectIndexerAttribute: 9a22284fe3817be447336de3de66b15e -> 
  custom:container-demuxer-webm: 4f35f7cbe854078d1ac9338744f61a02 -> 
  custom:container-muxer-webm: aa71ff27fc2769a1b78a27578f13a17b -> 
  custom:video-decoder-webm-vp8: 9c59270c3fd7afecdb556c50c9e8de78 -> 
  custom:SearchIndexIgnoredProperties: e643bd26f0fe6173181afceb89e7c659 -> 
  custom:AudioImporter_EditorPlatform: d09bf68614088b80899f8185d706f6e7 -> 
  custom:video-encoder-webm-vp8: eb34c28f22e8b96e1ab97ce403110664 -> 
  custom:audio-decoder-ogg-vorbis: bf7c407c2cedff20999df2af8eb42d56 -> 
  custom:audio-encoder-webm-vorbis: bf7c407c2cedff20999df2af8eb42d56 -> 
========================================================================
Received Import Request.
  Time since last request: 192.882297 seconds.
  path: Assets/ABRes/SpriteAltas/UnoCard.spriteatlas
  artifactKey: Guid(1ea43b4df1b2ccd4a85bc9709dd2e056) Importer(815301076,1909f56bfc062723c751e8b465ee728b)
Start importing Assets/ABRes/SpriteAltas/UnoCard.spriteatlas using Guid(1ea43b4df1b2ccd4a85bc9709dd2e056) Importer(815301076,1909f56bfc062723c751e8b465ee728b) [PhysX] Initialized MultithreadedTaskDispatcher with 12 workers.
 -> (artifact id: '5c64207dea4741309dac090d3d63ba5b') in 0.022968 seconds
Number of updated asset objects reloaded before import = 0
Number of asset objects unloaded after import = 1
========================================================================
Received Prepare
Caller must complete domain reload
Begin MonoManager ReloadAssembly
- Loaded All Assemblies, in  0.886 seconds
Native extension for WindowsStandalone target not found
Native extension for WebGL target not found
Mono: successfully reloaded assembly
- Finished resetting the current domain, in  1.988 seconds
Domain Reload Profiling: 2862ms
	BeginReloadAssembly (283ms)
		ExecutionOrderSort (0ms)
		DisableScriptedObjects (10ms)
		BackupInstance (0ms)
		ReleaseScriptingObjects (0ms)
		CreateAndSetChildDomain (50ms)
	RebuildCommonClasses (68ms)
	RebuildNativeTypeToScriptingClass (23ms)
	initialDomainReloadingComplete (66ms)
	LoadAllAssembliesAndSetupDomain (433ms)
		LoadAssemblies (572ms)
		RebuildTransferFunctionScriptingTraits (0ms)
		AnalyzeDomain (27ms)
			TypeCache.Refresh (10ms)
				TypeCache.ScanAssembly (0ms)
			ScanForSourceGeneratedMonoScriptInfo (0ms)
			ResolveRequiredComponents (12ms)
	FinalizeReload (1989ms)
		ReleaseScriptCaches (0ms)
		RebuildScriptCaches (0ms)
		SetupLoadedEditorAssemblies (827ms)
			LogAssemblyErrors (0ms)
			InitializePlatformSupportModulesInManaged (18ms)
			SetLoadedEditorAssemblies (8ms)
			RefreshPlugins (0ms)
			BeforeProcessingInitializeOnLoad (146ms)
			ProcessInitializeOnLoadAttributes (581ms)
			ProcessInitializeOnLoadMethodAttributes (47ms)
			AfterProcessingInitializeOnLoad (26ms)
			EditorAssembliesLoaded (0ms)
		ExecutionOrderSort2 (0ms)
		AwakeInstancesAfterBackupRestoration (18ms)
Refreshing native plugins compatible for Editor in 19.77 ms, found 4 plugins.
Preloading 0 native plugins for Editor in 0.00 ms.
Unloading 3251 Unused Serialized files (Serialized files now loaded: 0)
Unloading 17 unused Assets / (28.5 KB). Loaded Objects now: 3779.
Memory consumption went from 121.4 MB to 121.4 MB.
Total: 5.289500 ms (FindLiveObjects: 0.388400 ms CreateObjectMapping: 0.322700 ms MarkObjects: 4.491700 ms  DeleteObjects: 0.084800 ms)

Prepare: number of updated asset objects reloaded= 0
AssetImportParameters requested are different than current active one (requested -> active):
  custom:container-demuxer-ogg: 62fdf1f143b41e24485cea50d1cbac27 -> 
  custom:video-codec-MediaFoundation-h265: 746d11721c4dcdbdad8f713fa42b33f4 -> 
  custom:video-decoder-ogg-theora: a1e56fd34408186e4bbccfd4996cb3dc -> 
  custom:framework-win-MediaFoundation: 216162199b28c13a410421893ffa2e32 -> 
  custom:CustomObjectIndexerAttribute: 9a22284fe3817be447336de3de66b15e -> 
  custom:container-demuxer-webm: 4f35f7cbe854078d1ac9338744f61a02 -> 
  custom:container-muxer-webm: aa71ff27fc2769a1b78a27578f13a17b -> 
  custom:video-decoder-webm-vp8: 9c59270c3fd7afecdb556c50c9e8de78 -> 
  custom:SearchIndexIgnoredProperties: e643bd26f0fe6173181afceb89e7c659 -> 
  custom:AudioImporter_EditorPlatform: d09bf68614088b80899f8185d706f6e7 -> 
  custom:video-encoder-webm-vp8: eb34c28f22e8b96e1ab97ce403110664 -> 
  custom:audio-decoder-ogg-vorbis: bf7c407c2cedff20999df2af8eb42d56 -> 
  custom:audio-encoder-webm-vorbis: bf7c407c2cedff20999df2af8eb42d56 -> 
========================================================================
Received Prepare
Caller must complete domain reload
Begin MonoManager ReloadAssembly
- Loaded All Assemblies, in  0.914 seconds
Native extension for WindowsStandalone target not found
Native extension for WebGL target not found
Mono: successfully reloaded assembly
- Finished resetting the current domain, in  1.939 seconds
Domain Reload Profiling: 2840ms
	BeginReloadAssembly (289ms)
		ExecutionOrderSort (0ms)
		DisableScriptedObjects (11ms)
		BackupInstance (0ms)
		ReleaseScriptingObjects (0ms)
		CreateAndSetChildDomain (55ms)
	RebuildCommonClasses (68ms)
	RebuildNativeTypeToScriptingClass (23ms)
	initialDomainReloadingComplete (69ms)
	LoadAllAssembliesAndSetupDomain (451ms)
		LoadAssemblies (591ms)
		RebuildTransferFunctionScriptingTraits (0ms)
		AnalyzeDomain (26ms)
			TypeCache.Refresh (10ms)
				TypeCache.ScanAssembly (0ms)
			ScanForSourceGeneratedMonoScriptInfo (0ms)
			ResolveRequiredComponents (12ms)
	FinalizeReload (1940ms)
		ReleaseScriptCaches (0ms)
		RebuildScriptCaches (0ms)
		SetupLoadedEditorAssemblies (843ms)
			LogAssemblyErrors (0ms)
			InitializePlatformSupportModulesInManaged (20ms)
			SetLoadedEditorAssemblies (8ms)
			RefreshPlugins (0ms)
			BeforeProcessingInitializeOnLoad (142ms)
			ProcessInitializeOnLoadAttributes (604ms)
			ProcessInitializeOnLoadMethodAttributes (43ms)
			AfterProcessingInitializeOnLoad (25ms)
			EditorAssembliesLoaded (0ms)
		ExecutionOrderSort2 (0ms)
		AwakeInstancesAfterBackupRestoration (16ms)
Refreshing native plugins compatible for Editor in 23.00 ms, found 4 plugins.
Preloading 0 native plugins for Editor in 0.00 ms.
Unloading 3252 Unused Serialized files (Serialized files now loaded: 0)
Unloading 16 unused Assets / (28.5 KB). Loaded Objects now: 3782.
Memory consumption went from 121.7 MB to 121.7 MB.
Total: 5.576000 ms (FindLiveObjects: 0.472900 ms CreateObjectMapping: 0.430100 ms MarkObjects: 4.587500 ms  DeleteObjects: 0.084000 ms)

Prepare: number of updated asset objects reloaded= 0
AssetImportParameters requested are different than current active one (requested -> active):
  custom:container-demuxer-ogg: 62fdf1f143b41e24485cea50d1cbac27 -> 
  custom:video-codec-MediaFoundation-h265: 746d11721c4dcdbdad8f713fa42b33f4 -> 
  custom:video-decoder-ogg-theora: a1e56fd34408186e4bbccfd4996cb3dc -> 
  custom:framework-win-MediaFoundation: 216162199b28c13a410421893ffa2e32 -> 
  custom:CustomObjectIndexerAttribute: 9a22284fe3817be447336de3de66b15e -> 
  custom:container-demuxer-webm: 4f35f7cbe854078d1ac9338744f61a02 -> 
  custom:container-muxer-webm: aa71ff27fc2769a1b78a27578f13a17b -> 
  custom:video-decoder-webm-vp8: 9c59270c3fd7afecdb556c50c9e8de78 -> 
  custom:SearchIndexIgnoredProperties: e643bd26f0fe6173181afceb89e7c659 -> 
  custom:AudioImporter_EditorPlatform: d09bf68614088b80899f8185d706f6e7 -> 
  custom:video-encoder-webm-vp8: eb34c28f22e8b96e1ab97ce403110664 -> 
  custom:audio-decoder-ogg-vorbis: bf7c407c2cedff20999df2af8eb42d56 -> 
  custom:audio-encoder-webm-vorbis: bf7c407c2cedff20999df2af8eb42d56 -> 
========================================================================
Received Prepare
Caller must complete domain reload
Begin MonoManager ReloadAssembly
- Loaded All Assemblies, in  0.947 seconds
Native extension for WindowsStandalone target not found
Native extension for WebGL target not found
Mono: successfully reloaded assembly
- Finished resetting the current domain, in  2.247 seconds
Domain Reload Profiling: 3181ms
	BeginReloadAssembly (298ms)
		ExecutionOrderSort (0ms)
		DisableScriptedObjects (11ms)
		BackupInstance (0ms)
		ReleaseScriptingObjects (0ms)
		CreateAndSetChildDomain (53ms)
	RebuildCommonClasses (69ms)
	RebuildNativeTypeToScriptingClass (23ms)
	initialDomainReloadingComplete (70ms)
	LoadAllAssembliesAndSetupDomain (473ms)
		LoadAssemblies (619ms)
		RebuildTransferFunctionScriptingTraits (0ms)
		AnalyzeDomain (31ms)
			TypeCache.Refresh (11ms)
				TypeCache.ScanAssembly (0ms)
			ScanForSourceGeneratedMonoScriptInfo (0ms)
			ResolveRequiredComponents (12ms)
	FinalizeReload (2248ms)
		ReleaseScriptCaches (0ms)
		RebuildScriptCaches (0ms)
		SetupLoadedEditorAssemblies (967ms)
			LogAssemblyErrors (0ms)
			InitializePlatformSupportModulesInManaged (20ms)
			SetLoadedEditorAssemblies (10ms)
			RefreshPlugins (0ms)
			BeforeProcessingInitializeOnLoad (171ms)
			ProcessInitializeOnLoadAttributes (673ms)
			ProcessInitializeOnLoadMethodAttributes (65ms)
			AfterProcessingInitializeOnLoad (27ms)
			EditorAssembliesLoaded (0ms)
		ExecutionOrderSort2 (0ms)
		AwakeInstancesAfterBackupRestoration (20ms)
Refreshing native plugins compatible for Editor in 20.56 ms, found 4 plugins.
Preloading 0 native plugins for Editor in 0.00 ms.
Unloading 3252 Unused Serialized files (Serialized files now loaded: 0)
Unloading 16 unused Assets / (28.5 KB). Loaded Objects now: 3785.
Memory consumption went from 121.7 MB to 121.7 MB.
Total: 6.938900 ms (FindLiveObjects: 0.496600 ms CreateObjectMapping: 0.478400 ms MarkObjects: 5.887500 ms  DeleteObjects: 0.074200 ms)

Prepare: number of updated asset objects reloaded= 0
AssetImportParameters requested are different than current active one (requested -> active):
  custom:container-demuxer-ogg: 62fdf1f143b41e24485cea50d1cbac27 -> 
  custom:video-codec-MediaFoundation-h265: 746d11721c4dcdbdad8f713fa42b33f4 -> 
  custom:video-decoder-ogg-theora: a1e56fd34408186e4bbccfd4996cb3dc -> 
  custom:framework-win-MediaFoundation: 216162199b28c13a410421893ffa2e32 -> 
  custom:CustomObjectIndexerAttribute: 9a22284fe3817be447336de3de66b15e -> 
  custom:container-demuxer-webm: 4f35f7cbe854078d1ac9338744f61a02 -> 
  custom:container-muxer-webm: aa71ff27fc2769a1b78a27578f13a17b -> 
  custom:video-decoder-webm-vp8: 9c59270c3fd7afecdb556c50c9e8de78 -> 
  custom:SearchIndexIgnoredProperties: e643bd26f0fe6173181afceb89e7c659 -> 
  custom:AudioImporter_EditorPlatform: d09bf68614088b80899f8185d706f6e7 -> 
  custom:video-encoder-webm-vp8: eb34c28f22e8b96e1ab97ce403110664 -> 
  custom:audio-decoder-ogg-vorbis: bf7c407c2cedff20999df2af8eb42d56 -> 
  custom:audio-encoder-webm-vorbis: bf7c407c2cedff20999df2af8eb42d56 -> 
========================================================================
Received Prepare
Caller must complete domain reload
Begin MonoManager ReloadAssembly
- Loaded All Assemblies, in  0.911 seconds
Native extension for WindowsStandalone target not found
Native extension for WebGL target not found
Mono: successfully reloaded assembly
- Finished resetting the current domain, in  1.973 seconds
Domain Reload Profiling: 2871ms
	BeginReloadAssembly (285ms)
		ExecutionOrderSort (0ms)
		DisableScriptedObjects (13ms)
		BackupInstance (0ms)
		ReleaseScriptingObjects (0ms)
		CreateAndSetChildDomain (54ms)
	RebuildCommonClasses (68ms)
	RebuildNativeTypeToScriptingClass (23ms)
	initialDomainReloadingComplete (70ms)
	LoadAllAssembliesAndSetupDomain (452ms)
		LoadAssemblies (585ms)
		RebuildTransferFunctionScriptingTraits (0ms)
		AnalyzeDomain (28ms)
			TypeCache.Refresh (11ms)
				TypeCache.ScanAssembly (0ms)
			ScanForSourceGeneratedMonoScriptInfo (0ms)
			ResolveRequiredComponents (12ms)
	FinalizeReload (1974ms)
		ReleaseScriptCaches (0ms)
		RebuildScriptCaches (0ms)
		SetupLoadedEditorAssemblies (838ms)
			LogAssemblyErrors (0ms)
			InitializePlatformSupportModulesInManaged (17ms)
			SetLoadedEditorAssemblies (9ms)
			RefreshPlugins (0ms)
			BeforeProcessingInitializeOnLoad (143ms)
			ProcessInitializeOnLoadAttributes (595ms)
			ProcessInitializeOnLoadMethodAttributes (47ms)
			AfterProcessingInitializeOnLoad (26ms)
			EditorAssembliesLoaded (0ms)
		ExecutionOrderSort2 (0ms)
		AwakeInstancesAfterBackupRestoration (18ms)
Refreshing native plugins compatible for Editor in 19.55 ms, found 4 plugins.
Preloading 0 native plugins for Editor in 0.00 ms.
Unloading 3252 Unused Serialized files (Serialized files now loaded: 0)
Unloading 16 unused Assets / (28.5 KB). Loaded Objects now: 3788.
Memory consumption went from 121.7 MB to 121.7 MB.
Total: 6.870300 ms (FindLiveObjects: 0.410800 ms CreateObjectMapping: 0.448100 ms MarkObjects: 5.944900 ms  DeleteObjects: 0.064900 ms)

Prepare: number of updated asset objects reloaded= 0
AssetImportParameters requested are different than current active one (requested -> active):
  custom:container-demuxer-ogg: 62fdf1f143b41e24485cea50d1cbac27 -> 
  custom:video-codec-MediaFoundation-h265: 746d11721c4dcdbdad8f713fa42b33f4 -> 
  custom:video-decoder-ogg-theora: a1e56fd34408186e4bbccfd4996cb3dc -> 
  custom:framework-win-MediaFoundation: 216162199b28c13a410421893ffa2e32 -> 
  custom:CustomObjectIndexerAttribute: 9a22284fe3817be447336de3de66b15e -> 
  custom:container-demuxer-webm: 4f35f7cbe854078d1ac9338744f61a02 -> 
  custom:container-muxer-webm: aa71ff27fc2769a1b78a27578f13a17b -> 
  custom:video-decoder-webm-vp8: 9c59270c3fd7afecdb556c50c9e8de78 -> 
  custom:SearchIndexIgnoredProperties: e643bd26f0fe6173181afceb89e7c659 -> 
  custom:AudioImporter_EditorPlatform: d09bf68614088b80899f8185d706f6e7 -> 
  custom:video-encoder-webm-vp8: eb34c28f22e8b96e1ab97ce403110664 -> 
  custom:audio-decoder-ogg-vorbis: bf7c407c2cedff20999df2af8eb42d56 -> 
  custom:audio-encoder-webm-vorbis: bf7c407c2cedff20999df2af8eb42d56 -> 
========================================================================
Received Prepare
Refreshing native plugins compatible for Editor in 21.97 ms, found 4 plugins.
Preloading 0 native plugins for Editor in 0.00 ms.
Unloading 1 Unused Serialized files (Serialized files now loaded: 0)
Unloading 1 unused Assets / (3.1 KB). Loaded Objects now: 3788.
Memory consumption went from 71.3 MB to 71.3 MB.
Total: 5.808900 ms (FindLiveObjects: 0.352900 ms CreateObjectMapping: 0.302400 ms MarkObjects: 5.116000 ms  DeleteObjects: 0.035800 ms)

Prepare: number of updated asset objects reloaded= 0
AssetImportParameters requested are different than current active one (requested -> active):
  custom:container-demuxer-ogg: 62fdf1f143b41e24485cea50d1cbac27 -> 
  custom:video-codec-MediaFoundation-h265: 746d11721c4dcdbdad8f713fa42b33f4 -> 
  custom:video-decoder-ogg-theora: a1e56fd34408186e4bbccfd4996cb3dc -> 
  custom:framework-win-MediaFoundation: 216162199b28c13a410421893ffa2e32 -> 
  custom:CustomObjectIndexerAttribute: 9a22284fe3817be447336de3de66b15e -> 
  custom:container-demuxer-webm: 4f35f7cbe854078d1ac9338744f61a02 -> 
  custom:container-muxer-webm: aa71ff27fc2769a1b78a27578f13a17b -> 
  custom:video-decoder-webm-vp8: 9c59270c3fd7afecdb556c50c9e8de78 -> 
  custom:SearchIndexIgnoredProperties: e643bd26f0fe6173181afceb89e7c659 -> 
  custom:AudioImporter_EditorPlatform: d09bf68614088b80899f8185d706f6e7 -> 
  custom:video-encoder-webm-vp8: eb34c28f22e8b96e1ab97ce403110664 -> 
  custom:audio-decoder-ogg-vorbis: bf7c407c2cedff20999df2af8eb42d56 -> 
  custom:audio-encoder-webm-vorbis: bf7c407c2cedff20999df2af8eb42d56 -> 
========================================================================
Received Prepare
Refreshing native plugins compatible for Editor in 18.74 ms, found 4 plugins.
Preloading 0 native plugins for Editor in 0.00 ms.
Unloading 1 Unused Serialized files (Serialized files now loaded: 0)
Unloading 1 unused Assets / (3.1 KB). Loaded Objects now: 3788.
Memory consumption went from 70.9 MB to 70.9 MB.
Total: 4.903100 ms (FindLiveObjects: 0.351800 ms CreateObjectMapping: 0.250500 ms MarkObjects: 4.264400 ms  DeleteObjects: 0.034900 ms)

Prepare: number of updated asset objects reloaded= 0
AssetImportParameters requested are different than current active one (requested -> active):
  custom:container-demuxer-ogg: 62fdf1f143b41e24485cea50d1cbac27 -> 
  custom:video-codec-MediaFoundation-h265: 746d11721c4dcdbdad8f713fa42b33f4 -> 
  custom:video-decoder-ogg-theora: a1e56fd34408186e4bbccfd4996cb3dc -> 
  custom:framework-win-MediaFoundation: 216162199b28c13a410421893ffa2e32 -> 
  custom:CustomObjectIndexerAttribute: 9a22284fe3817be447336de3de66b15e -> 
  custom:container-demuxer-webm: 4f35f7cbe854078d1ac9338744f61a02 -> 
  custom:container-muxer-webm: aa71ff27fc2769a1b78a27578f13a17b -> 
  custom:video-decoder-webm-vp8: 9c59270c3fd7afecdb556c50c9e8de78 -> 
  custom:SearchIndexIgnoredProperties: e643bd26f0fe6173181afceb89e7c659 -> 
  custom:AudioImporter_EditorPlatform: d09bf68614088b80899f8185d706f6e7 -> 
  custom:video-encoder-webm-vp8: eb34c28f22e8b96e1ab97ce403110664 -> 
  custom:audio-decoder-ogg-vorbis: bf7c407c2cedff20999df2af8eb42d56 -> 
  custom:audio-encoder-webm-vorbis: bf7c407c2cedff20999df2af8eb42d56 -> 
========================================================================
Received Prepare
Refreshing native plugins compatible for Editor in 18.44 ms, found 4 plugins.
Preloading 0 native plugins for Editor in 0.00 ms.
Unloading 1 Unused Serialized files (Serialized files now loaded: 0)
Unloading 1 unused Assets / (3.1 KB). Loaded Objects now: 3788.
Memory consumption went from 70.9 MB to 70.9 MB.
Total: 5.336000 ms (FindLiveObjects: 0.422300 ms CreateObjectMapping: 0.381000 ms MarkObjects: 4.498200 ms  DeleteObjects: 0.033100 ms)

Prepare: number of updated asset objects reloaded= 0
AssetImportParameters requested are different than current active one (requested -> active):
  custom:container-demuxer-ogg: 62fdf1f143b41e24485cea50d1cbac27 -> 
  custom:video-codec-MediaFoundation-h265: 746d11721c4dcdbdad8f713fa42b33f4 -> 
  custom:video-decoder-ogg-theora: a1e56fd34408186e4bbccfd4996cb3dc -> 
  custom:framework-win-MediaFoundation: 216162199b28c13a410421893ffa2e32 -> 
  custom:CustomObjectIndexerAttribute: 9a22284fe3817be447336de3de66b15e -> 
  custom:container-demuxer-webm: 4f35f7cbe854078d1ac9338744f61a02 -> 
  custom:container-muxer-webm: aa71ff27fc2769a1b78a27578f13a17b -> 
  custom:video-decoder-webm-vp8: 9c59270c3fd7afecdb556c50c9e8de78 -> 
  custom:SearchIndexIgnoredProperties: e643bd26f0fe6173181afceb89e7c659 -> 
  custom:AudioImporter_EditorPlatform: d09bf68614088b80899f8185d706f6e7 -> 
  custom:video-encoder-webm-vp8: eb34c28f22e8b96e1ab97ce403110664 -> 
  custom:audio-decoder-ogg-vorbis: bf7c407c2cedff20999df2af8eb42d56 -> 
  custom:audio-encoder-webm-vorbis: bf7c407c2cedff20999df2af8eb42d56 -> 
========================================================================
Received Prepare
Refreshing native plugins compatible for Editor in 21.49 ms, found 4 plugins.
Preloading 0 native plugins for Editor in 0.00 ms.
Unloading 1 Unused Serialized files (Serialized files now loaded: 0)
Unloading 1 unused Assets / (3.1 KB). Loaded Objects now: 3788.
Memory consumption went from 70.9 MB to 70.9 MB.
Total: 5.160600 ms (FindLiveObjects: 0.473800 ms CreateObjectMapping: 0.431900 ms MarkObjects: 4.217200 ms  DeleteObjects: 0.036000 ms)

Prepare: number of updated asset objects reloaded= 0
AssetImportParameters requested are different than current active one (requested -> active):
  custom:container-demuxer-ogg: 62fdf1f143b41e24485cea50d1cbac27 -> 
  custom:video-codec-MediaFoundation-h265: 746d11721c4dcdbdad8f713fa42b33f4 -> 
  custom:video-decoder-ogg-theora: a1e56fd34408186e4bbccfd4996cb3dc -> 
  custom:framework-win-MediaFoundation: 216162199b28c13a410421893ffa2e32 -> 
  custom:CustomObjectIndexerAttribute: 9a22284fe3817be447336de3de66b15e -> 
  custom:container-demuxer-webm: 4f35f7cbe854078d1ac9338744f61a02 -> 
  custom:container-muxer-webm: aa71ff27fc2769a1b78a27578f13a17b -> 
  custom:video-decoder-webm-vp8: 9c59270c3fd7afecdb556c50c9e8de78 -> 
  custom:SearchIndexIgnoredProperties: e643bd26f0fe6173181afceb89e7c659 -> 
  custom:AudioImporter_EditorPlatform: d09bf68614088b80899f8185d706f6e7 -> 
  custom:video-encoder-webm-vp8: eb34c28f22e8b96e1ab97ce403110664 -> 
  custom:audio-decoder-ogg-vorbis: bf7c407c2cedff20999df2af8eb42d56 -> 
  custom:audio-encoder-webm-vorbis: bf7c407c2cedff20999df2af8eb42d56 -> 
========================================================================
Received Prepare
Refreshing native plugins compatible for Editor in 26.51 ms, found 4 plugins.
Preloading 0 native plugins for Editor in 0.00 ms.
Unloading 1 Unused Serialized files (Serialized files now loaded: 0)
Unloading 1 unused Assets / (3.1 KB). Loaded Objects now: 3788.
Memory consumption went from 70.9 MB to 70.9 MB.
Total: 8.022900 ms (FindLiveObjects: 0.576500 ms CreateObjectMapping: 0.395500 ms MarkObjects: 7.002700 ms  DeleteObjects: 0.046100 ms)

Prepare: number of updated asset objects reloaded= 0
AssetImportParameters requested are different than current active one (requested -> active):
  custom:container-demuxer-ogg: 62fdf1f143b41e24485cea50d1cbac27 -> 
  custom:video-codec-MediaFoundation-h265: 746d11721c4dcdbdad8f713fa42b33f4 -> 
  custom:video-decoder-ogg-theora: a1e56fd34408186e4bbccfd4996cb3dc -> 
  custom:framework-win-MediaFoundation: 216162199b28c13a410421893ffa2e32 -> 
  custom:CustomObjectIndexerAttribute: 9a22284fe3817be447336de3de66b15e -> 
  custom:container-demuxer-webm: 4f35f7cbe854078d1ac9338744f61a02 -> 
  custom:container-muxer-webm: aa71ff27fc2769a1b78a27578f13a17b -> 
  custom:video-decoder-webm-vp8: 9c59270c3fd7afecdb556c50c9e8de78 -> 
  custom:SearchIndexIgnoredProperties: e643bd26f0fe6173181afceb89e7c659 -> 
  custom:AudioImporter_EditorPlatform: d09bf68614088b80899f8185d706f6e7 -> 
  custom:video-encoder-webm-vp8: eb34c28f22e8b96e1ab97ce403110664 -> 
  custom:audio-decoder-ogg-vorbis: bf7c407c2cedff20999df2af8eb42d56 -> 
  custom:audio-encoder-webm-vorbis: bf7c407c2cedff20999df2af8eb42d56 -> 
========================================================================
Received Prepare
Refreshing native plugins compatible for Editor in 18.07 ms, found 4 plugins.
Preloading 0 native plugins for Editor in 0.00 ms.
Unloading 1 Unused Serialized files (Serialized files now loaded: 0)
Unloading 1 unused Assets / (3.1 KB). Loaded Objects now: 3788.
Memory consumption went from 70.9 MB to 70.9 MB.
Total: 5.315700 ms (FindLiveObjects: 0.550400 ms CreateObjectMapping: 0.422800 ms MarkObjects: 4.305900 ms  DeleteObjects: 0.034800 ms)

Prepare: number of updated asset objects reloaded= 0
AssetImportParameters requested are different than current active one (requested -> active):
  custom:container-demuxer-ogg: 62fdf1f143b41e24485cea50d1cbac27 -> 
  custom:video-codec-MediaFoundation-h265: 746d11721c4dcdbdad8f713fa42b33f4 -> 
  custom:video-decoder-ogg-theora: a1e56fd34408186e4bbccfd4996cb3dc -> 
  custom:framework-win-MediaFoundation: 216162199b28c13a410421893ffa2e32 -> 
  custom:CustomObjectIndexerAttribute: 9a22284fe3817be447336de3de66b15e -> 
  custom:container-demuxer-webm: 4f35f7cbe854078d1ac9338744f61a02 -> 
  custom:container-muxer-webm: aa71ff27fc2769a1b78a27578f13a17b -> 
  custom:video-decoder-webm-vp8: 9c59270c3fd7afecdb556c50c9e8de78 -> 
  custom:SearchIndexIgnoredProperties: e643bd26f0fe6173181afceb89e7c659 -> 
  custom:AudioImporter_EditorPlatform: d09bf68614088b80899f8185d706f6e7 -> 
  custom:video-encoder-webm-vp8: eb34c28f22e8b96e1ab97ce403110664 -> 
  custom:audio-decoder-ogg-vorbis: bf7c407c2cedff20999df2af8eb42d56 -> 
  custom:audio-encoder-webm-vorbis: bf7c407c2cedff20999df2af8eb42d56 -> 
========================================================================
Received Prepare
Caller must complete domain reload
Begin MonoManager ReloadAssembly
- Loaded All Assemblies, in  0.929 seconds
Native extension for WindowsStandalone target not found
Native extension for WebGL target not found
Mono: successfully reloaded assembly
- Finished resetting the current domain, in  1.990 seconds
Domain Reload Profiling: 2906ms
	BeginReloadAssembly (294ms)
		ExecutionOrderSort (0ms)
		DisableScriptedObjects (12ms)
		BackupInstance (0ms)
		ReleaseScriptingObjects (0ms)
		CreateAndSetChildDomain (50ms)
	RebuildCommonClasses (71ms)
	RebuildNativeTypeToScriptingClass (22ms)
	initialDomainReloadingComplete (70ms)
	LoadAllAssembliesAndSetupDomain (458ms)
		LoadAssemblies (604ms)
		RebuildTransferFunctionScriptingTraits (0ms)
		AnalyzeDomain (25ms)
			TypeCache.Refresh (10ms)
				TypeCache.ScanAssembly (0ms)
			ScanForSourceGeneratedMonoScriptInfo (0ms)
			ResolveRequiredComponents (11ms)
	FinalizeReload (1991ms)
		ReleaseScriptCaches (0ms)
		RebuildScriptCaches (0ms)
		SetupLoadedEditorAssemblies (835ms)
			LogAssemblyErrors (0ms)
			InitializePlatformSupportModulesInManaged (17ms)
			SetLoadedEditorAssemblies (9ms)
			RefreshPlugins (0ms)
			BeforeProcessingInitializeOnLoad (144ms)
			ProcessInitializeOnLoadAttributes (588ms)
			ProcessInitializeOnLoadMethodAttributes (50ms)
			AfterProcessingInitializeOnLoad (26ms)
			EditorAssembliesLoaded (0ms)
		ExecutionOrderSort2 (0ms)
		AwakeInstancesAfterBackupRestoration (18ms)
Refreshing native plugins compatible for Editor in 19.09 ms, found 4 plugins.
Preloading 0 native plugins for Editor in 0.00 ms.
Unloading 3252 Unused Serialized files (Serialized files now loaded: 0)
Unloading 16 unused Assets / (28.5 KB). Loaded Objects now: 3791.
Memory consumption went from 121.7 MB to 121.7 MB.
Total: 5.233200 ms (FindLiveObjects: 0.386400 ms CreateObjectMapping: 0.398400 ms MarkObjects: 4.382100 ms  DeleteObjects: 0.065100 ms)

Prepare: number of updated asset objects reloaded= 0
AssetImportParameters requested are different than current active one (requested -> active):
  custom:container-demuxer-ogg: 62fdf1f143b41e24485cea50d1cbac27 -> 
  custom:video-codec-MediaFoundation-h265: 746d11721c4dcdbdad8f713fa42b33f4 -> 
  custom:video-decoder-ogg-theora: a1e56fd34408186e4bbccfd4996cb3dc -> 
  custom:framework-win-MediaFoundation: 216162199b28c13a410421893ffa2e32 -> 
  custom:CustomObjectIndexerAttribute: 9a22284fe3817be447336de3de66b15e -> 
  custom:container-demuxer-webm: 4f35f7cbe854078d1ac9338744f61a02 -> 
  custom:container-muxer-webm: aa71ff27fc2769a1b78a27578f13a17b -> 
  custom:video-decoder-webm-vp8: 9c59270c3fd7afecdb556c50c9e8de78 -> 
  custom:SearchIndexIgnoredProperties: e643bd26f0fe6173181afceb89e7c659 -> 
  custom:AudioImporter_EditorPlatform: d09bf68614088b80899f8185d706f6e7 -> 
  custom:video-encoder-webm-vp8: eb34c28f22e8b96e1ab97ce403110664 -> 
  custom:audio-decoder-ogg-vorbis: bf7c407c2cedff20999df2af8eb42d56 -> 
  custom:audio-encoder-webm-vorbis: bf7c407c2cedff20999df2af8eb42d56 -> 
========================================================================
Received Prepare
Caller must complete domain reload
Begin MonoManager ReloadAssembly
- Loaded All Assemblies, in  0.913 seconds
Native extension for WindowsStandalone target not found
Native extension for WebGL target not found
Mono: successfully reloaded assembly
- Finished resetting the current domain, in  2.020 seconds
Domain Reload Profiling: 2920ms
	BeginReloadAssembly (298ms)
		ExecutionOrderSort (0ms)
		DisableScriptedObjects (11ms)
		BackupInstance (0ms)
		ReleaseScriptingObjects (0ms)
		CreateAndSetChildDomain (57ms)
	RebuildCommonClasses (66ms)
	RebuildNativeTypeToScriptingClass (23ms)
	initialDomainReloadingComplete (72ms)
	LoadAllAssembliesAndSetupDomain (439ms)
		LoadAssemblies (589ms)
		RebuildTransferFunctionScriptingTraits (0ms)
		AnalyzeDomain (24ms)
			TypeCache.Refresh (10ms)
				TypeCache.ScanAssembly (0ms)
			ScanForSourceGeneratedMonoScriptInfo (0ms)
			ResolveRequiredComponents (11ms)
	FinalizeReload (2021ms)
		ReleaseScriptCaches (0ms)
		RebuildScriptCaches (0ms)
		SetupLoadedEditorAssemblies (849ms)
			LogAssemblyErrors (0ms)
			InitializePlatformSupportModulesInManaged (19ms)
			SetLoadedEditorAssemblies (8ms)
			RefreshPlugins (0ms)
			BeforeProcessingInitializeOnLoad (144ms)
			ProcessInitializeOnLoadAttributes (603ms)
			ProcessInitializeOnLoadMethodAttributes (45ms)
			AfterProcessingInitializeOnLoad (30ms)
			EditorAssembliesLoaded (0ms)
		ExecutionOrderSort2 (0ms)
		AwakeInstancesAfterBackupRestoration (19ms)
Refreshing native plugins compatible for Editor in 19.58 ms, found 4 plugins.
Preloading 0 native plugins for Editor in 0.00 ms.
Unloading 3252 Unused Serialized files (Serialized files now loaded: 0)
Unloading 16 unused Assets / (28.5 KB). Loaded Objects now: 3794.
Memory consumption went from 121.7 MB to 121.7 MB.
Total: 6.966000 ms (FindLiveObjects: 0.367300 ms CreateObjectMapping: 0.450500 ms MarkObjects: 6.080000 ms  DeleteObjects: 0.066600 ms)

Prepare: number of updated asset objects reloaded= 0
AssetImportParameters requested are different than current active one (requested -> active):
  custom:container-demuxer-ogg: 62fdf1f143b41e24485cea50d1cbac27 -> 
  custom:video-codec-MediaFoundation-h265: 746d11721c4dcdbdad8f713fa42b33f4 -> 
  custom:video-decoder-ogg-theora: a1e56fd34408186e4bbccfd4996cb3dc -> 
  custom:framework-win-MediaFoundation: 216162199b28c13a410421893ffa2e32 -> 
  custom:CustomObjectIndexerAttribute: 9a22284fe3817be447336de3de66b15e -> 
  custom:container-demuxer-webm: 4f35f7cbe854078d1ac9338744f61a02 -> 
  custom:container-muxer-webm: aa71ff27fc2769a1b78a27578f13a17b -> 
  custom:video-decoder-webm-vp8: 9c59270c3fd7afecdb556c50c9e8de78 -> 
  custom:SearchIndexIgnoredProperties: e643bd26f0fe6173181afceb89e7c659 -> 
  custom:AudioImporter_EditorPlatform: d09bf68614088b80899f8185d706f6e7 -> 
  custom:video-encoder-webm-vp8: eb34c28f22e8b96e1ab97ce403110664 -> 
  custom:audio-decoder-ogg-vorbis: bf7c407c2cedff20999df2af8eb42d56 -> 
  custom:audio-encoder-webm-vorbis: bf7c407c2cedff20999df2af8eb42d56 -> 
========================================================================
Received Prepare
Caller must complete domain reload
Begin MonoManager ReloadAssembly
- Loaded All Assemblies, in  0.980 seconds
Native extension for WindowsStandalone target not found
Native extension for WebGL target not found
Mono: successfully reloaded assembly
- Finished resetting the current domain, in  1.976 seconds
Domain Reload Profiling: 2940ms
	BeginReloadAssembly (311ms)
		ExecutionOrderSort (0ms)
		DisableScriptedObjects (10ms)
		BackupInstance (0ms)
		ReleaseScriptingObjects (0ms)
		CreateAndSetChildDomain (54ms)
	RebuildCommonClasses (75ms)
	RebuildNativeTypeToScriptingClass (26ms)
	initialDomainReloadingComplete (77ms)
	LoadAllAssembliesAndSetupDomain (476ms)
		LoadAssemblies (640ms)
		RebuildTransferFunctionScriptingTraits (0ms)
		AnalyzeDomain (26ms)
			TypeCache.Refresh (10ms)
				TypeCache.ScanAssembly (0ms)
			ScanForSourceGeneratedMonoScriptInfo (0ms)
			ResolveRequiredComponents (12ms)
	FinalizeReload (1977ms)
		ReleaseScriptCaches (0ms)
		RebuildScriptCaches (0ms)
		SetupLoadedEditorAssemblies (834ms)
			LogAssemblyErrors (0ms)
			InitializePlatformSupportModulesInManaged (19ms)
			SetLoadedEditorAssemblies (9ms)
			RefreshPlugins (0ms)
			BeforeProcessingInitializeOnLoad (148ms)
			ProcessInitializeOnLoadAttributes (588ms)
			ProcessInitializeOnLoadMethodAttributes (44ms)
			AfterProcessingInitializeOnLoad (26ms)
			EditorAssembliesLoaded (0ms)
		ExecutionOrderSort2 (0ms)
		AwakeInstancesAfterBackupRestoration (19ms)
Refreshing native plugins compatible for Editor in 20.67 ms, found 4 plugins.
Preloading 0 native plugins for Editor in 0.00 ms.
Unloading 3252 Unused Serialized files (Serialized files now loaded: 0)
Unloading 16 unused Assets / (28.5 KB). Loaded Objects now: 3797.
Memory consumption went from 121.7 MB to 121.7 MB.
Total: 7.485000 ms (FindLiveObjects: 0.483900 ms CreateObjectMapping: 0.383900 ms MarkObjects: 6.443300 ms  DeleteObjects: 0.172300 ms)

Prepare: number of updated asset objects reloaded= 0
AssetImportParameters requested are different than current active one (requested -> active):
  custom:container-demuxer-ogg: 62fdf1f143b41e24485cea50d1cbac27 -> 
  custom:video-codec-MediaFoundation-h265: 746d11721c4dcdbdad8f713fa42b33f4 -> 
  custom:video-decoder-ogg-theora: a1e56fd34408186e4bbccfd4996cb3dc -> 
  custom:framework-win-MediaFoundation: 216162199b28c13a410421893ffa2e32 -> 
  custom:CustomObjectIndexerAttribute: 9a22284fe3817be447336de3de66b15e -> 
  custom:container-demuxer-webm: 4f35f7cbe854078d1ac9338744f61a02 -> 
  custom:container-muxer-webm: aa71ff27fc2769a1b78a27578f13a17b -> 
  custom:video-decoder-webm-vp8: 9c59270c3fd7afecdb556c50c9e8de78 -> 
  custom:SearchIndexIgnoredProperties: e643bd26f0fe6173181afceb89e7c659 -> 
  custom:AudioImporter_EditorPlatform: d09bf68614088b80899f8185d706f6e7 -> 
  custom:video-encoder-webm-vp8: eb34c28f22e8b96e1ab97ce403110664 -> 
  custom:audio-decoder-ogg-vorbis: bf7c407c2cedff20999df2af8eb42d56 -> 
  custom:audio-encoder-webm-vorbis: bf7c407c2cedff20999df2af8eb42d56 -> 
========================================================================
Received Import Request.
  Time since last request: 1317.733950 seconds.
  path: Assets/ABRes/SpriteAltas
  artifactKey: Guid(302c6e7be19db294a8bafae0818ca6df) Importer(815301076,1909f56bfc062723c751e8b465ee728b)
Start importing Assets/ABRes/SpriteAltas using Guid(302c6e7be19db294a8bafae0818ca6df) Importer(815301076,1909f56bfc062723c751e8b465ee728b) [PhysX] Initialized MultithreadedTaskDispatcher with 12 workers.
 -> (artifact id: '13bcbdad4d5752a43668827181e90373') in 0.003133 seconds
Number of updated asset objects reloaded before import = 0
Number of asset objects unloaded after import = 0
========================================================================
Received Prepare
Caller must complete domain reload
Begin MonoManager ReloadAssembly
- Loaded All Assemblies, in  0.912 seconds
Native extension for WindowsStandalone target not found
Native extension for WebGL target not found
Mono: successfully reloaded assembly
- Finished resetting the current domain, in  1.949 seconds
Domain Reload Profiling: 2848ms
	BeginReloadAssembly (289ms)
		ExecutionOrderSort (0ms)
		DisableScriptedObjects (10ms)
		BackupInstance (0ms)
		ReleaseScriptingObjects (0ms)
		CreateAndSetChildDomain (51ms)
	RebuildCommonClasses (63ms)
	RebuildNativeTypeToScriptingClass (21ms)
	initialDomainReloadingComplete (75ms)
	LoadAllAssembliesAndSetupDomain (451ms)
		LoadAssemblies (596ms)
		RebuildTransferFunctionScriptingTraits (0ms)
		AnalyzeDomain (26ms)
			TypeCache.Refresh (10ms)
				TypeCache.ScanAssembly (0ms)
			ScanForSourceGeneratedMonoScriptInfo (0ms)
			ResolveRequiredComponents (11ms)
	FinalizeReload (1950ms)
		ReleaseScriptCaches (0ms)
		RebuildScriptCaches (0ms)
		SetupLoadedEditorAssemblies (821ms)
			LogAssemblyErrors (0ms)
			InitializePlatformSupportModulesInManaged (19ms)
			SetLoadedEditorAssemblies (10ms)
			RefreshPlugins (0ms)
			BeforeProcessingInitializeOnLoad (130ms)
			ProcessInitializeOnLoadAttributes (589ms)
			ProcessInitializeOnLoadMethodAttributes (46ms)
			AfterProcessingInitializeOnLoad (26ms)
			EditorAssembliesLoaded (0ms)
		ExecutionOrderSort2 (0ms)
		AwakeInstancesAfterBackupRestoration (18ms)
Refreshing native plugins compatible for Editor in 20.31 ms, found 4 plugins.
Preloading 0 native plugins for Editor in 0.00 ms.
Unloading 3251 Unused Serialized files (Serialized files now loaded: 0)
Unloading 16 unused Assets / (28.5 KB). Loaded Objects now: 3800.
Memory consumption went from 121.4 MB to 121.4 MB.
Total: 4.972800 ms (FindLiveObjects: 0.365600 ms CreateObjectMapping: 0.289800 ms MarkObjects: 4.250000 ms  DeleteObjects: 0.065800 ms)

Prepare: number of updated asset objects reloaded= 0
AssetImportParameters requested are different than current active one (requested -> active):
  custom:container-demuxer-ogg: 62fdf1f143b41e24485cea50d1cbac27 -> 
  custom:video-codec-MediaFoundation-h265: 746d11721c4dcdbdad8f713fa42b33f4 -> 
  custom:video-decoder-ogg-theora: a1e56fd34408186e4bbccfd4996cb3dc -> 
  custom:framework-win-MediaFoundation: 216162199b28c13a410421893ffa2e32 -> 
  custom:CustomObjectIndexerAttribute: 9a22284fe3817be447336de3de66b15e -> 
  custom:container-demuxer-webm: 4f35f7cbe854078d1ac9338744f61a02 -> 
  custom:container-muxer-webm: aa71ff27fc2769a1b78a27578f13a17b -> 
  custom:video-decoder-webm-vp8: 9c59270c3fd7afecdb556c50c9e8de78 -> 
  custom:SearchIndexIgnoredProperties: e643bd26f0fe6173181afceb89e7c659 -> 
  custom:AudioImporter_EditorPlatform: d09bf68614088b80899f8185d706f6e7 -> 
  custom:video-encoder-webm-vp8: eb34c28f22e8b96e1ab97ce403110664 -> 
  custom:audio-decoder-ogg-vorbis: bf7c407c2cedff20999df2af8eb42d56 -> 
  custom:audio-encoder-webm-vorbis: bf7c407c2cedff20999df2af8eb42d56 -> 
========================================================================
Received Prepare
Caller must complete domain reload
Begin MonoManager ReloadAssembly
- Loaded All Assemblies, in  0.885 seconds
Native extension for WindowsStandalone target not found
Native extension for WebGL target not found
Mono: successfully reloaded assembly
- Finished resetting the current domain, in  1.908 seconds
Domain Reload Profiling: 2781ms
	BeginReloadAssembly (280ms)
		ExecutionOrderSort (0ms)
		DisableScriptedObjects (12ms)
		BackupInstance (0ms)
		ReleaseScriptingObjects (0ms)
		CreateAndSetChildDomain (49ms)
	RebuildCommonClasses (65ms)
	RebuildNativeTypeToScriptingClass (21ms)
	initialDomainReloadingComplete (69ms)
	LoadAllAssembliesAndSetupDomain (438ms)
		LoadAssemblies (576ms)
		RebuildTransferFunctionScriptingTraits (0ms)
		AnalyzeDomain (26ms)
			TypeCache.Refresh (10ms)
				TypeCache.ScanAssembly (0ms)
			ScanForSourceGeneratedMonoScriptInfo (0ms)
			ResolveRequiredComponents (11ms)
	FinalizeReload (1908ms)
		ReleaseScriptCaches (0ms)
		RebuildScriptCaches (0ms)
		SetupLoadedEditorAssemblies (813ms)
			LogAssemblyErrors (0ms)
			InitializePlatformSupportModulesInManaged (17ms)
			SetLoadedEditorAssemblies (9ms)
			RefreshPlugins (0ms)
			BeforeProcessingInitializeOnLoad (135ms)
			ProcessInitializeOnLoadAttributes (580ms)
			ProcessInitializeOnLoadMethodAttributes (46ms)
			AfterProcessingInitializeOnLoad (26ms)
			EditorAssembliesLoaded (0ms)
		ExecutionOrderSort2 (0ms)
		AwakeInstancesAfterBackupRestoration (20ms)
Refreshing native plugins compatible for Editor in 19.51 ms, found 4 plugins.
Preloading 0 native plugins for Editor in 0.00 ms.
Unloading 3252 Unused Serialized files (Serialized files now loaded: 0)
Unloading 16 unused Assets / (28.5 KB). Loaded Objects now: 3803.
Memory consumption went from 121.7 MB to 121.7 MB.
Total: 5.603900 ms (FindLiveObjects: 0.417900 ms CreateObjectMapping: 0.394100 ms MarkObjects: 4.723200 ms  DeleteObjects: 0.067200 ms)

Prepare: number of updated asset objects reloaded= 0
AssetImportParameters requested are different than current active one (requested -> active):
  custom:container-demuxer-ogg: 62fdf1f143b41e24485cea50d1cbac27 -> 
  custom:video-codec-MediaFoundation-h265: 746d11721c4dcdbdad8f713fa42b33f4 -> 
  custom:video-decoder-ogg-theora: a1e56fd34408186e4bbccfd4996cb3dc -> 
  custom:framework-win-MediaFoundation: 216162199b28c13a410421893ffa2e32 -> 
  custom:CustomObjectIndexerAttribute: 9a22284fe3817be447336de3de66b15e -> 
  custom:container-demuxer-webm: 4f35f7cbe854078d1ac9338744f61a02 -> 
  custom:container-muxer-webm: aa71ff27fc2769a1b78a27578f13a17b -> 
  custom:video-decoder-webm-vp8: 9c59270c3fd7afecdb556c50c9e8de78 -> 
  custom:SearchIndexIgnoredProperties: e643bd26f0fe6173181afceb89e7c659 -> 
  custom:AudioImporter_EditorPlatform: d09bf68614088b80899f8185d706f6e7 -> 
  custom:video-encoder-webm-vp8: eb34c28f22e8b96e1ab97ce403110664 -> 
  custom:audio-decoder-ogg-vorbis: bf7c407c2cedff20999df2af8eb42d56 -> 
  custom:audio-encoder-webm-vorbis: bf7c407c2cedff20999df2af8eb42d56 -> 
========================================================================
Received Prepare
Caller must complete domain reload
Begin MonoManager ReloadAssembly
- Loaded All Assemblies, in  0.915 seconds
Native extension for WindowsStandalone target not found
Native extension for WebGL target not found
Mono: successfully reloaded assembly
- Finished resetting the current domain, in  1.947 seconds
Domain Reload Profiling: 2849ms
	BeginReloadAssembly (283ms)
		ExecutionOrderSort (0ms)
		DisableScriptedObjects (10ms)
		BackupInstance (0ms)
		ReleaseScriptingObjects (0ms)
		CreateAndSetChildDomain (49ms)
	RebuildCommonClasses (73ms)
	RebuildNativeTypeToScriptingClass (21ms)
	initialDomainReloadingComplete (80ms)
	LoadAllAssembliesAndSetupDomain (445ms)
		LoadAssemblies (585ms)
		RebuildTransferFunctionScriptingTraits (0ms)
		AnalyzeDomain (25ms)
			TypeCache.Refresh (9ms)
				TypeCache.ScanAssembly (0ms)
			ScanForSourceGeneratedMonoScriptInfo (0ms)
			ResolveRequiredComponents (11ms)
	FinalizeReload (1948ms)
		ReleaseScriptCaches (0ms)
		RebuildScriptCaches (0ms)
		SetupLoadedEditorAssemblies (815ms)
			LogAssemblyErrors (0ms)
			InitializePlatformSupportModulesInManaged (16ms)
			SetLoadedEditorAssemblies (8ms)
			RefreshPlugins (0ms)
			BeforeProcessingInitializeOnLoad (129ms)
			ProcessInitializeOnLoadAttributes (585ms)
			ProcessInitializeOnLoadMethodAttributes (50ms)
			AfterProcessingInitializeOnLoad (27ms)
			EditorAssembliesLoaded (0ms)
		ExecutionOrderSort2 (0ms)
		AwakeInstancesAfterBackupRestoration (18ms)
Refreshing native plugins compatible for Editor in 26.25 ms, found 4 plugins.
Preloading 0 native plugins for Editor in 0.00 ms.
Unloading 3252 Unused Serialized files (Serialized files now loaded: 0)
Unloading 16 unused Assets / (28.5 KB). Loaded Objects now: 3806.
Memory consumption went from 121.7 MB to 121.7 MB.
Total: 5.371600 ms (FindLiveObjects: 0.412400 ms CreateObjectMapping: 0.323200 ms MarkObjects: 4.551100 ms  DeleteObjects: 0.083100 ms)

Prepare: number of updated asset objects reloaded= 0
AssetImportParameters requested are different than current active one (requested -> active):
  custom:container-demuxer-ogg: 62fdf1f143b41e24485cea50d1cbac27 -> 
  custom:video-codec-MediaFoundation-h265: 746d11721c4dcdbdad8f713fa42b33f4 -> 
  custom:video-decoder-ogg-theora: a1e56fd34408186e4bbccfd4996cb3dc -> 
  custom:framework-win-MediaFoundation: 216162199b28c13a410421893ffa2e32 -> 
  custom:CustomObjectIndexerAttribute: 9a22284fe3817be447336de3de66b15e -> 
  custom:container-demuxer-webm: 4f35f7cbe854078d1ac9338744f61a02 -> 
  custom:container-muxer-webm: aa71ff27fc2769a1b78a27578f13a17b -> 
  custom:video-decoder-webm-vp8: 9c59270c3fd7afecdb556c50c9e8de78 -> 
  custom:SearchIndexIgnoredProperties: e643bd26f0fe6173181afceb89e7c659 -> 
  custom:AudioImporter_EditorPlatform: d09bf68614088b80899f8185d706f6e7 -> 
  custom:video-encoder-webm-vp8: eb34c28f22e8b96e1ab97ce403110664 -> 
  custom:audio-decoder-ogg-vorbis: bf7c407c2cedff20999df2af8eb42d56 -> 
  custom:audio-encoder-webm-vorbis: bf7c407c2cedff20999df2af8eb42d56 -> 
========================================================================
Received Prepare
Caller must complete domain reload
Begin MonoManager ReloadAssembly
- Loaded All Assemblies, in  0.909 seconds
Native extension for WindowsStandalone target not found
Native extension for WebGL target not found
Mono: successfully reloaded assembly
- Finished resetting the current domain, in  2.016 seconds
Domain Reload Profiling: 2912ms
	BeginReloadAssembly (281ms)
		ExecutionOrderSort (0ms)
		DisableScriptedObjects (10ms)
		BackupInstance (0ms)
		ReleaseScriptingObjects (0ms)
		CreateAndSetChildDomain (57ms)
	RebuildCommonClasses (65ms)
	RebuildNativeTypeToScriptingClass (22ms)
	initialDomainReloadingComplete (70ms)
	LoadAllAssembliesAndSetupDomain (457ms)
		LoadAssemblies (583ms)
		RebuildTransferFunctionScriptingTraits (0ms)
		AnalyzeDomain (32ms)
			TypeCache.Refresh (9ms)
				TypeCache.ScanAssembly (0ms)
			ScanForSourceGeneratedMonoScriptInfo (0ms)
			ResolveRequiredComponents (17ms)
	FinalizeReload (2017ms)
		ReleaseScriptCaches (0ms)
		RebuildScriptCaches (0ms)
		SetupLoadedEditorAssemblies (830ms)
			LogAssemblyErrors (0ms)
			InitializePlatformSupportModulesInManaged (20ms)
			SetLoadedEditorAssemblies (12ms)
			RefreshPlugins (0ms)
			BeforeProcessingInitializeOnLoad (135ms)
			ProcessInitializeOnLoadAttributes (588ms)
			ProcessInitializeOnLoadMethodAttributes (47ms)
			AfterProcessingInitializeOnLoad (27ms)
			EditorAssembliesLoaded (0ms)
		ExecutionOrderSort2 (0ms)
		AwakeInstancesAfterBackupRestoration (22ms)
Refreshing native plugins compatible for Editor in 21.35 ms, found 4 plugins.
Preloading 0 native plugins for Editor in 0.00 ms.
Unloading 3252 Unused Serialized files (Serialized files now loaded: 0)
Unloading 16 unused Assets / (28.5 KB). Loaded Objects now: 3809.
Memory consumption went from 121.7 MB to 121.7 MB.
Total: 5.581100 ms (FindLiveObjects: 0.410100 ms CreateObjectMapping: 0.394800 ms MarkObjects: 4.705000 ms  DeleteObjects: 0.069400 ms)

Prepare: number of updated asset objects reloaded= 0
AssetImportParameters requested are different than current active one (requested -> active):
  custom:container-demuxer-ogg: 62fdf1f143b41e24485cea50d1cbac27 -> 
  custom:video-codec-MediaFoundation-h265: 746d11721c4dcdbdad8f713fa42b33f4 -> 
  custom:video-decoder-ogg-theora: a1e56fd34408186e4bbccfd4996cb3dc -> 
  custom:framework-win-MediaFoundation: 216162199b28c13a410421893ffa2e32 -> 
  custom:CustomObjectIndexerAttribute: 9a22284fe3817be447336de3de66b15e -> 
  custom:container-demuxer-webm: 4f35f7cbe854078d1ac9338744f61a02 -> 
  custom:container-muxer-webm: aa71ff27fc2769a1b78a27578f13a17b -> 
  custom:video-decoder-webm-vp8: 9c59270c3fd7afecdb556c50c9e8de78 -> 
  custom:SearchIndexIgnoredProperties: e643bd26f0fe6173181afceb89e7c659 -> 
  custom:AudioImporter_EditorPlatform: d09bf68614088b80899f8185d706f6e7 -> 
  custom:video-encoder-webm-vp8: eb34c28f22e8b96e1ab97ce403110664 -> 
  custom:audio-decoder-ogg-vorbis: bf7c407c2cedff20999df2af8eb42d56 -> 
  custom:audio-encoder-webm-vorbis: bf7c407c2cedff20999df2af8eb42d56 -> 
========================================================================
Received Prepare
Caller must complete domain reload
Begin MonoManager ReloadAssembly
- Loaded All Assemblies, in  0.917 seconds
Native extension for WindowsStandalone target not found
Native extension for WebGL target not found
Mono: successfully reloaded assembly
- Finished resetting the current domain, in  1.966 seconds
Domain Reload Profiling: 2870ms
	BeginReloadAssembly (293ms)
		ExecutionOrderSort (0ms)
		DisableScriptedObjects (10ms)
		BackupInstance (0ms)
		ReleaseScriptingObjects (0ms)
		CreateAndSetChildDomain (57ms)
	RebuildCommonClasses (69ms)
	RebuildNativeTypeToScriptingClass (23ms)
	initialDomainReloadingComplete (69ms)
	LoadAllAssembliesAndSetupDomain (448ms)
		LoadAssemblies (592ms)
		RebuildTransferFunctionScriptingTraits (0ms)
		AnalyzeDomain (26ms)
			TypeCache.Refresh (10ms)
				TypeCache.ScanAssembly (0ms)
			ScanForSourceGeneratedMonoScriptInfo (0ms)
			ResolveRequiredComponents (12ms)
	FinalizeReload (1967ms)
		ReleaseScriptCaches (0ms)
		RebuildScriptCaches (0ms)
		SetupLoadedEditorAssemblies (847ms)
			LogAssemblyErrors (0ms)
			InitializePlatformSupportModulesInManaged (17ms)
			SetLoadedEditorAssemblies (9ms)
			RefreshPlugins (0ms)
			BeforeProcessingInitializeOnLoad (147ms)
			ProcessInitializeOnLoadAttributes (603ms)
			ProcessInitializeOnLoadMethodAttributes (44ms)
			AfterProcessingInitializeOnLoad (26ms)
			EditorAssembliesLoaded (0ms)
		ExecutionOrderSort2 (0ms)
		AwakeInstancesAfterBackupRestoration (17ms)
Refreshing native plugins compatible for Editor in 21.72 ms, found 4 plugins.
Preloading 0 native plugins for Editor in 0.00 ms.
Unloading 3252 Unused Serialized files (Serialized files now loaded: 0)
Unloading 16 unused Assets / (28.5 KB). Loaded Objects now: 3812.
Memory consumption went from 121.7 MB to 121.7 MB.
Total: 5.192800 ms (FindLiveObjects: 0.406300 ms CreateObjectMapping: 0.404200 ms MarkObjects: 4.320100 ms  DeleteObjects: 0.060700 ms)

Prepare: number of updated asset objects reloaded= 0
AssetImportParameters requested are different than current active one (requested -> active):
  custom:container-demuxer-ogg: 62fdf1f143b41e24485cea50d1cbac27 -> 
  custom:video-codec-MediaFoundation-h265: 746d11721c4dcdbdad8f713fa42b33f4 -> 
  custom:video-decoder-ogg-theora: a1e56fd34408186e4bbccfd4996cb3dc -> 
  custom:framework-win-MediaFoundation: 216162199b28c13a410421893ffa2e32 -> 
  custom:CustomObjectIndexerAttribute: 9a22284fe3817be447336de3de66b15e -> 
  custom:container-demuxer-webm: 4f35f7cbe854078d1ac9338744f61a02 -> 
  custom:container-muxer-webm: aa71ff27fc2769a1b78a27578f13a17b -> 
  custom:video-decoder-webm-vp8: 9c59270c3fd7afecdb556c50c9e8de78 -> 
  custom:SearchIndexIgnoredProperties: e643bd26f0fe6173181afceb89e7c659 -> 
  custom:AudioImporter_EditorPlatform: d09bf68614088b80899f8185d706f6e7 -> 
  custom:video-encoder-webm-vp8: eb34c28f22e8b96e1ab97ce403110664 -> 
  custom:audio-decoder-ogg-vorbis: bf7c407c2cedff20999df2af8eb42d56 -> 
  custom:audio-encoder-webm-vorbis: bf7c407c2cedff20999df2af8eb42d56 -> 
========================================================================
Received Prepare
Caller must complete domain reload
Begin MonoManager ReloadAssembly
- Loaded All Assemblies, in  0.897 seconds
Native extension for WindowsStandalone target not found
Native extension for WebGL target not found
Mono: successfully reloaded assembly
- Finished resetting the current domain, in  2.055 seconds
Domain Reload Profiling: 2941ms
	BeginReloadAssembly (281ms)
		ExecutionOrderSort (0ms)
		DisableScriptedObjects (11ms)
		BackupInstance (0ms)
		ReleaseScriptingObjects (0ms)
		CreateAndSetChildDomain (56ms)
	RebuildCommonClasses (71ms)
	RebuildNativeTypeToScriptingClass (23ms)
	initialDomainReloadingComplete (67ms)
	LoadAllAssembliesAndSetupDomain (441ms)
		LoadAssemblies (570ms)
		RebuildTransferFunctionScriptingTraits (0ms)
		AnalyzeDomain (28ms)
			TypeCache.Refresh (12ms)
				TypeCache.ScanAssembly (0ms)
			ScanForSourceGeneratedMonoScriptInfo (0ms)
			ResolveRequiredComponents (12ms)
	FinalizeReload (2056ms)
		ReleaseScriptCaches (0ms)
		RebuildScriptCaches (0ms)
		SetupLoadedEditorAssemblies (870ms)
			LogAssemblyErrors (0ms)
			InitializePlatformSupportModulesInManaged (20ms)
			SetLoadedEditorAssemblies (9ms)
			RefreshPlugins (0ms)
			BeforeProcessingInitializeOnLoad (148ms)
			ProcessInitializeOnLoadAttributes (620ms)
			ProcessInitializeOnLoadMethodAttributes (44ms)
			AfterProcessingInitializeOnLoad (29ms)
			EditorAssembliesLoaded (0ms)
		ExecutionOrderSort2 (0ms)
		AwakeInstancesAfterBackupRestoration (19ms)
Refreshing native plugins compatible for Editor in 21.52 ms, found 4 plugins.
Preloading 0 native plugins for Editor in 0.00 ms.
Unloading 3252 Unused Serialized files (Serialized files now loaded: 0)
Unloading 16 unused Assets / (28.5 KB). Loaded Objects now: 3815.
Memory consumption went from 121.7 MB to 121.7 MB.
Total: 4.465900 ms (FindLiveObjects: 0.368100 ms CreateObjectMapping: 0.320800 ms MarkObjects: 3.715500 ms  DeleteObjects: 0.059900 ms)

Prepare: number of updated asset objects reloaded= 0
AssetImportParameters requested are different than current active one (requested -> active):
  custom:container-demuxer-ogg: 62fdf1f143b41e24485cea50d1cbac27 -> 
  custom:video-codec-MediaFoundation-h265: 746d11721c4dcdbdad8f713fa42b33f4 -> 
  custom:video-decoder-ogg-theora: a1e56fd34408186e4bbccfd4996cb3dc -> 
  custom:framework-win-MediaFoundation: 216162199b28c13a410421893ffa2e32 -> 
  custom:CustomObjectIndexerAttribute: 9a22284fe3817be447336de3de66b15e -> 
  custom:container-demuxer-webm: 4f35f7cbe854078d1ac9338744f61a02 -> 
  custom:container-muxer-webm: aa71ff27fc2769a1b78a27578f13a17b -> 
  custom:video-decoder-webm-vp8: 9c59270c3fd7afecdb556c50c9e8de78 -> 
  custom:SearchIndexIgnoredProperties: e643bd26f0fe6173181afceb89e7c659 -> 
  custom:AudioImporter_EditorPlatform: d09bf68614088b80899f8185d706f6e7 -> 
  custom:video-encoder-webm-vp8: eb34c28f22e8b96e1ab97ce403110664 -> 
  custom:audio-decoder-ogg-vorbis: bf7c407c2cedff20999df2af8eb42d56 -> 
  custom:audio-encoder-webm-vorbis: bf7c407c2cedff20999df2af8eb42d56 -> 
========================================================================
Received Prepare
Caller must complete domain reload
Begin MonoManager ReloadAssembly
- Loaded All Assemblies, in  0.959 seconds
Native extension for WindowsStandalone target not found
Native extension for WebGL target not found
Mono: successfully reloaded assembly
- Finished resetting the current domain, in  1.990 seconds
Domain Reload Profiling: 2933ms
	BeginReloadAssembly (287ms)
		ExecutionOrderSort (0ms)
		DisableScriptedObjects (10ms)
		BackupInstance (0ms)
		ReleaseScriptingObjects (0ms)
		CreateAndSetChildDomain (52ms)
	RebuildCommonClasses (75ms)
	RebuildNativeTypeToScriptingClass (27ms)
	initialDomainReloadingComplete (72ms)
	LoadAllAssembliesAndSetupDomain (482ms)
		LoadAssemblies (620ms)
		RebuildTransferFunctionScriptingTraits (0ms)
		AnalyzeDomain (30ms)
			TypeCache.Refresh (10ms)
				TypeCache.ScanAssembly (0ms)
			ScanForSourceGeneratedMonoScriptInfo (0ms)
			ResolveRequiredComponents (14ms)
	FinalizeReload (1990ms)
		ReleaseScriptCaches (0ms)
		RebuildScriptCaches (0ms)
		SetupLoadedEditorAssemblies (822ms)
			LogAssemblyErrors (0ms)
			InitializePlatformSupportModulesInManaged (18ms)
			SetLoadedEditorAssemblies (9ms)
			RefreshPlugins (0ms)
			BeforeProcessingInitializeOnLoad (135ms)
			ProcessInitializeOnLoadAttributes (587ms)
			ProcessInitializeOnLoadMethodAttributes (46ms)
			AfterProcessingInitializeOnLoad (26ms)
			EditorAssembliesLoaded (0ms)
		ExecutionOrderSort2 (0ms)
		AwakeInstancesAfterBackupRestoration (18ms)
Refreshing native plugins compatible for Editor in 18.14 ms, found 4 plugins.
Preloading 0 native plugins for Editor in 0.00 ms.
Unloading 3252 Unused Serialized files (Serialized files now loaded: 0)
Unloading 16 unused Assets / (28.5 KB). Loaded Objects now: 3818.
Memory consumption went from 121.7 MB to 121.7 MB.
Total: 5.006100 ms (FindLiveObjects: 0.433500 ms CreateObjectMapping: 0.388600 ms MarkObjects: 4.112100 ms  DeleteObjects: 0.069800 ms)

Prepare: number of updated asset objects reloaded= 0
AssetImportParameters requested are different than current active one (requested -> active):
  custom:container-demuxer-ogg: 62fdf1f143b41e24485cea50d1cbac27 -> 
  custom:video-codec-MediaFoundation-h265: 746d11721c4dcdbdad8f713fa42b33f4 -> 
  custom:video-decoder-ogg-theora: a1e56fd34408186e4bbccfd4996cb3dc -> 
  custom:framework-win-MediaFoundation: 216162199b28c13a410421893ffa2e32 -> 
  custom:CustomObjectIndexerAttribute: 9a22284fe3817be447336de3de66b15e -> 
  custom:container-demuxer-webm: 4f35f7cbe854078d1ac9338744f61a02 -> 
  custom:container-muxer-webm: aa71ff27fc2769a1b78a27578f13a17b -> 
  custom:video-decoder-webm-vp8: 9c59270c3fd7afecdb556c50c9e8de78 -> 
  custom:SearchIndexIgnoredProperties: e643bd26f0fe6173181afceb89e7c659 -> 
  custom:AudioImporter_EditorPlatform: d09bf68614088b80899f8185d706f6e7 -> 
  custom:video-encoder-webm-vp8: eb34c28f22e8b96e1ab97ce403110664 -> 
  custom:audio-decoder-ogg-vorbis: bf7c407c2cedff20999df2af8eb42d56 -> 
  custom:audio-encoder-webm-vorbis: bf7c407c2cedff20999df2af8eb42d56 -> 
========================================================================
Received Import Request.
  Time since last request: 766.054833 seconds.
  path: Assets/ABRes/Prefabs/UI/MainPanel.prefab
  artifactKey: Guid(f9a49ca2f5f1a5f40abfcb58f5718c30) Importer(815301076,1909f56bfc062723c751e8b465ee728b)
Start importing Assets/ABRes/Prefabs/UI/MainPanel.prefab using Guid(f9a49ca2f5f1a5f40abfcb58f5718c30) Importer(815301076,1909f56bfc062723c751e8b465ee728b) [PhysX] Initialized MultithreadedTaskDispatcher with 12 workers.
 -> (artifact id: 'aecb1b0e4bed52a41544ebea7b64c9d3') in 0.131669 seconds
Number of updated asset objects reloaded before import = 0
Number of asset objects unloaded after import = 96
========================================================================
Received Import Request.
  Time since last request: 69.264821 seconds.
  path: Assets/ABRes/Prefabs/UI/PreMatchPanel.prefab
  artifactKey: Guid(27ff13e029d6a0c4b997dea5012e5c8b) Importer(815301076,1909f56bfc062723c751e8b465ee728b)
Start importing Assets/ABRes/Prefabs/UI/PreMatchPanel.prefab using Guid(27ff13e029d6a0c4b997dea5012e5c8b) Importer(815301076,1909f56bfc062723c751e8b465ee728b) [PhysX] Initialized MultithreadedTaskDispatcher with 12 workers.
 -> (artifact id: '0d14c82836a032301c2a4077244a14fc') in 0.621889 seconds
Number of updated asset objects reloaded before import = 0
Number of asset objects unloaded after import = 205
========================================================================
Received Import Request.
  Time since last request: 154.711601 seconds.
  path: Assets/ABRes/Prefabs/UI/GameMatch1V1Panel.prefab
  artifactKey: Guid(c29957e7fb31d4e40805f650bb59faed) Importer(815301076,1909f56bfc062723c751e8b465ee728b)
Start importing Assets/ABRes/Prefabs/UI/GameMatch1V1Panel.prefab using Guid(c29957e7fb31d4e40805f650bb59faed) Importer(815301076,1909f56bfc062723c751e8b465ee728b) [PhysX] Initialized MultithreadedTaskDispatcher with 12 workers.
 -> (artifact id: 'eb9d4535040bf09426c760fac5b74784') in 0.582987 seconds
Number of updated asset objects reloaded before import = 0
Number of asset objects unloaded after import = 233
========================================================================
Received Import Request.
  Time since last request: 47.471745 seconds.
  path: Assets/ABRes/Prefabs/UI/PreMatchPanel.prefab
  artifactKey: Guid(27ff13e029d6a0c4b997dea5012e5c8b) Importer(815301076,1909f56bfc062723c751e8b465ee728b)
Start importing Assets/ABRes/Prefabs/UI/PreMatchPanel.prefab using Guid(27ff13e029d6a0c4b997dea5012e5c8b) Importer(815301076,1909f56bfc062723c751e8b465ee728b) [PhysX] Initialized MultithreadedTaskDispatcher with 12 workers.
 -> (artifact id: '19db72afee16a00fb40bb7ce951e02e6') in 0.572064 seconds
Number of updated asset objects reloaded before import = 0
Number of asset objects unloaded after import = 207
========================================================================
Received Prepare
Refreshing native plugins compatible for Editor in 20.06 ms, found 4 plugins.
Preloading 0 native plugins for Editor in 0.00 ms.
Unloading 0 Unused Serialized files (Serialized files now loaded: 0)
Unloading 5 unused Assets / (2.4 KB). Loaded Objects now: 3818.
Memory consumption went from 71.0 MB to 71.0 MB.
Total: 9.415200 ms (FindLiveObjects: 0.389300 ms CreateObjectMapping: 0.397000 ms MarkObjects: 8.567000 ms  DeleteObjects: 0.060100 ms)

Prepare: number of updated asset objects reloaded= 0
AssetImportParameters requested are different than current active one (requested -> active):
  custom:container-demuxer-ogg: 62fdf1f143b41e24485cea50d1cbac27 -> 
  custom:video-codec-MediaFoundation-h265: 746d11721c4dcdbdad8f713fa42b33f4 -> 
  custom:video-decoder-ogg-theora: a1e56fd34408186e4bbccfd4996cb3dc -> 
  custom:framework-win-MediaFoundation: 216162199b28c13a410421893ffa2e32 -> 
  custom:CustomObjectIndexerAttribute: 9a22284fe3817be447336de3de66b15e -> 
  custom:container-demuxer-webm: 4f35f7cbe854078d1ac9338744f61a02 -> 
  custom:container-muxer-webm: aa71ff27fc2769a1b78a27578f13a17b -> 
  custom:video-decoder-webm-vp8: 9c59270c3fd7afecdb556c50c9e8de78 -> 
  custom:SearchIndexIgnoredProperties: e643bd26f0fe6173181afceb89e7c659 -> 
  custom:AudioImporter_EditorPlatform: d09bf68614088b80899f8185d706f6e7 -> 
  custom:video-encoder-webm-vp8: eb34c28f22e8b96e1ab97ce403110664 -> 
  custom:audio-decoder-ogg-vorbis: bf7c407c2cedff20999df2af8eb42d56 -> 
  custom:audio-encoder-webm-vorbis: bf7c407c2cedff20999df2af8eb42d56 -> 
========================================================================
Received Prepare
Refreshing native plugins compatible for Editor in 21.49 ms, found 4 plugins.
Preloading 0 native plugins for Editor in 0.00 ms.
Unloading 1 Unused Serialized files (Serialized files now loaded: 0)
Unloading 1 unused Assets / (3.1 KB). Loaded Objects now: 3818.
Memory consumption went from 71.2 MB to 71.2 MB.
Total: 6.675800 ms (FindLiveObjects: 0.390700 ms CreateObjectMapping: 0.339800 ms MarkObjects: 5.900000 ms  DeleteObjects: 0.043600 ms)

Prepare: number of updated asset objects reloaded= 0
AssetImportParameters requested are different than current active one (requested -> active):
  custom:container-demuxer-ogg: 62fdf1f143b41e24485cea50d1cbac27 -> 
  custom:video-codec-MediaFoundation-h265: 746d11721c4dcdbdad8f713fa42b33f4 -> 
  custom:video-decoder-ogg-theora: a1e56fd34408186e4bbccfd4996cb3dc -> 
  custom:framework-win-MediaFoundation: 216162199b28c13a410421893ffa2e32 -> 
  custom:CustomObjectIndexerAttribute: 9a22284fe3817be447336de3de66b15e -> 
  custom:container-demuxer-webm: 4f35f7cbe854078d1ac9338744f61a02 -> 
  custom:container-muxer-webm: aa71ff27fc2769a1b78a27578f13a17b -> 
  custom:video-decoder-webm-vp8: 9c59270c3fd7afecdb556c50c9e8de78 -> 
  custom:SearchIndexIgnoredProperties: e643bd26f0fe6173181afceb89e7c659 -> 
  custom:AudioImporter_EditorPlatform: d09bf68614088b80899f8185d706f6e7 -> 
  custom:video-encoder-webm-vp8: eb34c28f22e8b96e1ab97ce403110664 -> 
  custom:audio-decoder-ogg-vorbis: bf7c407c2cedff20999df2af8eb42d56 -> 
  custom:audio-encoder-webm-vorbis: bf7c407c2cedff20999df2af8eb42d56 -> 
========================================================================
Received Prepare
Refreshing native plugins compatible for Editor in 21.05 ms, found 4 plugins.
Preloading 0 native plugins for Editor in 0.00 ms.
Unloading 1 Unused Serialized files (Serialized files now loaded: 0)
Unloading 1 unused Assets / (3.1 KB). Loaded Objects now: 3818.
Memory consumption went from 71.2 MB to 71.2 MB.
Total: 5.813800 ms (FindLiveObjects: 0.405500 ms CreateObjectMapping: 0.326200 ms MarkObjects: 5.035700 ms  DeleteObjects: 0.044700 ms)

Prepare: number of updated asset objects reloaded= 0
AssetImportParameters requested are different than current active one (requested -> active):
  custom:container-demuxer-ogg: 62fdf1f143b41e24485cea50d1cbac27 -> 
  custom:video-codec-MediaFoundation-h265: 746d11721c4dcdbdad8f713fa42b33f4 -> 
  custom:video-decoder-ogg-theora: a1e56fd34408186e4bbccfd4996cb3dc -> 
  custom:framework-win-MediaFoundation: 216162199b28c13a410421893ffa2e32 -> 
  custom:CustomObjectIndexerAttribute: 9a22284fe3817be447336de3de66b15e -> 
  custom:container-demuxer-webm: 4f35f7cbe854078d1ac9338744f61a02 -> 
  custom:container-muxer-webm: aa71ff27fc2769a1b78a27578f13a17b -> 
  custom:video-decoder-webm-vp8: 9c59270c3fd7afecdb556c50c9e8de78 -> 
  custom:SearchIndexIgnoredProperties: e643bd26f0fe6173181afceb89e7c659 -> 
  custom:AudioImporter_EditorPlatform: d09bf68614088b80899f8185d706f6e7 -> 
  custom:video-encoder-webm-vp8: eb34c28f22e8b96e1ab97ce403110664 -> 
  custom:audio-decoder-ogg-vorbis: bf7c407c2cedff20999df2af8eb42d56 -> 
  custom:audio-encoder-webm-vorbis: bf7c407c2cedff20999df2af8eb42d56 -> 
========================================================================
Received Prepare
Refreshing native plugins compatible for Editor in 23.70 ms, found 4 plugins.
Preloading 0 native plugins for Editor in 0.00 ms.
Unloading 1 Unused Serialized files (Serialized files now loaded: 0)
Unloading 1 unused Assets / (3.1 KB). Loaded Objects now: 3818.
Memory consumption went from 71.2 MB to 71.2 MB.
Total: 9.447000 ms (FindLiveObjects: 0.561600 ms CreateObjectMapping: 0.491900 ms MarkObjects: 8.354600 ms  DeleteObjects: 0.036800 ms)

Prepare: number of updated asset objects reloaded= 0
AssetImportParameters requested are different than current active one (requested -> active):
  custom:container-demuxer-ogg: 62fdf1f143b41e24485cea50d1cbac27 -> 
  custom:video-codec-MediaFoundation-h265: 746d11721c4dcdbdad8f713fa42b33f4 -> 
  custom:video-decoder-ogg-theora: a1e56fd34408186e4bbccfd4996cb3dc -> 
  custom:framework-win-MediaFoundation: 216162199b28c13a410421893ffa2e32 -> 
  custom:CustomObjectIndexerAttribute: 9a22284fe3817be447336de3de66b15e -> 
  custom:container-demuxer-webm: 4f35f7cbe854078d1ac9338744f61a02 -> 
  custom:container-muxer-webm: aa71ff27fc2769a1b78a27578f13a17b -> 
  custom:video-decoder-webm-vp8: 9c59270c3fd7afecdb556c50c9e8de78 -> 
  custom:SearchIndexIgnoredProperties: e643bd26f0fe6173181afceb89e7c659 -> 
  custom:AudioImporter_EditorPlatform: d09bf68614088b80899f8185d706f6e7 -> 
  custom:video-encoder-webm-vp8: eb34c28f22e8b96e1ab97ce403110664 -> 
  custom:audio-decoder-ogg-vorbis: bf7c407c2cedff20999df2af8eb42d56 -> 
  custom:audio-encoder-webm-vorbis: bf7c407c2cedff20999df2af8eb42d56 -> 
========================================================================
Received Prepare
Refreshing native plugins compatible for Editor in 21.08 ms, found 4 plugins.
Preloading 0 native plugins for Editor in 0.00 ms.
Unloading 1 Unused Serialized files (Serialized files now loaded: 0)
Unloading 1 unused Assets / (3.1 KB). Loaded Objects now: 3818.
Memory consumption went from 71.2 MB to 71.2 MB.
Total: 6.025600 ms (FindLiveObjects: 0.496100 ms CreateObjectMapping: 0.430300 ms MarkObjects: 5.045400 ms  DeleteObjects: 0.051600 ms)

Prepare: number of updated asset objects reloaded= 0
AssetImportParameters requested are different than current active one (requested -> active):
  custom:container-demuxer-ogg: 62fdf1f143b41e24485cea50d1cbac27 -> 
  custom:video-codec-MediaFoundation-h265: 746d11721c4dcdbdad8f713fa42b33f4 -> 
  custom:video-decoder-ogg-theora: a1e56fd34408186e4bbccfd4996cb3dc -> 
  custom:framework-win-MediaFoundation: 216162199b28c13a410421893ffa2e32 -> 
  custom:CustomObjectIndexerAttribute: 9a22284fe3817be447336de3de66b15e -> 
  custom:container-demuxer-webm: 4f35f7cbe854078d1ac9338744f61a02 -> 
  custom:container-muxer-webm: aa71ff27fc2769a1b78a27578f13a17b -> 
  custom:video-decoder-webm-vp8: 9c59270c3fd7afecdb556c50c9e8de78 -> 
  custom:SearchIndexIgnoredProperties: e643bd26f0fe6173181afceb89e7c659 -> 
  custom:AudioImporter_EditorPlatform: d09bf68614088b80899f8185d706f6e7 -> 
  custom:video-encoder-webm-vp8: eb34c28f22e8b96e1ab97ce403110664 -> 
  custom:audio-decoder-ogg-vorbis: bf7c407c2cedff20999df2af8eb42d56 -> 
  custom:audio-encoder-webm-vorbis: bf7c407c2cedff20999df2af8eb42d56 -> 
========================================================================
Received Prepare
Refreshing native plugins compatible for Editor in 17.14 ms, found 4 plugins.
Preloading 0 native plugins for Editor in 0.00 ms.
Unloading 1 Unused Serialized files (Serialized files now loaded: 0)
Unloading 1 unused Assets / (3.1 KB). Loaded Objects now: 3818.
Memory consumption went from 71.2 MB to 71.2 MB.
Total: 4.979300 ms (FindLiveObjects: 0.362000 ms CreateObjectMapping: 0.303100 ms MarkObjects: 4.281200 ms  DeleteObjects: 0.031400 ms)

Prepare: number of updated asset objects reloaded= 0
AssetImportParameters requested are different than current active one (requested -> active):
  custom:container-demuxer-ogg: 62fdf1f143b41e24485cea50d1cbac27 -> 
  custom:video-codec-MediaFoundation-h265: 746d11721c4dcdbdad8f713fa42b33f4 -> 
  custom:video-decoder-ogg-theora: a1e56fd34408186e4bbccfd4996cb3dc -> 
  custom:framework-win-MediaFoundation: 216162199b28c13a410421893ffa2e32 -> 
  custom:CustomObjectIndexerAttribute: 9a22284fe3817be447336de3de66b15e -> 
  custom:container-demuxer-webm: 4f35f7cbe854078d1ac9338744f61a02 -> 
  custom:container-muxer-webm: aa71ff27fc2769a1b78a27578f13a17b -> 
  custom:video-decoder-webm-vp8: 9c59270c3fd7afecdb556c50c9e8de78 -> 
  custom:SearchIndexIgnoredProperties: e643bd26f0fe6173181afceb89e7c659 -> 
  custom:AudioImporter_EditorPlatform: d09bf68614088b80899f8185d706f6e7 -> 
  custom:video-encoder-webm-vp8: eb34c28f22e8b96e1ab97ce403110664 -> 
  custom:audio-decoder-ogg-vorbis: bf7c407c2cedff20999df2af8eb42d56 -> 
  custom:audio-encoder-webm-vorbis: bf7c407c2cedff20999df2af8eb42d56 -> 
========================================================================
Received Prepare
Caller must complete domain reload
Begin MonoManager ReloadAssembly
- Loaded All Assemblies, in  0.907 seconds
Native extension for WindowsStandalone target not found
Native extension for WebGL target not found
Mono: successfully reloaded assembly
- Finished resetting the current domain, in  2.008 seconds
Domain Reload Profiling: 2900ms
	BeginReloadAssembly (281ms)
		ExecutionOrderSort (0ms)
		DisableScriptedObjects (11ms)
		BackupInstance (0ms)
		ReleaseScriptingObjects (0ms)
		CreateAndSetChildDomain (52ms)
	RebuildCommonClasses (67ms)
	RebuildNativeTypeToScriptingClass (21ms)
	initialDomainReloadingComplete (70ms)
	LoadAllAssembliesAndSetupDomain (453ms)
		LoadAssemblies (585ms)
		RebuildTransferFunctionScriptingTraits (0ms)
		AnalyzeDomain (25ms)
			TypeCache.Refresh (9ms)
				TypeCache.ScanAssembly (0ms)
			ScanForSourceGeneratedMonoScriptInfo (0ms)
			ResolveRequiredComponents (11ms)
	FinalizeReload (2009ms)
		ReleaseScriptCaches (0ms)
		RebuildScriptCaches (0ms)
		SetupLoadedEditorAssemblies (858ms)
			LogAssemblyErrors (0ms)
			InitializePlatformSupportModulesInManaged (19ms)
			SetLoadedEditorAssemblies (9ms)
			RefreshPlugins (0ms)
			BeforeProcessingInitializeOnLoad (144ms)
			ProcessInitializeOnLoadAttributes (608ms)
			ProcessInitializeOnLoadMethodAttributes (49ms)
			AfterProcessingInitializeOnLoad (29ms)
			EditorAssembliesLoaded (0ms)
		ExecutionOrderSort2 (0ms)
		AwakeInstancesAfterBackupRestoration (19ms)
Refreshing native plugins compatible for Editor in 21.19 ms, found 4 plugins.
Preloading 0 native plugins for Editor in 0.00 ms.
Unloading 3252 Unused Serialized files (Serialized files now loaded: 0)
Unloading 16 unused Assets / (28.5 KB). Loaded Objects now: 3821.
Memory consumption went from 121.7 MB to 121.7 MB.
Total: 4.978700 ms (FindLiveObjects: 0.466100 ms CreateObjectMapping: 0.343200 ms MarkObjects: 4.099000 ms  DeleteObjects: 0.068100 ms)

Prepare: number of updated asset objects reloaded= 0
AssetImportParameters requested are different than current active one (requested -> active):
  custom:container-demuxer-ogg: 62fdf1f143b41e24485cea50d1cbac27 -> 
  custom:video-codec-MediaFoundation-h265: 746d11721c4dcdbdad8f713fa42b33f4 -> 
  custom:video-decoder-ogg-theora: a1e56fd34408186e4bbccfd4996cb3dc -> 
  custom:framework-win-MediaFoundation: 216162199b28c13a410421893ffa2e32 -> 
  custom:CustomObjectIndexerAttribute: 9a22284fe3817be447336de3de66b15e -> 
  custom:container-demuxer-webm: 4f35f7cbe854078d1ac9338744f61a02 -> 
  custom:container-muxer-webm: aa71ff27fc2769a1b78a27578f13a17b -> 
  custom:video-decoder-webm-vp8: 9c59270c3fd7afecdb556c50c9e8de78 -> 
  custom:SearchIndexIgnoredProperties: e643bd26f0fe6173181afceb89e7c659 -> 
  custom:AudioImporter_EditorPlatform: d09bf68614088b80899f8185d706f6e7 -> 
  custom:video-encoder-webm-vp8: eb34c28f22e8b96e1ab97ce403110664 -> 
  custom:audio-decoder-ogg-vorbis: bf7c407c2cedff20999df2af8eb42d56 -> 
  custom:audio-encoder-webm-vorbis: bf7c407c2cedff20999df2af8eb42d56 -> 
========================================================================
Received Import Request.
  Time since last request: 812.093861 seconds.
  path: Assets/ArtRes/微信图片_20250331181754.jpg
  artifactKey: Guid(68a4de6417ef0ed4aa5e7d58c5d0ee4d) Importer(815301076,1909f56bfc062723c751e8b465ee728b)
Start importing Assets/ArtRes/微信图片_20250331181754.jpg using Guid(68a4de6417ef0ed4aa5e7d58c5d0ee4d) Importer(815301076,1909f56bfc062723c751e8b465ee728b) [PhysX] Initialized MultithreadedTaskDispatcher with 12 workers.
[PhysX] Initialized MultithreadedTaskDispatcher with 12 workers.
 -> (artifact id: '2214a4efc7f5da74739945b5ecfea746') in 0.107542 seconds
Number of updated asset objects reloaded before import = 0
Number of asset objects unloaded after import = 2
========================================================================
Received Import Request.
  Time since last request: 4.033743 seconds.
  path: Assets/ArtRes/微信图片_20250331181754.jpg
  artifactKey: Guid(68a4de6417ef0ed4aa5e7d58c5d0ee4d) Importer(815301076,1909f56bfc062723c751e8b465ee728b)
Start importing Assets/ArtRes/微信图片_20250331181754.jpg using Guid(68a4de6417ef0ed4aa5e7d58c5d0ee4d) Importer(815301076,1909f56bfc062723c751e8b465ee728b) [PhysX] Initialized MultithreadedTaskDispatcher with 12 workers.
[PhysX] Initialized MultithreadedTaskDispatcher with 12 workers.
 -> (artifact id: 'aed1e0c4c6d7e089051c76082829c9bc') in 0.098368 seconds
Number of updated asset objects reloaded before import = 0
Number of asset objects unloaded after import = 3
========================================================================
Received Import Request.
  Time since last request: 1670.649165 seconds.
  path: Assets/ABRes/Prefabs/Modes/SettingPanel.prefab
  artifactKey: Guid(106595140857b554f81844c34b1b0207) Importer(815301076,1909f56bfc062723c751e8b465ee728b)
Start importing Assets/ABRes/Prefabs/Modes/SettingPanel.prefab using Guid(106595140857b554f81844c34b1b0207) Importer(815301076,1909f56bfc062723c751e8b465ee728b) [PhysX] Initialized MultithreadedTaskDispatcher with 12 workers.
 -> (artifact id: 'ad15bd7c3a354bdcbd87f1a2b1884a5b') in 0.772294 seconds
Number of updated asset objects reloaded before import = 0
Number of asset objects unloaded after import = 180
========================================================================
Received Prepare
Refreshing native plugins compatible for Editor in 25.44 ms, found 4 plugins.
Preloading 0 native plugins for Editor in 0.00 ms.
Unloading 0 Unused Serialized files (Serialized files now loaded: 0)
Unloading 5 unused Assets / (4.0 KB). Loaded Objects now: 3830.
Memory consumption went from 75.7 MB to 75.7 MB.
Total: 11.078200 ms (FindLiveObjects: 0.562600 ms CreateObjectMapping: 0.433100 ms MarkObjects: 10.001800 ms  DeleteObjects: 0.078000 ms)

Prepare: number of updated asset objects reloaded= 0
AssetImportParameters requested are different than current active one (requested -> active):
  custom:container-demuxer-ogg: 62fdf1f143b41e24485cea50d1cbac27 -> 
  custom:video-codec-MediaFoundation-h265: 746d11721c4dcdbdad8f713fa42b33f4 -> 
  custom:video-decoder-ogg-theora: a1e56fd34408186e4bbccfd4996cb3dc -> 
  custom:framework-win-MediaFoundation: 216162199b28c13a410421893ffa2e32 -> 
  custom:CustomObjectIndexerAttribute: 9a22284fe3817be447336de3de66b15e -> 
  custom:container-demuxer-webm: 4f35f7cbe854078d1ac9338744f61a02 -> 
  custom:container-muxer-webm: aa71ff27fc2769a1b78a27578f13a17b -> 
  custom:video-decoder-webm-vp8: 9c59270c3fd7afecdb556c50c9e8de78 -> 
  custom:SearchIndexIgnoredProperties: e643bd26f0fe6173181afceb89e7c659 -> 
  custom:AudioImporter_EditorPlatform: d09bf68614088b80899f8185d706f6e7 -> 
  custom:video-encoder-webm-vp8: eb34c28f22e8b96e1ab97ce403110664 -> 
  custom:audio-decoder-ogg-vorbis: bf7c407c2cedff20999df2af8eb42d56 -> 
  custom:audio-encoder-webm-vorbis: bf7c407c2cedff20999df2af8eb42d56 -> 
========================================================================
Received Prepare
Refreshing native plugins compatible for Editor in 19.99 ms, found 4 plugins.
Preloading 0 native plugins for Editor in 0.00 ms.
Unloading 1 Unused Serialized files (Serialized files now loaded: 0)
Unloading 1 unused Assets / (3.1 KB). Loaded Objects now: 3830.
Memory consumption went from 76.0 MB to 76.0 MB.
Total: 5.864700 ms (FindLiveObjects: 0.464900 ms CreateObjectMapping: 0.506500 ms MarkObjects: 4.859100 ms  DeleteObjects: 0.032600 ms)

Prepare: number of updated asset objects reloaded= 0
AssetImportParameters requested are different than current active one (requested -> active):
  custom:container-demuxer-ogg: 62fdf1f143b41e24485cea50d1cbac27 -> 
  custom:video-codec-MediaFoundation-h265: 746d11721c4dcdbdad8f713fa42b33f4 -> 
  custom:video-decoder-ogg-theora: a1e56fd34408186e4bbccfd4996cb3dc -> 
  custom:framework-win-MediaFoundation: 216162199b28c13a410421893ffa2e32 -> 
  custom:CustomObjectIndexerAttribute: 9a22284fe3817be447336de3de66b15e -> 
  custom:container-demuxer-webm: 4f35f7cbe854078d1ac9338744f61a02 -> 
  custom:container-muxer-webm: aa71ff27fc2769a1b78a27578f13a17b -> 
  custom:video-decoder-webm-vp8: 9c59270c3fd7afecdb556c50c9e8de78 -> 
  custom:SearchIndexIgnoredProperties: e643bd26f0fe6173181afceb89e7c659 -> 
  custom:AudioImporter_EditorPlatform: d09bf68614088b80899f8185d706f6e7 -> 
  custom:video-encoder-webm-vp8: eb34c28f22e8b96e1ab97ce403110664 -> 
  custom:audio-decoder-ogg-vorbis: bf7c407c2cedff20999df2af8eb42d56 -> 
  custom:audio-encoder-webm-vorbis: bf7c407c2cedff20999df2af8eb42d56 -> 
========================================================================
Received Prepare
Refreshing native plugins compatible for Editor in 18.40 ms, found 4 plugins.
Preloading 0 native plugins for Editor in 0.00 ms.
Unloading 1 Unused Serialized files (Serialized files now loaded: 0)
Unloading 1 unused Assets / (3.1 KB). Loaded Objects now: 3830.
Memory consumption went from 76.0 MB to 76.0 MB.
Total: 5.900400 ms (FindLiveObjects: 0.451500 ms CreateObjectMapping: 0.403200 ms MarkObjects: 4.989400 ms  DeleteObjects: 0.054600 ms)

Prepare: number of updated asset objects reloaded= 0
AssetImportParameters requested are different than current active one (requested -> active):
  custom:container-demuxer-ogg: 62fdf1f143b41e24485cea50d1cbac27 -> 
  custom:video-codec-MediaFoundation-h265: 746d11721c4dcdbdad8f713fa42b33f4 -> 
  custom:video-decoder-ogg-theora: a1e56fd34408186e4bbccfd4996cb3dc -> 
  custom:framework-win-MediaFoundation: 216162199b28c13a410421893ffa2e32 -> 
  custom:CustomObjectIndexerAttribute: 9a22284fe3817be447336de3de66b15e -> 
  custom:container-demuxer-webm: 4f35f7cbe854078d1ac9338744f61a02 -> 
  custom:container-muxer-webm: aa71ff27fc2769a1b78a27578f13a17b -> 
  custom:video-decoder-webm-vp8: 9c59270c3fd7afecdb556c50c9e8de78 -> 
  custom:SearchIndexIgnoredProperties: e643bd26f0fe6173181afceb89e7c659 -> 
  custom:AudioImporter_EditorPlatform: d09bf68614088b80899f8185d706f6e7 -> 
  custom:video-encoder-webm-vp8: eb34c28f22e8b96e1ab97ce403110664 -> 
  custom:audio-decoder-ogg-vorbis: bf7c407c2cedff20999df2af8eb42d56 -> 
  custom:audio-encoder-webm-vorbis: bf7c407c2cedff20999df2af8eb42d56 -> 
========================================================================
Received Prepare
Refreshing native plugins compatible for Editor in 19.50 ms, found 4 plugins.
Preloading 0 native plugins for Editor in 0.00 ms.
Unloading 1 Unused Serialized files (Serialized files now loaded: 0)
Unloading 1 unused Assets / (3.1 KB). Loaded Objects now: 3830.
Memory consumption went from 76.0 MB to 76.0 MB.
Total: 7.490500 ms (FindLiveObjects: 0.376400 ms CreateObjectMapping: 0.315300 ms MarkObjects: 6.762600 ms  DeleteObjects: 0.034400 ms)

Prepare: number of updated asset objects reloaded= 0
AssetImportParameters requested are different than current active one (requested -> active):
  custom:container-demuxer-ogg: 62fdf1f143b41e24485cea50d1cbac27 -> 
  custom:video-codec-MediaFoundation-h265: 746d11721c4dcdbdad8f713fa42b33f4 -> 
  custom:video-decoder-ogg-theora: a1e56fd34408186e4bbccfd4996cb3dc -> 
  custom:framework-win-MediaFoundation: 216162199b28c13a410421893ffa2e32 -> 
  custom:CustomObjectIndexerAttribute: 9a22284fe3817be447336de3de66b15e -> 
  custom:container-demuxer-webm: 4f35f7cbe854078d1ac9338744f61a02 -> 
  custom:container-muxer-webm: aa71ff27fc2769a1b78a27578f13a17b -> 
  custom:video-decoder-webm-vp8: 9c59270c3fd7afecdb556c50c9e8de78 -> 
  custom:SearchIndexIgnoredProperties: e643bd26f0fe6173181afceb89e7c659 -> 
  custom:AudioImporter_EditorPlatform: d09bf68614088b80899f8185d706f6e7 -> 
  custom:video-encoder-webm-vp8: eb34c28f22e8b96e1ab97ce403110664 -> 
  custom:audio-decoder-ogg-vorbis: bf7c407c2cedff20999df2af8eb42d56 -> 
  custom:audio-encoder-webm-vorbis: bf7c407c2cedff20999df2af8eb42d56 -> 
========================================================================
Received Prepare
Refreshing native plugins compatible for Editor in 21.14 ms, found 4 plugins.
Preloading 0 native plugins for Editor in 0.00 ms.
Unloading 1 Unused Serialized files (Serialized files now loaded: 0)
Unloading 1 unused Assets / (3.1 KB). Loaded Objects now: 3830.
Memory consumption went from 76.0 MB to 76.0 MB.
Total: 7.071100 ms (FindLiveObjects: 0.430300 ms CreateObjectMapping: 0.323300 ms MarkObjects: 6.282200 ms  DeleteObjects: 0.033700 ms)

Prepare: number of updated asset objects reloaded= 0
AssetImportParameters requested are different than current active one (requested -> active):
  custom:container-demuxer-ogg: 62fdf1f143b41e24485cea50d1cbac27 -> 
  custom:video-codec-MediaFoundation-h265: 746d11721c4dcdbdad8f713fa42b33f4 -> 
  custom:video-decoder-ogg-theora: a1e56fd34408186e4bbccfd4996cb3dc -> 
  custom:framework-win-MediaFoundation: 216162199b28c13a410421893ffa2e32 -> 
  custom:CustomObjectIndexerAttribute: 9a22284fe3817be447336de3de66b15e -> 
  custom:container-demuxer-webm: 4f35f7cbe854078d1ac9338744f61a02 -> 
  custom:container-muxer-webm: aa71ff27fc2769a1b78a27578f13a17b -> 
  custom:video-decoder-webm-vp8: 9c59270c3fd7afecdb556c50c9e8de78 -> 
  custom:SearchIndexIgnoredProperties: e643bd26f0fe6173181afceb89e7c659 -> 
  custom:AudioImporter_EditorPlatform: d09bf68614088b80899f8185d706f6e7 -> 
  custom:video-encoder-webm-vp8: eb34c28f22e8b96e1ab97ce403110664 -> 
  custom:audio-decoder-ogg-vorbis: bf7c407c2cedff20999df2af8eb42d56 -> 
  custom:audio-encoder-webm-vorbis: bf7c407c2cedff20999df2af8eb42d56 -> 
========================================================================
Received Prepare
Refreshing native plugins compatible for Editor in 17.86 ms, found 4 plugins.
Preloading 0 native plugins for Editor in 0.00 ms.
Unloading 1 Unused Serialized files (Serialized files now loaded: 0)
Unloading 1 unused Assets / (3.1 KB). Loaded Objects now: 3830.
Memory consumption went from 76.0 MB to 76.0 MB.
Total: 6.385600 ms (FindLiveObjects: 0.357500 ms CreateObjectMapping: 0.311000 ms MarkObjects: 5.683400 ms  DeleteObjects: 0.032500 ms)

Prepare: number of updated asset objects reloaded= 0
AssetImportParameters requested are different than current active one (requested -> active):
  custom:container-demuxer-ogg: 62fdf1f143b41e24485cea50d1cbac27 -> 
  custom:video-codec-MediaFoundation-h265: 746d11721c4dcdbdad8f713fa42b33f4 -> 
  custom:video-decoder-ogg-theora: a1e56fd34408186e4bbccfd4996cb3dc -> 
  custom:framework-win-MediaFoundation: 216162199b28c13a410421893ffa2e32 -> 
  custom:CustomObjectIndexerAttribute: 9a22284fe3817be447336de3de66b15e -> 
  custom:container-demuxer-webm: 4f35f7cbe854078d1ac9338744f61a02 -> 
  custom:container-muxer-webm: aa71ff27fc2769a1b78a27578f13a17b -> 
  custom:video-decoder-webm-vp8: 9c59270c3fd7afecdb556c50c9e8de78 -> 
  custom:SearchIndexIgnoredProperties: e643bd26f0fe6173181afceb89e7c659 -> 
  custom:AudioImporter_EditorPlatform: d09bf68614088b80899f8185d706f6e7 -> 
  custom:video-encoder-webm-vp8: eb34c28f22e8b96e1ab97ce403110664 -> 
  custom:audio-decoder-ogg-vorbis: bf7c407c2cedff20999df2af8eb42d56 -> 
  custom:audio-encoder-webm-vorbis: bf7c407c2cedff20999df2af8eb42d56 -> 
========================================================================
Received Prepare
Refreshing native plugins compatible for Editor in 23.63 ms, found 4 plugins.
Preloading 0 native plugins for Editor in 0.00 ms.
Unloading 1 Unused Serialized files (Serialized files now loaded: 0)
Unloading 1 unused Assets / (3.1 KB). Loaded Objects now: 3830.
Memory consumption went from 76.0 MB to 76.0 MB.
Total: 8.799900 ms (FindLiveObjects: 0.555300 ms CreateObjectMapping: 0.498800 ms MarkObjects: 7.699200 ms  DeleteObjects: 0.042900 ms)

Prepare: number of updated asset objects reloaded= 0
AssetImportParameters requested are different than current active one (requested -> active):
  custom:container-demuxer-ogg: 62fdf1f143b41e24485cea50d1cbac27 -> 
  custom:video-codec-MediaFoundation-h265: 746d11721c4dcdbdad8f713fa42b33f4 -> 
  custom:video-decoder-ogg-theora: a1e56fd34408186e4bbccfd4996cb3dc -> 
  custom:framework-win-MediaFoundation: 216162199b28c13a410421893ffa2e32 -> 
  custom:CustomObjectIndexerAttribute: 9a22284fe3817be447336de3de66b15e -> 
  custom:container-demuxer-webm: 4f35f7cbe854078d1ac9338744f61a02 -> 
  custom:container-muxer-webm: aa71ff27fc2769a1b78a27578f13a17b -> 
  custom:video-decoder-webm-vp8: 9c59270c3fd7afecdb556c50c9e8de78 -> 
  custom:SearchIndexIgnoredProperties: e643bd26f0fe6173181afceb89e7c659 -> 
  custom:AudioImporter_EditorPlatform: d09bf68614088b80899f8185d706f6e7 -> 
  custom:video-encoder-webm-vp8: eb34c28f22e8b96e1ab97ce403110664 -> 
  custom:audio-decoder-ogg-vorbis: bf7c407c2cedff20999df2af8eb42d56 -> 
  custom:audio-encoder-webm-vorbis: bf7c407c2cedff20999df2af8eb42d56 -> 
========================================================================
Received Prepare
Refreshing native plugins compatible for Editor in 18.28 ms, found 4 plugins.
Preloading 0 native plugins for Editor in 0.00 ms.
Unloading 1 Unused Serialized files (Serialized files now loaded: 0)
Unloading 1 unused Assets / (3.1 KB). Loaded Objects now: 3830.
Memory consumption went from 76.0 MB to 76.0 MB.
Total: 6.418000 ms (FindLiveObjects: 0.376100 ms CreateObjectMapping: 0.349400 ms MarkObjects: 5.653000 ms  DeleteObjects: 0.037600 ms)

Prepare: number of updated asset objects reloaded= 0
AssetImportParameters requested are different than current active one (requested -> active):
  custom:container-demuxer-ogg: 62fdf1f143b41e24485cea50d1cbac27 -> 
  custom:video-codec-MediaFoundation-h265: 746d11721c4dcdbdad8f713fa42b33f4 -> 
  custom:video-decoder-ogg-theora: a1e56fd34408186e4bbccfd4996cb3dc -> 
  custom:framework-win-MediaFoundation: 216162199b28c13a410421893ffa2e32 -> 
  custom:CustomObjectIndexerAttribute: 9a22284fe3817be447336de3de66b15e -> 
  custom:container-demuxer-webm: 4f35f7cbe854078d1ac9338744f61a02 -> 
  custom:container-muxer-webm: aa71ff27fc2769a1b78a27578f13a17b -> 
  custom:video-decoder-webm-vp8: 9c59270c3fd7afecdb556c50c9e8de78 -> 
  custom:SearchIndexIgnoredProperties: e643bd26f0fe6173181afceb89e7c659 -> 
  custom:AudioImporter_EditorPlatform: d09bf68614088b80899f8185d706f6e7 -> 
  custom:video-encoder-webm-vp8: eb34c28f22e8b96e1ab97ce403110664 -> 
  custom:audio-decoder-ogg-vorbis: bf7c407c2cedff20999df2af8eb42d56 -> 
  custom:audio-encoder-webm-vorbis: bf7c407c2cedff20999df2af8eb42d56 -> 
========================================================================
Received Prepare
Refreshing native plugins compatible for Editor in 19.37 ms, found 4 plugins.
Preloading 0 native plugins for Editor in 0.00 ms.
Unloading 1 Unused Serialized files (Serialized files now loaded: 0)
Unloading 1 unused Assets / (3.1 KB). Loaded Objects now: 3830.
Memory consumption went from 76.0 MB to 76.0 MB.
Total: 7.177700 ms (FindLiveObjects: 0.412400 ms CreateObjectMapping: 0.329200 ms MarkObjects: 6.395500 ms  DeleteObjects: 0.039100 ms)

Prepare: number of updated asset objects reloaded= 0
AssetImportParameters requested are different than current active one (requested -> active):
  custom:container-demuxer-ogg: 62fdf1f143b41e24485cea50d1cbac27 -> 
  custom:video-codec-MediaFoundation-h265: 746d11721c4dcdbdad8f713fa42b33f4 -> 
  custom:video-decoder-ogg-theora: a1e56fd34408186e4bbccfd4996cb3dc -> 
  custom:framework-win-MediaFoundation: 216162199b28c13a410421893ffa2e32 -> 
  custom:CustomObjectIndexerAttribute: 9a22284fe3817be447336de3de66b15e -> 
  custom:container-demuxer-webm: 4f35f7cbe854078d1ac9338744f61a02 -> 
  custom:container-muxer-webm: aa71ff27fc2769a1b78a27578f13a17b -> 
  custom:video-decoder-webm-vp8: 9c59270c3fd7afecdb556c50c9e8de78 -> 
  custom:SearchIndexIgnoredProperties: e643bd26f0fe6173181afceb89e7c659 -> 
  custom:AudioImporter_EditorPlatform: d09bf68614088b80899f8185d706f6e7 -> 
  custom:video-encoder-webm-vp8: eb34c28f22e8b96e1ab97ce403110664 -> 
  custom:audio-decoder-ogg-vorbis: bf7c407c2cedff20999df2af8eb42d56 -> 
  custom:audio-encoder-webm-vorbis: bf7c407c2cedff20999df2af8eb42d56 -> 
========================================================================
Received Prepare
Refreshing native plugins compatible for Editor in 27.72 ms, found 4 plugins.
Preloading 0 native plugins for Editor in 0.00 ms.
Unloading 1 Unused Serialized files (Serialized files now loaded: 0)
Unloading 1 unused Assets / (3.1 KB). Loaded Objects now: 3830.
Memory consumption went from 76.0 MB to 76.0 MB.
Total: 5.756200 ms (FindLiveObjects: 0.456200 ms CreateObjectMapping: 0.394700 ms MarkObjects: 4.855500 ms  DeleteObjects: 0.047700 ms)

Prepare: number of updated asset objects reloaded= 0
AssetImportParameters requested are different than current active one (requested -> active):
  custom:container-demuxer-ogg: 62fdf1f143b41e24485cea50d1cbac27 -> 
  custom:video-codec-MediaFoundation-h265: 746d11721c4dcdbdad8f713fa42b33f4 -> 
  custom:video-decoder-ogg-theora: a1e56fd34408186e4bbccfd4996cb3dc -> 
  custom:framework-win-MediaFoundation: 216162199b28c13a410421893ffa2e32 -> 
  custom:CustomObjectIndexerAttribute: 9a22284fe3817be447336de3de66b15e -> 
  custom:container-demuxer-webm: 4f35f7cbe854078d1ac9338744f61a02 -> 
  custom:container-muxer-webm: aa71ff27fc2769a1b78a27578f13a17b -> 
  custom:video-decoder-webm-vp8: 9c59270c3fd7afecdb556c50c9e8de78 -> 
  custom:SearchIndexIgnoredProperties: e643bd26f0fe6173181afceb89e7c659 -> 
  custom:AudioImporter_EditorPlatform: d09bf68614088b80899f8185d706f6e7 -> 
  custom:video-encoder-webm-vp8: eb34c28f22e8b96e1ab97ce403110664 -> 
  custom:audio-decoder-ogg-vorbis: bf7c407c2cedff20999df2af8eb42d56 -> 
  custom:audio-encoder-webm-vorbis: bf7c407c2cedff20999df2af8eb42d56 -> 
========================================================================
Received Prepare
Refreshing native plugins compatible for Editor in 21.29 ms, found 4 plugins.
Preloading 0 native plugins for Editor in 0.00 ms.
Unloading 1 Unused Serialized files (Serialized files now loaded: 0)
Unloading 1 unused Assets / (3.1 KB). Loaded Objects now: 3830.
Memory consumption went from 76.0 MB to 76.0 MB.
Total: 7.842000 ms (FindLiveObjects: 0.389900 ms CreateObjectMapping: 0.469100 ms MarkObjects: 6.933200 ms  DeleteObjects: 0.047900 ms)

Prepare: number of updated asset objects reloaded= 0
AssetImportParameters requested are different than current active one (requested -> active):
  custom:container-demuxer-ogg: 62fdf1f143b41e24485cea50d1cbac27 -> 
  custom:video-codec-MediaFoundation-h265: 746d11721c4dcdbdad8f713fa42b33f4 -> 
  custom:video-decoder-ogg-theora: a1e56fd34408186e4bbccfd4996cb3dc -> 
  custom:framework-win-MediaFoundation: 216162199b28c13a410421893ffa2e32 -> 
  custom:CustomObjectIndexerAttribute: 9a22284fe3817be447336de3de66b15e -> 
  custom:container-demuxer-webm: 4f35f7cbe854078d1ac9338744f61a02 -> 
  custom:container-muxer-webm: aa71ff27fc2769a1b78a27578f13a17b -> 
  custom:video-decoder-webm-vp8: 9c59270c3fd7afecdb556c50c9e8de78 -> 
  custom:SearchIndexIgnoredProperties: e643bd26f0fe6173181afceb89e7c659 -> 
  custom:AudioImporter_EditorPlatform: d09bf68614088b80899f8185d706f6e7 -> 
  custom:video-encoder-webm-vp8: eb34c28f22e8b96e1ab97ce403110664 -> 
  custom:audio-decoder-ogg-vorbis: bf7c407c2cedff20999df2af8eb42d56 -> 
  custom:audio-encoder-webm-vorbis: bf7c407c2cedff20999df2af8eb42d56 -> 
========================================================================
Received Prepare
Refreshing native plugins compatible for Editor in 18.39 ms, found 4 plugins.
Preloading 0 native plugins for Editor in 0.00 ms.
Unloading 1 Unused Serialized files (Serialized files now loaded: 0)
Unloading 1 unused Assets / (3.1 KB). Loaded Objects now: 3830.
Memory consumption went from 76.0 MB to 76.0 MB.
Total: 6.203400 ms (FindLiveObjects: 0.357600 ms CreateObjectMapping: 0.300700 ms MarkObjects: 5.504500 ms  DeleteObjects: 0.038900 ms)

Prepare: number of updated asset objects reloaded= 0
AssetImportParameters requested are different than current active one (requested -> active):
  custom:container-demuxer-ogg: 62fdf1f143b41e24485cea50d1cbac27 -> 
  custom:video-codec-MediaFoundation-h265: 746d11721c4dcdbdad8f713fa42b33f4 -> 
  custom:video-decoder-ogg-theora: a1e56fd34408186e4bbccfd4996cb3dc -> 
  custom:framework-win-MediaFoundation: 216162199b28c13a410421893ffa2e32 -> 
  custom:CustomObjectIndexerAttribute: 9a22284fe3817be447336de3de66b15e -> 
  custom:container-demuxer-webm: 4f35f7cbe854078d1ac9338744f61a02 -> 
  custom:container-muxer-webm: aa71ff27fc2769a1b78a27578f13a17b -> 
  custom:video-decoder-webm-vp8: 9c59270c3fd7afecdb556c50c9e8de78 -> 
  custom:SearchIndexIgnoredProperties: e643bd26f0fe6173181afceb89e7c659 -> 
  custom:AudioImporter_EditorPlatform: d09bf68614088b80899f8185d706f6e7 -> 
  custom:video-encoder-webm-vp8: eb34c28f22e8b96e1ab97ce403110664 -> 
  custom:audio-decoder-ogg-vorbis: bf7c407c2cedff20999df2af8eb42d56 -> 
  custom:audio-encoder-webm-vorbis: bf7c407c2cedff20999df2af8eb42d56 -> 
========================================================================
Received Import Request.
  Time since last request: 285.826305 seconds.
  path: Assets/ABRes/Prefabs/UI/SettingPanel.prefab
  artifactKey: Guid(106595140857b554f81844c34b1b0207) Importer(815301076,1909f56bfc062723c751e8b465ee728b)
Start importing Assets/ABRes/Prefabs/UI/SettingPanel.prefab using Guid(106595140857b554f81844c34b1b0207) Importer(815301076,1909f56bfc062723c751e8b465ee728b) [PhysX] Initialized MultithreadedTaskDispatcher with 12 workers.
 -> (artifact id: '083453c6936aa352eed7d9d3510cd469') in 0.614143 seconds
Number of updated asset objects reloaded before import = 0
Number of asset objects unloaded after import = 176
========================================================================
Received Import Request.
  Time since last request: 33.920271 seconds.
  path: Assets/ABRes/Prefabs/UI/SettingPanel.prefab
  artifactKey: Guid(106595140857b554f81844c34b1b0207) Importer(815301076,1909f56bfc062723c751e8b465ee728b)
Start importing Assets/ABRes/Prefabs/UI/SettingPanel.prefab using Guid(106595140857b554f81844c34b1b0207) Importer(815301076,1909f56bfc062723c751e8b465ee728b) [PhysX] Initialized MultithreadedTaskDispatcher with 12 workers.
 -> (artifact id: '6c2767e4d17c252c4f5bc733e4ac426d') in 0.613747 seconds
Number of updated asset objects reloaded before import = 0
Number of asset objects unloaded after import = 178
========================================================================
Received Import Request.
  Time since last request: 10.060522 seconds.
  path: Assets/ABRes/Prefabs/UI/SettingPanel.prefab
  artifactKey: Guid(106595140857b554f81844c34b1b0207) Importer(815301076,1909f56bfc062723c751e8b465ee728b)
Start importing Assets/ABRes/Prefabs/UI/SettingPanel.prefab using Guid(106595140857b554f81844c34b1b0207) Importer(815301076,1909f56bfc062723c751e8b465ee728b) [PhysX] Initialized MultithreadedTaskDispatcher with 12 workers.
 -> (artifact id: 'e72253623dd199eb00f0b1ff5e3111d6') in 0.588043 seconds
Number of updated asset objects reloaded before import = 0
Number of asset objects unloaded after import = 179
========================================================================
Received Import Request.
  Time since last request: 5090.366090 seconds.
  path: Assets/ABRes/Prefabs/UI/SettingPanel.prefab
  artifactKey: Guid(106595140857b554f81844c34b1b0207) Importer(815301076,1909f56bfc062723c751e8b465ee728b)
Start importing Assets/ABRes/Prefabs/UI/SettingPanel.prefab using Guid(106595140857b554f81844c34b1b0207) Importer(815301076,1909f56bfc062723c751e8b465ee728b) [PhysX] Initialized MultithreadedTaskDispatcher with 12 workers.
 -> (artifact id: '13ea03a2bafc97c83d3ee5835d21d81c') in 0.816013 seconds
Number of updated asset objects reloaded before import = 0
Number of asset objects unloaded after import = 145
========================================================================
Received Prepare
Refreshing native plugins compatible for Editor in 23.95 ms, found 4 plugins.
Preloading 0 native plugins for Editor in 0.00 ms.
Unloading 0 Unused Serialized files (Serialized files now loaded: 0)
Unloading 6 unused Assets / (4.0 KB). Loaded Objects now: 3830.
Memory consumption went from 75.8 MB to 75.8 MB.
Total: 41.360600 ms (FindLiveObjects: 1.500800 ms CreateObjectMapping: 0.437300 ms MarkObjects: 39.293600 ms  DeleteObjects: 0.112100 ms)

Prepare: number of updated asset objects reloaded= 0
AssetImportParameters requested are different than current active one (requested -> active):
  custom:container-demuxer-ogg: 62fdf1f143b41e24485cea50d1cbac27 -> 
  custom:video-codec-MediaFoundation-h265: 746d11721c4dcdbdad8f713fa42b33f4 -> 
  custom:video-decoder-ogg-theora: a1e56fd34408186e4bbccfd4996cb3dc -> 
  custom:framework-win-MediaFoundation: 216162199b28c13a410421893ffa2e32 -> 
  custom:CustomObjectIndexerAttribute: 9a22284fe3817be447336de3de66b15e -> 
  custom:container-demuxer-webm: 4f35f7cbe854078d1ac9338744f61a02 -> 
  custom:container-muxer-webm: aa71ff27fc2769a1b78a27578f13a17b -> 
  custom:video-decoder-webm-vp8: 9c59270c3fd7afecdb556c50c9e8de78 -> 
  custom:SearchIndexIgnoredProperties: e643bd26f0fe6173181afceb89e7c659 -> 
  custom:AudioImporter_EditorPlatform: d09bf68614088b80899f8185d706f6e7 -> 
  custom:video-encoder-webm-vp8: eb34c28f22e8b96e1ab97ce403110664 -> 
  custom:audio-decoder-ogg-vorbis: bf7c407c2cedff20999df2af8eb42d56 -> 
  custom:audio-encoder-webm-vorbis: bf7c407c2cedff20999df2af8eb42d56 -> 
========================================================================
Received Prepare
Refreshing native plugins compatible for Editor in 23.40 ms, found 4 plugins.
Preloading 0 native plugins for Editor in 0.00 ms.
Unloading 1 Unused Serialized files (Serialized files now loaded: 0)
Unloading 1 unused Assets / (3.1 KB). Loaded Objects now: 3830.
Memory consumption went from 76.0 MB to 76.0 MB.
Total: 6.318500 ms (FindLiveObjects: 0.369700 ms CreateObjectMapping: 0.307900 ms MarkObjects: 5.591100 ms  DeleteObjects: 0.048100 ms)

Prepare: number of updated asset objects reloaded= 0
AssetImportParameters requested are different than current active one (requested -> active):
  custom:container-demuxer-ogg: 62fdf1f143b41e24485cea50d1cbac27 -> 
  custom:video-codec-MediaFoundation-h265: 746d11721c4dcdbdad8f713fa42b33f4 -> 
  custom:video-decoder-ogg-theora: a1e56fd34408186e4bbccfd4996cb3dc -> 
  custom:framework-win-MediaFoundation: 216162199b28c13a410421893ffa2e32 -> 
  custom:CustomObjectIndexerAttribute: 9a22284fe3817be447336de3de66b15e -> 
  custom:container-demuxer-webm: 4f35f7cbe854078d1ac9338744f61a02 -> 
  custom:container-muxer-webm: aa71ff27fc2769a1b78a27578f13a17b -> 
  custom:video-decoder-webm-vp8: 9c59270c3fd7afecdb556c50c9e8de78 -> 
  custom:SearchIndexIgnoredProperties: e643bd26f0fe6173181afceb89e7c659 -> 
  custom:AudioImporter_EditorPlatform: d09bf68614088b80899f8185d706f6e7 -> 
  custom:video-encoder-webm-vp8: eb34c28f22e8b96e1ab97ce403110664 -> 
  custom:audio-decoder-ogg-vorbis: bf7c407c2cedff20999df2af8eb42d56 -> 
  custom:audio-encoder-webm-vorbis: bf7c407c2cedff20999df2af8eb42d56 -> 
========================================================================
Received Prepare
Refreshing native plugins compatible for Editor in 21.21 ms, found 4 plugins.
Preloading 0 native plugins for Editor in 0.00 ms.
Unloading 1 Unused Serialized files (Serialized files now loaded: 0)
Unloading 1 unused Assets / (3.1 KB). Loaded Objects now: 3830.
Memory consumption went from 76.0 MB to 76.0 MB.
Total: 6.869400 ms (FindLiveObjects: 0.555800 ms CreateObjectMapping: 0.503400 ms MarkObjects: 5.772200 ms  DeleteObjects: 0.036300 ms)

Prepare: number of updated asset objects reloaded= 0
AssetImportParameters requested are different than current active one (requested -> active):
  custom:container-demuxer-ogg: 62fdf1f143b41e24485cea50d1cbac27 -> 
  custom:video-codec-MediaFoundation-h265: 746d11721c4dcdbdad8f713fa42b33f4 -> 
  custom:video-decoder-ogg-theora: a1e56fd34408186e4bbccfd4996cb3dc -> 
  custom:framework-win-MediaFoundation: 216162199b28c13a410421893ffa2e32 -> 
  custom:CustomObjectIndexerAttribute: 9a22284fe3817be447336de3de66b15e -> 
  custom:container-demuxer-webm: 4f35f7cbe854078d1ac9338744f61a02 -> 
  custom:container-muxer-webm: aa71ff27fc2769a1b78a27578f13a17b -> 
  custom:video-decoder-webm-vp8: 9c59270c3fd7afecdb556c50c9e8de78 -> 
  custom:SearchIndexIgnoredProperties: e643bd26f0fe6173181afceb89e7c659 -> 
  custom:AudioImporter_EditorPlatform: d09bf68614088b80899f8185d706f6e7 -> 
  custom:video-encoder-webm-vp8: eb34c28f22e8b96e1ab97ce403110664 -> 
  custom:audio-decoder-ogg-vorbis: bf7c407c2cedff20999df2af8eb42d56 -> 
  custom:audio-encoder-webm-vorbis: bf7c407c2cedff20999df2af8eb42d56 -> 
========================================================================
Received Prepare
Refreshing native plugins compatible for Editor in 21.10 ms, found 4 plugins.
Preloading 0 native plugins for Editor in 0.00 ms.
Unloading 1 Unused Serialized files (Serialized files now loaded: 0)
Unloading 1 unused Assets / (3.1 KB). Loaded Objects now: 3830.
Memory consumption went from 76.0 MB to 76.0 MB.
Total: 8.689500 ms (FindLiveObjects: 0.370400 ms CreateObjectMapping: 0.285600 ms MarkObjects: 7.999600 ms  DeleteObjects: 0.032400 ms)

Prepare: number of updated asset objects reloaded= 0
AssetImportParameters requested are different than current active one (requested -> active):
  custom:container-demuxer-ogg: 62fdf1f143b41e24485cea50d1cbac27 -> 
  custom:video-codec-MediaFoundation-h265: 746d11721c4dcdbdad8f713fa42b33f4 -> 
  custom:video-decoder-ogg-theora: a1e56fd34408186e4bbccfd4996cb3dc -> 
  custom:framework-win-MediaFoundation: 216162199b28c13a410421893ffa2e32 -> 
  custom:CustomObjectIndexerAttribute: 9a22284fe3817be447336de3de66b15e -> 
  custom:container-demuxer-webm: 4f35f7cbe854078d1ac9338744f61a02 -> 
  custom:container-muxer-webm: aa71ff27fc2769a1b78a27578f13a17b -> 
  custom:video-decoder-webm-vp8: 9c59270c3fd7afecdb556c50c9e8de78 -> 
  custom:SearchIndexIgnoredProperties: e643bd26f0fe6173181afceb89e7c659 -> 
  custom:AudioImporter_EditorPlatform: d09bf68614088b80899f8185d706f6e7 -> 
  custom:video-encoder-webm-vp8: eb34c28f22e8b96e1ab97ce403110664 -> 
  custom:audio-decoder-ogg-vorbis: bf7c407c2cedff20999df2af8eb42d56 -> 
  custom:audio-encoder-webm-vorbis: bf7c407c2cedff20999df2af8eb42d56 -> 
========================================================================
Received Prepare
Refreshing native plugins compatible for Editor in 24.15 ms, found 4 plugins.
Preloading 0 native plugins for Editor in 0.00 ms.
Unloading 1 Unused Serialized files (Serialized files now loaded: 0)
Unloading 1 unused Assets / (3.1 KB). Loaded Objects now: 3830.
Memory consumption went from 76.0 MB to 76.0 MB.
Total: 5.354800 ms (FindLiveObjects: 0.389300 ms CreateObjectMapping: 0.339000 ms MarkObjects: 4.588300 ms  DeleteObjects: 0.036300 ms)

Prepare: number of updated asset objects reloaded= 0
AssetImportParameters requested are different than current active one (requested -> active):
  custom:container-demuxer-ogg: 62fdf1f143b41e24485cea50d1cbac27 -> 
  custom:video-codec-MediaFoundation-h265: 746d11721c4dcdbdad8f713fa42b33f4 -> 
  custom:video-decoder-ogg-theora: a1e56fd34408186e4bbccfd4996cb3dc -> 
  custom:framework-win-MediaFoundation: 216162199b28c13a410421893ffa2e32 -> 
  custom:CustomObjectIndexerAttribute: 9a22284fe3817be447336de3de66b15e -> 
  custom:container-demuxer-webm: 4f35f7cbe854078d1ac9338744f61a02 -> 
  custom:container-muxer-webm: aa71ff27fc2769a1b78a27578f13a17b -> 
  custom:video-decoder-webm-vp8: 9c59270c3fd7afecdb556c50c9e8de78 -> 
  custom:SearchIndexIgnoredProperties: e643bd26f0fe6173181afceb89e7c659 -> 
  custom:AudioImporter_EditorPlatform: d09bf68614088b80899f8185d706f6e7 -> 
  custom:video-encoder-webm-vp8: eb34c28f22e8b96e1ab97ce403110664 -> 
  custom:audio-decoder-ogg-vorbis: bf7c407c2cedff20999df2af8eb42d56 -> 
  custom:audio-encoder-webm-vorbis: bf7c407c2cedff20999df2af8eb42d56 -> 
========================================================================
Received Prepare
Refreshing native plugins compatible for Editor in 18.39 ms, found 4 plugins.
Preloading 0 native plugins for Editor in 0.00 ms.
Unloading 1 Unused Serialized files (Serialized files now loaded: 0)
Unloading 1 unused Assets / (3.1 KB). Loaded Objects now: 3830.
Memory consumption went from 76.0 MB to 76.0 MB.
Total: 4.744100 ms (FindLiveObjects: 0.354100 ms CreateObjectMapping: 0.290200 ms MarkObjects: 4.068600 ms  DeleteObjects: 0.030000 ms)

Prepare: number of updated asset objects reloaded= 0
AssetImportParameters requested are different than current active one (requested -> active):
  custom:container-demuxer-ogg: 62fdf1f143b41e24485cea50d1cbac27 -> 
  custom:video-codec-MediaFoundation-h265: 746d11721c4dcdbdad8f713fa42b33f4 -> 
  custom:video-decoder-ogg-theora: a1e56fd34408186e4bbccfd4996cb3dc -> 
  custom:framework-win-MediaFoundation: 216162199b28c13a410421893ffa2e32 -> 
  custom:CustomObjectIndexerAttribute: 9a22284fe3817be447336de3de66b15e -> 
  custom:container-demuxer-webm: 4f35f7cbe854078d1ac9338744f61a02 -> 
  custom:container-muxer-webm: aa71ff27fc2769a1b78a27578f13a17b -> 
  custom:video-decoder-webm-vp8: 9c59270c3fd7afecdb556c50c9e8de78 -> 
  custom:SearchIndexIgnoredProperties: e643bd26f0fe6173181afceb89e7c659 -> 
  custom:AudioImporter_EditorPlatform: d09bf68614088b80899f8185d706f6e7 -> 
  custom:video-encoder-webm-vp8: eb34c28f22e8b96e1ab97ce403110664 -> 
  custom:audio-decoder-ogg-vorbis: bf7c407c2cedff20999df2af8eb42d56 -> 
  custom:audio-encoder-webm-vorbis: bf7c407c2cedff20999df2af8eb42d56 -> 
========================================================================
Received Prepare
Caller must complete domain reload
Begin MonoManager ReloadAssembly
- Loaded All Assemblies, in  1.377 seconds
Native extension for WindowsStandalone target not found
Native extension for WebGL target not found
Mono: successfully reloaded assembly
- Finished resetting the current domain, in  2.705 seconds
Domain Reload Profiling: 4064ms
	BeginReloadAssembly (416ms)
		ExecutionOrderSort (0ms)
		DisableScriptedObjects (14ms)
		BackupInstance (0ms)
		ReleaseScriptingObjects (0ms)
		CreateAndSetChildDomain (130ms)
	RebuildCommonClasses (82ms)
	RebuildNativeTypeToScriptingClass (27ms)
	initialDomainReloadingComplete (86ms)
	LoadAllAssembliesAndSetupDomain (747ms)
		LoadAssemblies (912ms)
		RebuildTransferFunctionScriptingTraits (0ms)
		AnalyzeDomain (32ms)
			TypeCache.Refresh (13ms)
				TypeCache.ScanAssembly (0ms)
			ScanForSourceGeneratedMonoScriptInfo (0ms)
			ResolveRequiredComponents (15ms)
	FinalizeReload (2706ms)
		ReleaseScriptCaches (0ms)
		RebuildScriptCaches (0ms)
		SetupLoadedEditorAssemblies (1142ms)
			LogAssemblyErrors (0ms)
			InitializePlatformSupportModulesInManaged (23ms)
			SetLoadedEditorAssemblies (11ms)
			RefreshPlugins (0ms)
			BeforeProcessingInitializeOnLoad (171ms)
			ProcessInitializeOnLoadAttributes (837ms)
			ProcessInitializeOnLoadMethodAttributes (67ms)
			AfterProcessingInitializeOnLoad (33ms)
			EditorAssembliesLoaded (0ms)
		ExecutionOrderSort2 (0ms)
		AwakeInstancesAfterBackupRestoration (25ms)
Refreshing native plugins compatible for Editor in 25.74 ms, found 4 plugins.
Preloading 0 native plugins for Editor in 0.00 ms.
Unloading 3252 Unused Serialized files (Serialized files now loaded: 0)
Unloading 16 unused Assets / (28.5 KB). Loaded Objects now: 3832.
Memory consumption went from 126.2 MB to 126.2 MB.
Total: 5.210100 ms (FindLiveObjects: 0.449300 ms CreateObjectMapping: 0.443100 ms MarkObjects: 4.234400 ms  DeleteObjects: 0.080900 ms)

Prepare: number of updated asset objects reloaded= 0
AssetImportParameters requested are different than current active one (requested -> active):
  custom:container-demuxer-ogg: 62fdf1f143b41e24485cea50d1cbac27 -> 
  custom:video-codec-MediaFoundation-h265: 746d11721c4dcdbdad8f713fa42b33f4 -> 
  custom:video-decoder-ogg-theora: a1e56fd34408186e4bbccfd4996cb3dc -> 
  custom:framework-win-MediaFoundation: 216162199b28c13a410421893ffa2e32 -> 
  custom:CustomObjectIndexerAttribute: 9a22284fe3817be447336de3de66b15e -> 
  custom:container-demuxer-webm: 4f35f7cbe854078d1ac9338744f61a02 -> 
  custom:container-muxer-webm: aa71ff27fc2769a1b78a27578f13a17b -> 
  custom:video-decoder-webm-vp8: 9c59270c3fd7afecdb556c50c9e8de78 -> 
  custom:SearchIndexIgnoredProperties: e643bd26f0fe6173181afceb89e7c659 -> 
  custom:AudioImporter_EditorPlatform: d09bf68614088b80899f8185d706f6e7 -> 
  custom:video-encoder-webm-vp8: eb34c28f22e8b96e1ab97ce403110664 -> 
  custom:audio-decoder-ogg-vorbis: bf7c407c2cedff20999df2af8eb42d56 -> 
  custom:audio-encoder-webm-vorbis: bf7c407c2cedff20999df2af8eb42d56 -> 
========================================================================
Received Prepare
Caller must complete domain reload
Begin MonoManager ReloadAssembly
- Loaded All Assemblies, in  1.001 seconds
Native extension for WindowsStandalone target not found
Native extension for WebGL target not found
Mono: successfully reloaded assembly
- Finished resetting the current domain, in  2.181 seconds
Domain Reload Profiling: 3168ms
	BeginReloadAssembly (319ms)
		ExecutionOrderSort (0ms)
		DisableScriptedObjects (16ms)
		BackupInstance (0ms)
		ReleaseScriptingObjects (0ms)
		CreateAndSetChildDomain (63ms)
	RebuildCommonClasses (73ms)
	RebuildNativeTypeToScriptingClass (24ms)
	initialDomainReloadingComplete (74ms)
	LoadAllAssembliesAndSetupDomain (495ms)
		LoadAssemblies (643ms)
		RebuildTransferFunctionScriptingTraits (0ms)
		AnalyzeDomain (25ms)
			TypeCache.Refresh (10ms)
				TypeCache.ScanAssembly (0ms)
			ScanForSourceGeneratedMonoScriptInfo (0ms)
			ResolveRequiredComponents (12ms)
	FinalizeReload (2183ms)
		ReleaseScriptCaches (0ms)
		RebuildScriptCaches (0ms)
		SetupLoadedEditorAssemblies (951ms)
			LogAssemblyErrors (0ms)
			InitializePlatformSupportModulesInManaged (18ms)
			SetLoadedEditorAssemblies (9ms)
			RefreshPlugins (0ms)
			BeforeProcessingInitializeOnLoad (157ms)
			ProcessInitializeOnLoadAttributes (686ms)
			ProcessInitializeOnLoadMethodAttributes (52ms)
			AfterProcessingInitializeOnLoad (30ms)
			EditorAssembliesLoaded (0ms)
		ExecutionOrderSort2 (0ms)
		AwakeInstancesAfterBackupRestoration (21ms)
Refreshing native plugins compatible for Editor in 25.08 ms, found 4 plugins.
Preloading 0 native plugins for Editor in 0.00 ms.
Unloading 3252 Unused Serialized files (Serialized files now loaded: 0)
Unloading 16 unused Assets / (28.5 KB). Loaded Objects now: 3835.
Memory consumption went from 126.2 MB to 126.2 MB.
Total: 5.365300 ms (FindLiveObjects: 0.440200 ms CreateObjectMapping: 0.408900 ms MarkObjects: 4.417900 ms  DeleteObjects: 0.096400 ms)

Prepare: number of updated asset objects reloaded= 0
AssetImportParameters requested are different than current active one (requested -> active):
  custom:container-demuxer-ogg: 62fdf1f143b41e24485cea50d1cbac27 -> 
  custom:video-codec-MediaFoundation-h265: 746d11721c4dcdbdad8f713fa42b33f4 -> 
  custom:video-decoder-ogg-theora: a1e56fd34408186e4bbccfd4996cb3dc -> 
  custom:framework-win-MediaFoundation: 216162199b28c13a410421893ffa2e32 -> 
  custom:CustomObjectIndexerAttribute: 9a22284fe3817be447336de3de66b15e -> 
  custom:container-demuxer-webm: 4f35f7cbe854078d1ac9338744f61a02 -> 
  custom:container-muxer-webm: aa71ff27fc2769a1b78a27578f13a17b -> 
  custom:video-decoder-webm-vp8: 9c59270c3fd7afecdb556c50c9e8de78 -> 
  custom:SearchIndexIgnoredProperties: e643bd26f0fe6173181afceb89e7c659 -> 
  custom:AudioImporter_EditorPlatform: d09bf68614088b80899f8185d706f6e7 -> 
  custom:video-encoder-webm-vp8: eb34c28f22e8b96e1ab97ce403110664 -> 
  custom:audio-decoder-ogg-vorbis: bf7c407c2cedff20999df2af8eb42d56 -> 
  custom:audio-encoder-webm-vorbis: bf7c407c2cedff20999df2af8eb42d56 -> 
========================================================================
Received Prepare
Caller must complete domain reload
Begin MonoManager ReloadAssembly
- Loaded All Assemblies, in  0.946 seconds
Native extension for WindowsStandalone target not found
Native extension for WebGL target not found
Mono: successfully reloaded assembly
- Finished resetting the current domain, in  2.081 seconds
Domain Reload Profiling: 3015ms
	BeginReloadAssembly (284ms)
		ExecutionOrderSort (0ms)
		DisableScriptedObjects (10ms)
		BackupInstance (0ms)
		ReleaseScriptingObjects (0ms)
		CreateAndSetChildDomain (48ms)
	RebuildCommonClasses (69ms)
	RebuildNativeTypeToScriptingClass (25ms)
	initialDomainReloadingComplete (75ms)
	LoadAllAssembliesAndSetupDomain (479ms)
		LoadAssemblies (615ms)
		RebuildTransferFunctionScriptingTraits (0ms)
		AnalyzeDomain (31ms)
			TypeCache.Refresh (11ms)
				TypeCache.ScanAssembly (0ms)
			ScanForSourceGeneratedMonoScriptInfo (0ms)
			ResolveRequiredComponents (14ms)
	FinalizeReload (2082ms)
		ReleaseScriptCaches (0ms)
		RebuildScriptCaches (0ms)
		SetupLoadedEditorAssemblies (889ms)
			LogAssemblyErrors (0ms)
			InitializePlatformSupportModulesInManaged (21ms)
			SetLoadedEditorAssemblies (9ms)
			RefreshPlugins (0ms)
			BeforeProcessingInitializeOnLoad (157ms)
			ProcessInitializeOnLoadAttributes (626ms)
			ProcessInitializeOnLoadMethodAttributes (47ms)
			AfterProcessingInitializeOnLoad (29ms)
			EditorAssembliesLoaded (0ms)
		ExecutionOrderSort2 (0ms)
		AwakeInstancesAfterBackupRestoration (22ms)
Refreshing native plugins compatible for Editor in 20.99 ms, found 4 plugins.
Preloading 0 native plugins for Editor in 0.00 ms.
Unloading 3252 Unused Serialized files (Serialized files now loaded: 0)
Unloading 16 unused Assets / (28.5 KB). Loaded Objects now: 3838.
Memory consumption went from 126.2 MB to 126.2 MB.
Total: 5.071700 ms (FindLiveObjects: 0.463100 ms CreateObjectMapping: 0.344700 ms MarkObjects: 4.173800 ms  DeleteObjects: 0.088400 ms)

Prepare: number of updated asset objects reloaded= 0
AssetImportParameters requested are different than current active one (requested -> active):
  custom:container-demuxer-ogg: 62fdf1f143b41e24485cea50d1cbac27 -> 
  custom:video-codec-MediaFoundation-h265: 746d11721c4dcdbdad8f713fa42b33f4 -> 
  custom:video-decoder-ogg-theora: a1e56fd34408186e4bbccfd4996cb3dc -> 
  custom:framework-win-MediaFoundation: 216162199b28c13a410421893ffa2e32 -> 
  custom:CustomObjectIndexerAttribute: 9a22284fe3817be447336de3de66b15e -> 
  custom:container-demuxer-webm: 4f35f7cbe854078d1ac9338744f61a02 -> 
  custom:container-muxer-webm: aa71ff27fc2769a1b78a27578f13a17b -> 
  custom:video-decoder-webm-vp8: 9c59270c3fd7afecdb556c50c9e8de78 -> 
  custom:SearchIndexIgnoredProperties: e643bd26f0fe6173181afceb89e7c659 -> 
  custom:AudioImporter_EditorPlatform: d09bf68614088b80899f8185d706f6e7 -> 
  custom:video-encoder-webm-vp8: eb34c28f22e8b96e1ab97ce403110664 -> 
  custom:audio-decoder-ogg-vorbis: bf7c407c2cedff20999df2af8eb42d56 -> 
  custom:audio-encoder-webm-vorbis: bf7c407c2cedff20999df2af8eb42d56 -> 
========================================================================
Received Prepare
Caller must complete domain reload
Begin MonoManager ReloadAssembly
- Loaded All Assemblies, in  0.973 seconds
Native extension for WindowsStandalone target not found
Native extension for WebGL target not found
Mono: successfully reloaded assembly
- Finished resetting the current domain, in  2.083 seconds
Domain Reload Profiling: 3042ms
	BeginReloadAssembly (317ms)
		ExecutionOrderSort (0ms)
		DisableScriptedObjects (12ms)
		BackupInstance (0ms)
		ReleaseScriptingObjects (0ms)
		CreateAndSetChildDomain (54ms)
	RebuildCommonClasses (74ms)
	RebuildNativeTypeToScriptingClass (23ms)
	initialDomainReloadingComplete (77ms)
	LoadAllAssembliesAndSetupDomain (468ms)
		LoadAssemblies (625ms)
		RebuildTransferFunctionScriptingTraits (0ms)
		AnalyzeDomain (28ms)
			TypeCache.Refresh (11ms)
				TypeCache.ScanAssembly (0ms)
			ScanForSourceGeneratedMonoScriptInfo (0ms)
			ResolveRequiredComponents (12ms)
	FinalizeReload (2084ms)
		ReleaseScriptCaches (0ms)
		RebuildScriptCaches (0ms)
		SetupLoadedEditorAssemblies (867ms)
			LogAssemblyErrors (0ms)
			InitializePlatformSupportModulesInManaged (20ms)
			SetLoadedEditorAssemblies (8ms)
			RefreshPlugins (0ms)
			BeforeProcessingInitializeOnLoad (147ms)
			ProcessInitializeOnLoadAttributes (616ms)
			ProcessInitializeOnLoadMethodAttributes (47ms)
			AfterProcessingInitializeOnLoad (29ms)
			EditorAssembliesLoaded (0ms)
		ExecutionOrderSort2 (0ms)
		AwakeInstancesAfterBackupRestoration (18ms)
Refreshing native plugins compatible for Editor in 20.69 ms, found 4 plugins.
Preloading 0 native plugins for Editor in 0.00 ms.
Unloading 3252 Unused Serialized files (Serialized files now loaded: 0)
Unloading 16 unused Assets / (28.5 KB). Loaded Objects now: 3841.
Memory consumption went from 126.2 MB to 126.2 MB.
Total: 5.365100 ms (FindLiveObjects: 0.380900 ms CreateObjectMapping: 0.432900 ms MarkObjects: 4.488200 ms  DeleteObjects: 0.061800 ms)

Prepare: number of updated asset objects reloaded= 0
AssetImportParameters requested are different than current active one (requested -> active):
  custom:container-demuxer-ogg: 62fdf1f143b41e24485cea50d1cbac27 -> 
  custom:video-codec-MediaFoundation-h265: 746d11721c4dcdbdad8f713fa42b33f4 -> 
  custom:video-decoder-ogg-theora: a1e56fd34408186e4bbccfd4996cb3dc -> 
  custom:framework-win-MediaFoundation: 216162199b28c13a410421893ffa2e32 -> 
  custom:CustomObjectIndexerAttribute: 9a22284fe3817be447336de3de66b15e -> 
  custom:container-demuxer-webm: 4f35f7cbe854078d1ac9338744f61a02 -> 
  custom:container-muxer-webm: aa71ff27fc2769a1b78a27578f13a17b -> 
  custom:video-decoder-webm-vp8: 9c59270c3fd7afecdb556c50c9e8de78 -> 
  custom:SearchIndexIgnoredProperties: e643bd26f0fe6173181afceb89e7c659 -> 
  custom:AudioImporter_EditorPlatform: d09bf68614088b80899f8185d706f6e7 -> 
  custom:video-encoder-webm-vp8: eb34c28f22e8b96e1ab97ce403110664 -> 
  custom:audio-decoder-ogg-vorbis: bf7c407c2cedff20999df2af8eb42d56 -> 
  custom:audio-encoder-webm-vorbis: bf7c407c2cedff20999df2af8eb42d56 -> 
========================================================================
Received Prepare
Caller must complete domain reload
Begin MonoManager ReloadAssembly
- Loaded All Assemblies, in  0.936 seconds
Native extension for WindowsStandalone target not found
Native extension for WebGL target not found
Mono: successfully reloaded assembly
- Finished resetting the current domain, in  2.063 seconds
Domain Reload Profiling: 2983ms
	BeginReloadAssembly (297ms)
		ExecutionOrderSort (0ms)
		DisableScriptedObjects (10ms)
		BackupInstance (0ms)
		ReleaseScriptingObjects (0ms)
		CreateAndSetChildDomain (55ms)
	RebuildCommonClasses (64ms)
	RebuildNativeTypeToScriptingClass (23ms)
	initialDomainReloadingComplete (76ms)
	LoadAllAssembliesAndSetupDomain (459ms)
		LoadAssemblies (602ms)
		RebuildTransferFunctionScriptingTraits (0ms)
		AnalyzeDomain (29ms)
			TypeCache.Refresh (10ms)
				TypeCache.ScanAssembly (0ms)
			ScanForSourceGeneratedMonoScriptInfo (0ms)
			ResolveRequiredComponents (11ms)
	FinalizeReload (2064ms)
		ReleaseScriptCaches (0ms)
		RebuildScriptCaches (0ms)
		SetupLoadedEditorAssemblies (904ms)
			LogAssemblyErrors (0ms)
			InitializePlatformSupportModulesInManaged (21ms)
			SetLoadedEditorAssemblies (9ms)
			RefreshPlugins (0ms)
			BeforeProcessingInitializeOnLoad (159ms)
			ProcessInitializeOnLoadAttributes (640ms)
			ProcessInitializeOnLoadMethodAttributes (47ms)
			AfterProcessingInitializeOnLoad (28ms)
			EditorAssembliesLoaded (0ms)
		ExecutionOrderSort2 (0ms)
		AwakeInstancesAfterBackupRestoration (20ms)
Refreshing native plugins compatible for Editor in 20.99 ms, found 4 plugins.
Preloading 0 native plugins for Editor in 0.00 ms.
Unloading 3252 Unused Serialized files (Serialized files now loaded: 0)
Unloading 16 unused Assets / (28.6 KB). Loaded Objects now: 3844.
Memory consumption went from 126.2 MB to 126.2 MB.
Total: 6.933900 ms (FindLiveObjects: 0.411800 ms CreateObjectMapping: 0.374200 ms MarkObjects: 6.045400 ms  DeleteObjects: 0.100800 ms)

Prepare: number of updated asset objects reloaded= 0
AssetImportParameters requested are different than current active one (requested -> active):
  custom:container-demuxer-ogg: 62fdf1f143b41e24485cea50d1cbac27 -> 
  custom:video-codec-MediaFoundation-h265: 746d11721c4dcdbdad8f713fa42b33f4 -> 
  custom:video-decoder-ogg-theora: a1e56fd34408186e4bbccfd4996cb3dc -> 
  custom:framework-win-MediaFoundation: 216162199b28c13a410421893ffa2e32 -> 
  custom:CustomObjectIndexerAttribute: 9a22284fe3817be447336de3de66b15e -> 
  custom:container-demuxer-webm: 4f35f7cbe854078d1ac9338744f61a02 -> 
  custom:container-muxer-webm: aa71ff27fc2769a1b78a27578f13a17b -> 
  custom:video-decoder-webm-vp8: 9c59270c3fd7afecdb556c50c9e8de78 -> 
  custom:SearchIndexIgnoredProperties: e643bd26f0fe6173181afceb89e7c659 -> 
  custom:AudioImporter_EditorPlatform: d09bf68614088b80899f8185d706f6e7 -> 
  custom:video-encoder-webm-vp8: eb34c28f22e8b96e1ab97ce403110664 -> 
  custom:audio-decoder-ogg-vorbis: bf7c407c2cedff20999df2af8eb42d56 -> 
  custom:audio-encoder-webm-vorbis: bf7c407c2cedff20999df2af8eb42d56 -> 
========================================================================
Received Prepare
Caller must complete domain reload
Begin MonoManager ReloadAssembly
- Loaded All Assemblies, in  0.937 seconds
Native extension for WindowsStandalone target not found
Native extension for WebGL target not found
Mono: successfully reloaded assembly
- Finished resetting the current domain, in  2.073 seconds
Domain Reload Profiling: 2996ms
	BeginReloadAssembly (285ms)
		ExecutionOrderSort (0ms)
		DisableScriptedObjects (11ms)
		BackupInstance (0ms)
		ReleaseScriptingObjects (0ms)
		CreateAndSetChildDomain (51ms)
	RebuildCommonClasses (74ms)
	RebuildNativeTypeToScriptingClass (24ms)
	initialDomainReloadingComplete (71ms)
	LoadAllAssembliesAndSetupDomain (469ms)
		LoadAssemblies (603ms)
		RebuildTransferFunctionScriptingTraits (0ms)
		AnalyzeDomain (28ms)
			TypeCache.Refresh (11ms)
				TypeCache.ScanAssembly (0ms)
			ScanForSourceGeneratedMonoScriptInfo (0ms)
			ResolveRequiredComponents (11ms)
	FinalizeReload (2074ms)
		ReleaseScriptCaches (0ms)
		RebuildScriptCaches (0ms)
		SetupLoadedEditorAssemblies (859ms)
			LogAssemblyErrors (0ms)
			InitializePlatformSupportModulesInManaged (20ms)
			SetLoadedEditorAssemblies (10ms)
			RefreshPlugins (0ms)
			BeforeProcessingInitializeOnLoad (146ms)
			ProcessInitializeOnLoadAttributes (609ms)
			ProcessInitializeOnLoadMethodAttributes (45ms)
			AfterProcessingInitializeOnLoad (29ms)
			EditorAssembliesLoaded (0ms)
		ExecutionOrderSort2 (0ms)
		AwakeInstancesAfterBackupRestoration (20ms)
Refreshing native plugins compatible for Editor in 22.40 ms, found 4 plugins.
Preloading 0 native plugins for Editor in 0.00 ms.
Unloading 3252 Unused Serialized files (Serialized files now loaded: 0)
Unloading 16 unused Assets / (28.5 KB). Loaded Objects now: 3847.
Memory consumption went from 126.2 MB to 126.2 MB.
Total: 6.482100 ms (FindLiveObjects: 0.378900 ms CreateObjectMapping: 0.311500 ms MarkObjects: 5.703100 ms  DeleteObjects: 0.086900 ms)

Prepare: number of updated asset objects reloaded= 0
AssetImportParameters requested are different than current active one (requested -> active):
  custom:container-demuxer-ogg: 62fdf1f143b41e24485cea50d1cbac27 -> 
  custom:video-codec-MediaFoundation-h265: 746d11721c4dcdbdad8f713fa42b33f4 -> 
  custom:video-decoder-ogg-theora: a1e56fd34408186e4bbccfd4996cb3dc -> 
  custom:framework-win-MediaFoundation: 216162199b28c13a410421893ffa2e32 -> 
  custom:CustomObjectIndexerAttribute: 9a22284fe3817be447336de3de66b15e -> 
  custom:container-demuxer-webm: 4f35f7cbe854078d1ac9338744f61a02 -> 
  custom:container-muxer-webm: aa71ff27fc2769a1b78a27578f13a17b -> 
  custom:video-decoder-webm-vp8: 9c59270c3fd7afecdb556c50c9e8de78 -> 
  custom:SearchIndexIgnoredProperties: e643bd26f0fe6173181afceb89e7c659 -> 
  custom:AudioImporter_EditorPlatform: d09bf68614088b80899f8185d706f6e7 -> 
  custom:video-encoder-webm-vp8: eb34c28f22e8b96e1ab97ce403110664 -> 
  custom:audio-decoder-ogg-vorbis: bf7c407c2cedff20999df2af8eb42d56 -> 
  custom:audio-encoder-webm-vorbis: bf7c407c2cedff20999df2af8eb42d56 -> 
========================================================================
Received Prepare
Caller must complete domain reload
Begin MonoManager ReloadAssembly
- Loaded All Assemblies, in  1.034 seconds
Native extension for WindowsStandalone target not found
Native extension for WebGL target not found
Mono: successfully reloaded assembly
- Finished resetting the current domain, in  2.283 seconds
Domain Reload Profiling: 3304ms
	BeginReloadAssembly (283ms)
		ExecutionOrderSort (0ms)
		DisableScriptedObjects (11ms)
		BackupInstance (0ms)
		ReleaseScriptingObjects (0ms)
		CreateAndSetChildDomain (52ms)
	RebuildCommonClasses (64ms)
	RebuildNativeTypeToScriptingClass (21ms)
	initialDomainReloadingComplete (79ms)
	LoadAllAssembliesAndSetupDomain (572ms)
		LoadAssemblies (712ms)
		RebuildTransferFunctionScriptingTraits (0ms)
		AnalyzeDomain (24ms)
			TypeCache.Refresh (10ms)
				TypeCache.ScanAssembly (0ms)
			ScanForSourceGeneratedMonoScriptInfo (0ms)
			ResolveRequiredComponents (11ms)
	FinalizeReload (2283ms)
		ReleaseScriptCaches (0ms)
		RebuildScriptCaches (0ms)
		SetupLoadedEditorAssemblies (747ms)
			LogAssemblyErrors (0ms)
			InitializePlatformSupportModulesInManaged (15ms)
			SetLoadedEditorAssemblies (7ms)
			RefreshPlugins (0ms)
			BeforeProcessingInitializeOnLoad (126ms)
			ProcessInitializeOnLoadAttributes (530ms)
			ProcessInitializeOnLoadMethodAttributes (47ms)
			AfterProcessingInitializeOnLoad (22ms)
			EditorAssembliesLoaded (0ms)
		ExecutionOrderSort2 (0ms)
		AwakeInstancesAfterBackupRestoration (17ms)
Refreshing native plugins compatible for Editor in 22.62 ms, found 4 plugins.
Preloading 0 native plugins for Editor in 0.00 ms.
Unloading 3252 Unused Serialized files (Serialized files now loaded: 0)
Unloading 16 unused Assets / (28.5 KB). Loaded Objects now: 3850.
Memory consumption went from 126.2 MB to 126.2 MB.
Total: 4.955300 ms (FindLiveObjects: 0.538300 ms CreateObjectMapping: 0.464200 ms MarkObjects: 3.868600 ms  DeleteObjects: 0.082900 ms)

Prepare: number of updated asset objects reloaded= 0
AssetImportParameters requested are different than current active one (requested -> active):
  custom:container-demuxer-ogg: 62fdf1f143b41e24485cea50d1cbac27 -> 
  custom:video-codec-MediaFoundation-h265: 746d11721c4dcdbdad8f713fa42b33f4 -> 
  custom:video-decoder-ogg-theora: a1e56fd34408186e4bbccfd4996cb3dc -> 
  custom:framework-win-MediaFoundation: 216162199b28c13a410421893ffa2e32 -> 
  custom:CustomObjectIndexerAttribute: 9a22284fe3817be447336de3de66b15e -> 
  custom:container-demuxer-webm: 4f35f7cbe854078d1ac9338744f61a02 -> 
  custom:container-muxer-webm: aa71ff27fc2769a1b78a27578f13a17b -> 
  custom:video-decoder-webm-vp8: 9c59270c3fd7afecdb556c50c9e8de78 -> 
  custom:SearchIndexIgnoredProperties: e643bd26f0fe6173181afceb89e7c659 -> 
  custom:AudioImporter_EditorPlatform: d09bf68614088b80899f8185d706f6e7 -> 
  custom:video-encoder-webm-vp8: eb34c28f22e8b96e1ab97ce403110664 -> 
  custom:audio-decoder-ogg-vorbis: bf7c407c2cedff20999df2af8eb42d56 -> 
  custom:audio-encoder-webm-vorbis: bf7c407c2cedff20999df2af8eb42d56 -> 
========================================================================
Received Prepare
Caller must complete domain reload
Begin MonoManager ReloadAssembly
- Loaded All Assemblies, in  0.867 seconds
Native extension for WindowsStandalone target not found
Native extension for WebGL target not found
Mono: successfully reloaded assembly
- Finished resetting the current domain, in  1.960 seconds
Domain Reload Profiling: 2815ms
	BeginReloadAssembly (271ms)
		ExecutionOrderSort (0ms)
		DisableScriptedObjects (10ms)
		BackupInstance (0ms)
		ReleaseScriptingObjects (0ms)
		CreateAndSetChildDomain (48ms)
	RebuildCommonClasses (66ms)
	RebuildNativeTypeToScriptingClass (21ms)
	initialDomainReloadingComplete (72ms)
	LoadAllAssembliesAndSetupDomain (423ms)
		LoadAssemblies (557ms)
		RebuildTransferFunctionScriptingTraits (0ms)
		AnalyzeDomain (24ms)
			TypeCache.Refresh (10ms)
				TypeCache.ScanAssembly (0ms)
			ScanForSourceGeneratedMonoScriptInfo (0ms)
			ResolveRequiredComponents (11ms)
	FinalizeReload (1961ms)
		ReleaseScriptCaches (0ms)
		RebuildScriptCaches (0ms)
		SetupLoadedEditorAssemblies (832ms)
			LogAssemblyErrors (0ms)
			InitializePlatformSupportModulesInManaged (18ms)
			SetLoadedEditorAssemblies (9ms)
			RefreshPlugins (0ms)
			BeforeProcessingInitializeOnLoad (134ms)
			ProcessInitializeOnLoadAttributes (600ms)
			ProcessInitializeOnLoadMethodAttributes (46ms)
			AfterProcessingInitializeOnLoad (25ms)
			EditorAssembliesLoaded (0ms)
		ExecutionOrderSort2 (0ms)
		AwakeInstancesAfterBackupRestoration (18ms)
Refreshing native plugins compatible for Editor in 18.72 ms, found 4 plugins.
Preloading 0 native plugins for Editor in 0.00 ms.
Unloading 3252 Unused Serialized files (Serialized files now loaded: 0)
Unloading 16 unused Assets / (28.5 KB). Loaded Objects now: 3853.
Memory consumption went from 126.2 MB to 126.2 MB.
Total: 5.458900 ms (FindLiveObjects: 0.383100 ms CreateObjectMapping: 0.299600 ms MarkObjects: 4.711100 ms  DeleteObjects: 0.063400 ms)

Prepare: number of updated asset objects reloaded= 0
AssetImportParameters requested are different than current active one (requested -> active):
  custom:container-demuxer-ogg: 62fdf1f143b41e24485cea50d1cbac27 -> 
  custom:video-codec-MediaFoundation-h265: 746d11721c4dcdbdad8f713fa42b33f4 -> 
  custom:video-decoder-ogg-theora: a1e56fd34408186e4bbccfd4996cb3dc -> 
  custom:framework-win-MediaFoundation: 216162199b28c13a410421893ffa2e32 -> 
  custom:CustomObjectIndexerAttribute: 9a22284fe3817be447336de3de66b15e -> 
  custom:container-demuxer-webm: 4f35f7cbe854078d1ac9338744f61a02 -> 
  custom:container-muxer-webm: aa71ff27fc2769a1b78a27578f13a17b -> 
  custom:video-decoder-webm-vp8: 9c59270c3fd7afecdb556c50c9e8de78 -> 
  custom:SearchIndexIgnoredProperties: e643bd26f0fe6173181afceb89e7c659 -> 
  custom:AudioImporter_EditorPlatform: d09bf68614088b80899f8185d706f6e7 -> 
  custom:video-encoder-webm-vp8: eb34c28f22e8b96e1ab97ce403110664 -> 
  custom:audio-decoder-ogg-vorbis: bf7c407c2cedff20999df2af8eb42d56 -> 
  custom:audio-encoder-webm-vorbis: bf7c407c2cedff20999df2af8eb42d56 -> 
========================================================================
Received Prepare
Caller must complete domain reload
Begin MonoManager ReloadAssembly
- Loaded All Assemblies, in  0.899 seconds
Native extension for WindowsStandalone target not found
Native extension for WebGL target not found
Mono: successfully reloaded assembly
- Finished resetting the current domain, in  1.895 seconds
Domain Reload Profiling: 2781ms
	BeginReloadAssembly (290ms)
		ExecutionOrderSort (0ms)
		DisableScriptedObjects (10ms)
		BackupInstance (0ms)
		ReleaseScriptingObjects (0ms)
		CreateAndSetChildDomain (45ms)
	RebuildCommonClasses (79ms)
	RebuildNativeTypeToScriptingClass (22ms)
	initialDomainReloadingComplete (71ms)
	LoadAllAssembliesAndSetupDomain (423ms)
		LoadAssemblies (576ms)
		RebuildTransferFunctionScriptingTraits (0ms)
		AnalyzeDomain (24ms)
			TypeCache.Refresh (10ms)
				TypeCache.ScanAssembly (0ms)
			ScanForSourceGeneratedMonoScriptInfo (0ms)
			ResolveRequiredComponents (10ms)
	FinalizeReload (1896ms)
		ReleaseScriptCaches (0ms)
		RebuildScriptCaches (0ms)
		SetupLoadedEditorAssemblies (805ms)
			LogAssemblyErrors (0ms)
			InitializePlatformSupportModulesInManaged (17ms)
			SetLoadedEditorAssemblies (8ms)
			RefreshPlugins (0ms)
			BeforeProcessingInitializeOnLoad (137ms)
			ProcessInitializeOnLoadAttributes (574ms)
			ProcessInitializeOnLoadMethodAttributes (44ms)
			AfterProcessingInitializeOnLoad (24ms)
			EditorAssembliesLoaded (0ms)
		ExecutionOrderSort2 (0ms)
		AwakeInstancesAfterBackupRestoration (19ms)
Refreshing native plugins compatible for Editor in 18.39 ms, found 4 plugins.
Preloading 0 native plugins for Editor in 0.00 ms.
Unloading 3252 Unused Serialized files (Serialized files now loaded: 0)
Unloading 16 unused Assets / (28.5 KB). Loaded Objects now: 3856.
Memory consumption went from 126.2 MB to 126.2 MB.
Total: 4.663500 ms (FindLiveObjects: 0.415200 ms CreateObjectMapping: 0.354000 ms MarkObjects: 3.832400 ms  DeleteObjects: 0.060400 ms)

Prepare: number of updated asset objects reloaded= 0
AssetImportParameters requested are different than current active one (requested -> active):
  custom:container-demuxer-ogg: 62fdf1f143b41e24485cea50d1cbac27 -> 
  custom:video-codec-MediaFoundation-h265: 746d11721c4dcdbdad8f713fa42b33f4 -> 
  custom:video-decoder-ogg-theora: a1e56fd34408186e4bbccfd4996cb3dc -> 
  custom:framework-win-MediaFoundation: 216162199b28c13a410421893ffa2e32 -> 
  custom:CustomObjectIndexerAttribute: 9a22284fe3817be447336de3de66b15e -> 
  custom:container-demuxer-webm: 4f35f7cbe854078d1ac9338744f61a02 -> 
  custom:container-muxer-webm: aa71ff27fc2769a1b78a27578f13a17b -> 
  custom:video-decoder-webm-vp8: 9c59270c3fd7afecdb556c50c9e8de78 -> 
  custom:SearchIndexIgnoredProperties: e643bd26f0fe6173181afceb89e7c659 -> 
  custom:AudioImporter_EditorPlatform: d09bf68614088b80899f8185d706f6e7 -> 
  custom:video-encoder-webm-vp8: eb34c28f22e8b96e1ab97ce403110664 -> 
  custom:audio-decoder-ogg-vorbis: bf7c407c2cedff20999df2af8eb42d56 -> 
  custom:audio-encoder-webm-vorbis: bf7c407c2cedff20999df2af8eb42d56 -> 
========================================================================
Received Prepare
Caller must complete domain reload
Begin MonoManager ReloadAssembly
- Loaded All Assemblies, in  0.887 seconds
Native extension for WindowsStandalone target not found
Native extension for WebGL target not found
Mono: successfully reloaded assembly
- Finished resetting the current domain, in  1.919 seconds
Domain Reload Profiling: 2794ms
	BeginReloadAssembly (284ms)
		ExecutionOrderSort (0ms)
		DisableScriptedObjects (10ms)
		BackupInstance (0ms)
		ReleaseScriptingObjects (0ms)
		CreateAndSetChildDomain (50ms)
	RebuildCommonClasses (75ms)
	RebuildNativeTypeToScriptingClass (25ms)
	initialDomainReloadingComplete (66ms)
	LoadAllAssembliesAndSetupDomain (423ms)
		LoadAssemblies (566ms)
		RebuildTransferFunctionScriptingTraits (0ms)
		AnalyzeDomain (24ms)
			TypeCache.Refresh (9ms)
				TypeCache.ScanAssembly (0ms)
			ScanForSourceGeneratedMonoScriptInfo (0ms)
			ResolveRequiredComponents (11ms)
	FinalizeReload (1920ms)
		ReleaseScriptCaches (0ms)
		RebuildScriptCaches (0ms)
		SetupLoadedEditorAssemblies (839ms)
			LogAssemblyErrors (0ms)
			InitializePlatformSupportModulesInManaged (19ms)
			SetLoadedEditorAssemblies (10ms)
			RefreshPlugins (0ms)
			BeforeProcessingInitializeOnLoad (141ms)
			ProcessInitializeOnLoadAttributes (596ms)
			ProcessInitializeOnLoadMethodAttributes (49ms)
			AfterProcessingInitializeOnLoad (24ms)
			EditorAssembliesLoaded (0ms)
		ExecutionOrderSort2 (0ms)
		AwakeInstancesAfterBackupRestoration (17ms)
Refreshing native plugins compatible for Editor in 18.61 ms, found 4 plugins.
Preloading 0 native plugins for Editor in 0.00 ms.
Unloading 3252 Unused Serialized files (Serialized files now loaded: 0)
Unloading 16 unused Assets / (28.5 KB). Loaded Objects now: 3859.
Memory consumption went from 126.2 MB to 126.2 MB.
Total: 4.941300 ms (FindLiveObjects: 0.409700 ms CreateObjectMapping: 0.389400 ms MarkObjects: 4.080100 ms  DeleteObjects: 0.060500 ms)

Prepare: number of updated asset objects reloaded= 0
AssetImportParameters requested are different than current active one (requested -> active):
  custom:container-demuxer-ogg: 62fdf1f143b41e24485cea50d1cbac27 -> 
  custom:video-codec-MediaFoundation-h265: 746d11721c4dcdbdad8f713fa42b33f4 -> 
  custom:video-decoder-ogg-theora: a1e56fd34408186e4bbccfd4996cb3dc -> 
  custom:framework-win-MediaFoundation: 216162199b28c13a410421893ffa2e32 -> 
  custom:CustomObjectIndexerAttribute: 9a22284fe3817be447336de3de66b15e -> 
  custom:container-demuxer-webm: 4f35f7cbe854078d1ac9338744f61a02 -> 
  custom:container-muxer-webm: aa71ff27fc2769a1b78a27578f13a17b -> 
  custom:video-decoder-webm-vp8: 9c59270c3fd7afecdb556c50c9e8de78 -> 
  custom:SearchIndexIgnoredProperties: e643bd26f0fe6173181afceb89e7c659 -> 
  custom:AudioImporter_EditorPlatform: d09bf68614088b80899f8185d706f6e7 -> 
  custom:video-encoder-webm-vp8: eb34c28f22e8b96e1ab97ce403110664 -> 
  custom:audio-decoder-ogg-vorbis: bf7c407c2cedff20999df2af8eb42d56 -> 
  custom:audio-encoder-webm-vorbis: bf7c407c2cedff20999df2af8eb42d56 -> 
========================================================================
Received Prepare
Caller must complete domain reload
Begin MonoManager ReloadAssembly
- Loaded All Assemblies, in  0.888 seconds
Native extension for WindowsStandalone target not found
Native extension for WebGL target not found
Mono: successfully reloaded assembly
- Finished resetting the current domain, in  1.889 seconds
Domain Reload Profiling: 2759ms
	BeginReloadAssembly (272ms)
		ExecutionOrderSort (0ms)
		DisableScriptedObjects (11ms)
		BackupInstance (0ms)
		ReleaseScriptingObjects (0ms)
		CreateAndSetChildDomain (53ms)
	RebuildCommonClasses (61ms)
	RebuildNativeTypeToScriptingClass (21ms)
	initialDomainReloadingComplete (76ms)
	LoadAllAssembliesAndSetupDomain (439ms)
		LoadAssemblies (565ms)
		RebuildTransferFunctionScriptingTraits (0ms)
		AnalyzeDomain (26ms)
			TypeCache.Refresh (10ms)
				TypeCache.ScanAssembly (0ms)
			ScanForSourceGeneratedMonoScriptInfo (0ms)
			ResolveRequiredComponents (11ms)
	FinalizeReload (1890ms)
		ReleaseScriptCaches (0ms)
		RebuildScriptCaches (0ms)
		SetupLoadedEditorAssemblies (790ms)
			LogAssemblyErrors (0ms)
			InitializePlatformSupportModulesInManaged (18ms)
			SetLoadedEditorAssemblies (8ms)
			RefreshPlugins (0ms)
			BeforeProcessingInitializeOnLoad (132ms)
			ProcessInitializeOnLoadAttributes (562ms)
			ProcessInitializeOnLoadMethodAttributes (44ms)
			AfterProcessingInitializeOnLoad (26ms)
			EditorAssembliesLoaded (0ms)
		ExecutionOrderSort2 (0ms)
		AwakeInstancesAfterBackupRestoration (18ms)
Refreshing native plugins compatible for Editor in 18.46 ms, found 4 plugins.
Preloading 0 native plugins for Editor in 0.00 ms.
Unloading 3252 Unused Serialized files (Serialized files now loaded: 0)
Unloading 16 unused Assets / (28.5 KB). Loaded Objects now: 3862.
Memory consumption went from 126.2 MB to 126.2 MB.
Total: 5.845500 ms (FindLiveObjects: 0.424100 ms CreateObjectMapping: 0.350100 ms MarkObjects: 5.005100 ms  DeleteObjects: 0.064300 ms)

Prepare: number of updated asset objects reloaded= 0
AssetImportParameters requested are different than current active one (requested -> active):
  custom:container-demuxer-ogg: 62fdf1f143b41e24485cea50d1cbac27 -> 
  custom:video-codec-MediaFoundation-h265: 746d11721c4dcdbdad8f713fa42b33f4 -> 
  custom:video-decoder-ogg-theora: a1e56fd34408186e4bbccfd4996cb3dc -> 
  custom:framework-win-MediaFoundation: 216162199b28c13a410421893ffa2e32 -> 
  custom:CustomObjectIndexerAttribute: 9a22284fe3817be447336de3de66b15e -> 
  custom:container-demuxer-webm: 4f35f7cbe854078d1ac9338744f61a02 -> 
  custom:container-muxer-webm: aa71ff27fc2769a1b78a27578f13a17b -> 
  custom:video-decoder-webm-vp8: 9c59270c3fd7afecdb556c50c9e8de78 -> 
  custom:SearchIndexIgnoredProperties: e643bd26f0fe6173181afceb89e7c659 -> 
  custom:AudioImporter_EditorPlatform: d09bf68614088b80899f8185d706f6e7 -> 
  custom:video-encoder-webm-vp8: eb34c28f22e8b96e1ab97ce403110664 -> 
  custom:audio-decoder-ogg-vorbis: bf7c407c2cedff20999df2af8eb42d56 -> 
  custom:audio-encoder-webm-vorbis: bf7c407c2cedff20999df2af8eb42d56 -> 
========================================================================
Received Import Request.
  Time since last request: 52713.327401 seconds.
  path: Assets/XLua/Gen/XLuaGenAutoRegister.cs
  artifactKey: Guid(84762bae3509c61499300ccbec253310) Importer(815301076,1909f56bfc062723c751e8b465ee728b)
Start importing Assets/XLua/Gen/XLuaGenAutoRegister.cs using Guid(84762bae3509c61499300ccbec253310) Importer(815301076,1909f56bfc062723c751e8b465ee728b) [PhysX] Initialized MultithreadedTaskDispatcher with 12 workers.
 -> (artifact id: '0c7bd5f0fcc6c1537f2bb9757731f046') in 0.005799 seconds
Number of updated asset objects reloaded before import = 0
Number of asset objects unloaded after import = 0
========================================================================
Received Import Request.
  Time since last request: 14.771648 seconds.
  path: Assets/XLua/Editor/ExampleConfig.cs
  artifactKey: Guid(1b852d3c62124624888d03e611f7b1fc) Importer(815301076,1909f56bfc062723c751e8b465ee728b)
Start importing Assets/XLua/Editor/ExampleConfig.cs using Guid(1b852d3c62124624888d03e611f7b1fc) Importer(815301076,1909f56bfc062723c751e8b465ee728b) [PhysX] Initialized MultithreadedTaskDispatcher with 12 workers.
 -> (artifact id: '17c5c4e58cfc5ac36139d5a76e52d354') in 0.001114 seconds
Number of updated asset objects reloaded before import = 0
Number of asset objects unloaded after import = 0
========================================================================
Received Import Request.
  Time since last request: 1.004219 seconds.
  path: Assets/XLua/Editor/XLuaUnityDefaultConfig.cs
  artifactKey: Guid(26e5bcec7121f8142a3dbdb72f723aa0) Importer(815301076,1909f56bfc062723c751e8b465ee728b)
Start importing Assets/XLua/Editor/XLuaUnityDefaultConfig.cs using Guid(26e5bcec7121f8142a3dbdb72f723aa0) Importer(815301076,1909f56bfc062723c751e8b465ee728b) [PhysX] Initialized MultithreadedTaskDispatcher with 12 workers.
 -> (artifact id: '0300f846549266cf138fe6b40431b3ef') in 0.000950 seconds
Number of updated asset objects reloaded before import = 0
Number of asset objects unloaded after import = 0
========================================================================
Received Import Request.
  Time since last request: 113997.475196 seconds.
  path: Assets/XLua/Gen/link.xml
  artifactKey: Guid(69b8f0e3fc89de94a8af1414f680c7a7) Importer(815301076,1909f56bfc062723c751e8b465ee728b)
Start importing Assets/XLua/Gen/link.xml using Guid(69b8f0e3fc89de94a8af1414f680c7a7) Importer(815301076,1909f56bfc062723c751e8b465ee728b) [PhysX] Initialized MultithreadedTaskDispatcher with 12 workers.
 -> (artifact id: 'ea478ec522aab29261adf25ac845b372') in 0.122457 seconds
Number of updated asset objects reloaded before import = 0
Number of asset objects unloaded after import = 1
========================================================================
Received Import Request.
  Time since last request: 1.447868 seconds.
  path: Assets/XLua/Gen/WrapPusher.cs
  artifactKey: Guid(78bf8270f08ddbf4b982f5f3ec558122) Importer(815301076,1909f56bfc062723c751e8b465ee728b)
Start importing Assets/XLua/Gen/WrapPusher.cs using Guid(78bf8270f08ddbf4b982f5f3ec558122) Importer(815301076,1909f56bfc062723c751e8b465ee728b) [PhysX] Initialized MultithreadedTaskDispatcher with 12 workers.
 -> (artifact id: 'af03307b64cbcff2bedbd5e88206c2b4') in 0.003541 seconds
Number of updated asset objects reloaded before import = 0
Number of asset objects unloaded after import = 0
========================================================================
Received Import Request.
  Time since last request: 1.044008 seconds.
  path: Assets/XLua/Gen/DelegatesGensBridge.cs
  artifactKey: Guid(2ebf0911d29a5df4e9cc8451bd481aec) Importer(815301076,1909f56bfc062723c751e8b465ee728b)
Start importing Assets/XLua/Gen/DelegatesGensBridge.cs using Guid(2ebf0911d29a5df4e9cc8451bd481aec) Importer(815301076,1909f56bfc062723c751e8b465ee728b) [PhysX] Initialized MultithreadedTaskDispatcher with 12 workers.
 -> (artifact id: '8e74098480cf152af7f33e28b0047cfa') in 0.003130 seconds
Number of updated asset objects reloaded before import = 0
Number of asset objects unloaded after import = 0
========================================================================
Received Import Request.
  Time since last request: 1.342826 seconds.
  path: Assets/XLua/Gen/EnumWrap.cs
  artifactKey: Guid(f9ee8ff84785ee0408bc671506e634b4) Importer(815301076,1909f56bfc062723c751e8b465ee728b)
Start importing Assets/XLua/Gen/EnumWrap.cs using Guid(f9ee8ff84785ee0408bc671506e634b4) Importer(815301076,1909f56bfc062723c751e8b465ee728b) [PhysX] Initialized MultithreadedTaskDispatcher with 12 workers.
 -> (artifact id: 'a5c1169f81b579bedee7b02ab765db8e') in 0.002318 seconds
Number of updated asset objects reloaded before import = 0
Number of asset objects unloaded after import = 0
========================================================================
Received Import Request.
  Time since last request: 3.844533 seconds.
  path: Assets/XLua/Editor
  artifactKey: Guid(f890416e958ceb54694b165fb109582a) Importer(815301076,1909f56bfc062723c751e8b465ee728b)
Start importing Assets/XLua/Editor using Guid(f890416e958ceb54694b165fb109582a) Importer(815301076,1909f56bfc062723c751e8b465ee728b) [PhysX] Initialized MultithreadedTaskDispatcher with 12 workers.
 -> (artifact id: '671ee6eab107d10abdae852c8cfc3f92') in 0.001956 seconds
Number of updated asset objects reloaded before import = 0
Number of asset objects unloaded after import = 0
========================================================================
Received Import Request.
  Time since last request: 1157.016282 seconds.
  path: Assets/XLua/Examples
  artifactKey: Guid(1feab61bf70ce6a4d951cbf76ea6c32f) Importer(815301076,1909f56bfc062723c751e8b465ee728b)
Start importing Assets/XLua/Examples using Guid(1feab61bf70ce6a4d951cbf76ea6c32f) Importer(815301076,1909f56bfc062723c751e8b465ee728b) [PhysX] Initialized MultithreadedTaskDispatcher with 12 workers.
 -> (artifact id: '38cf4aaf6d9a6bf8bc5ddac6818e869d') in 0.003898 seconds
Number of updated asset objects reloaded before import = 0
Number of asset objects unloaded after import = 0
========================================================================
Received Prepare
Caller must complete domain reload
Begin MonoManager ReloadAssembly
- Loaded All Assemblies, in  1.959 seconds
Native extension for WindowsStandalone target not found
Native extension for WebGL target not found
Mono: successfully reloaded assembly
- Finished resetting the current domain, in  2.933 seconds
Domain Reload Profiling: 4871ms
	BeginReloadAssembly (665ms)
		ExecutionOrderSort (0ms)
		DisableScriptedObjects (23ms)
		BackupInstance (0ms)
		ReleaseScriptingObjects (0ms)
		CreateAndSetChildDomain (203ms)
	RebuildCommonClasses (126ms)
	RebuildNativeTypeToScriptingClass (29ms)
	initialDomainReloadingComplete (118ms)
	LoadAllAssembliesAndSetupDomain (999ms)
		LoadAssemblies (1222ms)
		RebuildTransferFunctionScriptingTraits (0ms)
		AnalyzeDomain (85ms)
			TypeCache.Refresh (41ms)
				TypeCache.ScanAssembly (11ms)
			ScanForSourceGeneratedMonoScriptInfo (22ms)
			ResolveRequiredComponents (18ms)
	FinalizeReload (2934ms)
		ReleaseScriptCaches (0ms)
		RebuildScriptCaches (0ms)
		SetupLoadedEditorAssemblies (1128ms)
			LogAssemblyErrors (0ms)
			InitializePlatformSupportModulesInManaged (27ms)
			SetLoadedEditorAssemblies (10ms)
			RefreshPlugins (0ms)
			BeforeProcessingInitializeOnLoad (176ms)
			ProcessInitializeOnLoadAttributes (826ms)
			ProcessInitializeOnLoadMethodAttributes (60ms)
			AfterProcessingInitializeOnLoad (27ms)
			EditorAssembliesLoaded (1ms)
		ExecutionOrderSort2 (0ms)
		AwakeInstancesAfterBackupRestoration (22ms)
Refreshing native plugins compatible for Editor in 23.45 ms, found 4 plugins.
Preloading 0 native plugins for Editor in 0.00 ms.
Unloading 3252 Unused Serialized files (Serialized files now loaded: 0)
Unloading 16 unused Assets / (28.5 KB). Loaded Objects now: 3866.
Memory consumption went from 126.0 MB to 126.0 MB.
Total: 8.210600 ms (FindLiveObjects: 1.035200 ms CreateObjectMapping: 0.853800 ms MarkObjects: 6.184500 ms  DeleteObjects: 0.133500 ms)

Prepare: number of updated asset objects reloaded= 0
AssetImportParameters requested are different than current active one (requested -> active):
  custom:container-demuxer-ogg: 62fdf1f143b41e24485cea50d1cbac27 -> 
  custom:video-codec-MediaFoundation-h265: 746d11721c4dcdbdad8f713fa42b33f4 -> 
  custom:video-decoder-ogg-theora: a1e56fd34408186e4bbccfd4996cb3dc -> 
  custom:framework-win-MediaFoundation: 216162199b28c13a410421893ffa2e32 -> 
  custom:CustomObjectIndexerAttribute: 9a22284fe3817be447336de3de66b15e -> 
  custom:container-demuxer-webm: 4f35f7cbe854078d1ac9338744f61a02 -> 
  custom:container-muxer-webm: aa71ff27fc2769a1b78a27578f13a17b -> 
  custom:video-decoder-webm-vp8: 9c59270c3fd7afecdb556c50c9e8de78 -> 
  custom:SearchIndexIgnoredProperties: e643bd26f0fe6173181afceb89e7c659 -> 
  custom:AudioImporter_EditorPlatform: d09bf68614088b80899f8185d706f6e7 -> 
  custom:scripting/monoscript/fileName/ExampleGenConfig.cs: 2d21554d83bd53efca28765b954d65c7 -> 
  custom:video-encoder-webm-vp8: eb34c28f22e8b96e1ab97ce403110664 -> 
  custom:audio-decoder-ogg-vorbis: bf7c407c2cedff20999df2af8eb42d56 -> 
  custom:audio-encoder-webm-vorbis: bf7c407c2cedff20999df2af8eb42d56 -> 
  custom:scripting/precompiled-assembly-types:Assembly-CSharp: f92bb97a75c1a00eb491ba137ec766d0 -> e72714bde2f0db21cfc2a265dc5c1124
========================================================================
Received Prepare
Caller must complete domain reload
Begin MonoManager ReloadAssembly
- Loaded All Assemblies, in  1.087 seconds
Native extension for WindowsStandalone target not found
Native extension for WebGL target not found
Mono: successfully reloaded assembly
- Finished resetting the current domain, in  2.276 seconds
Domain Reload Profiling: 3347ms
	BeginReloadAssembly (324ms)
		ExecutionOrderSort (0ms)
		DisableScriptedObjects (10ms)
		BackupInstance (0ms)
		ReleaseScriptingObjects (0ms)
		CreateAndSetChildDomain (53ms)
	RebuildCommonClasses (76ms)
	RebuildNativeTypeToScriptingClass (23ms)
	initialDomainReloadingComplete (95ms)
	LoadAllAssembliesAndSetupDomain (553ms)
		LoadAssemblies (709ms)
		RebuildTransferFunctionScriptingTraits (0ms)
		AnalyzeDomain (40ms)
			TypeCache.Refresh (15ms)
				TypeCache.ScanAssembly (0ms)
			ScanForSourceGeneratedMonoScriptInfo (0ms)
			ResolveRequiredComponents (19ms)
	FinalizeReload (2277ms)
		ReleaseScriptCaches (0ms)
		RebuildScriptCaches (0ms)
		SetupLoadedEditorAssemblies (953ms)
			LogAssemblyErrors (0ms)
			InitializePlatformSupportModulesInManaged (19ms)
			SetLoadedEditorAssemblies (6ms)
			RefreshPlugins (0ms)
			BeforeProcessingInitializeOnLoad (149ms)
			ProcessInitializeOnLoadAttributes (689ms)
			ProcessInitializeOnLoadMethodAttributes (58ms)
			AfterProcessingInitializeOnLoad (32ms)
			EditorAssembliesLoaded (0ms)
		ExecutionOrderSort2 (0ms)
		AwakeInstancesAfterBackupRestoration (20ms)
Refreshing native plugins compatible for Editor in 21.19 ms, found 4 plugins.
Preloading 0 native plugins for Editor in 0.00 ms.
Unloading 3253 Unused Serialized files (Serialized files now loaded: 0)
Unloading 16 unused Assets / (28.6 KB). Loaded Objects now: 3869.
Memory consumption went from 126.3 MB to 126.2 MB.
Total: 8.128500 ms (FindLiveObjects: 0.754200 ms CreateObjectMapping: 0.786500 ms MarkObjects: 6.472500 ms  DeleteObjects: 0.113400 ms)

Prepare: number of updated asset objects reloaded= 0
AssetImportParameters requested are different than current active one (requested -> active):
  custom:container-demuxer-ogg: 62fdf1f143b41e24485cea50d1cbac27 -> 
  custom:video-codec-MediaFoundation-h265: 746d11721c4dcdbdad8f713fa42b33f4 -> 
  custom:video-decoder-ogg-theora: a1e56fd34408186e4bbccfd4996cb3dc -> 
  custom:framework-win-MediaFoundation: 216162199b28c13a410421893ffa2e32 -> 
  custom:CustomObjectIndexerAttribute: 9a22284fe3817be447336de3de66b15e -> 
  custom:container-demuxer-webm: 4f35f7cbe854078d1ac9338744f61a02 -> 
  custom:container-muxer-webm: aa71ff27fc2769a1b78a27578f13a17b -> 
  custom:video-decoder-webm-vp8: 9c59270c3fd7afecdb556c50c9e8de78 -> 
  custom:SearchIndexIgnoredProperties: e643bd26f0fe6173181afceb89e7c659 -> 
  custom:AudioImporter_EditorPlatform: d09bf68614088b80899f8185d706f6e7 -> 
  custom:scripting/monoscript/fileName/ExampleGenConfig.cs: 2d21554d83bd53efca28765b954d65c7 -> 
  custom:video-encoder-webm-vp8: eb34c28f22e8b96e1ab97ce403110664 -> 
  custom:audio-decoder-ogg-vorbis: bf7c407c2cedff20999df2af8eb42d56 -> 
  custom:audio-encoder-webm-vorbis: bf7c407c2cedff20999df2af8eb42d56 -> 
  custom:scripting/precompiled-assembly-types:Assembly-CSharp: f92bb97a75c1a00eb491ba137ec766d0 -> e72714bde2f0db21cfc2a265dc5c1124
========================================================================
Received Prepare
Caller must complete domain reload
Begin MonoManager ReloadAssembly
- Loaded All Assemblies, in  0.985 seconds
Native extension for WindowsStandalone target not found
Native extension for WebGL target not found
Mono: successfully reloaded assembly
- Finished resetting the current domain, in  2.154 seconds
Domain Reload Profiling: 3117ms
	BeginReloadAssembly (289ms)
		ExecutionOrderSort (0ms)
		DisableScriptedObjects (11ms)
		BackupInstance (0ms)
		ReleaseScriptingObjects (0ms)
		CreateAndSetChildDomain (50ms)
	RebuildCommonClasses (77ms)
	RebuildNativeTypeToScriptingClass (21ms)
	initialDomainReloadingComplete (78ms)
	LoadAllAssembliesAndSetupDomain (497ms)
		LoadAssemblies (641ms)
		RebuildTransferFunctionScriptingTraits (0ms)
		AnalyzeDomain (26ms)
			TypeCache.Refresh (11ms)
				TypeCache.ScanAssembly (0ms)
			ScanForSourceGeneratedMonoScriptInfo (0ms)
			ResolveRequiredComponents (11ms)
	FinalizeReload (2155ms)
		ReleaseScriptCaches (0ms)
		RebuildScriptCaches (0ms)
		SetupLoadedEditorAssemblies (899ms)
			LogAssemblyErrors (0ms)
			InitializePlatformSupportModulesInManaged (20ms)
			SetLoadedEditorAssemblies (10ms)
			RefreshPlugins (0ms)
			BeforeProcessingInitializeOnLoad (152ms)
			ProcessInitializeOnLoadAttributes (629ms)
			ProcessInitializeOnLoadMethodAttributes (50ms)
			AfterProcessingInitializeOnLoad (38ms)
			EditorAssembliesLoaded (0ms)
		ExecutionOrderSort2 (0ms)
		AwakeInstancesAfterBackupRestoration (19ms)
Refreshing native plugins compatible for Editor in 22.46 ms, found 4 plugins.
Preloading 0 native plugins for Editor in 0.00 ms.
Unloading 3253 Unused Serialized files (Serialized files now loaded: 0)
Unloading 16 unused Assets / (28.6 KB). Loaded Objects now: 3872.
Memory consumption went from 126.3 MB to 126.2 MB.
Total: 5.099200 ms (FindLiveObjects: 0.562200 ms CreateObjectMapping: 0.498500 ms MarkObjects: 3.964100 ms  DeleteObjects: 0.071800 ms)

Prepare: number of updated asset objects reloaded= 0
AssetImportParameters requested are different than current active one (requested -> active):
  custom:container-demuxer-ogg: 62fdf1f143b41e24485cea50d1cbac27 -> 
  custom:video-codec-MediaFoundation-h265: 746d11721c4dcdbdad8f713fa42b33f4 -> 
  custom:video-decoder-ogg-theora: a1e56fd34408186e4bbccfd4996cb3dc -> 
  custom:framework-win-MediaFoundation: 216162199b28c13a410421893ffa2e32 -> 
  custom:CustomObjectIndexerAttribute: 9a22284fe3817be447336de3de66b15e -> 
  custom:container-demuxer-webm: 4f35f7cbe854078d1ac9338744f61a02 -> 
  custom:container-muxer-webm: aa71ff27fc2769a1b78a27578f13a17b -> 
  custom:video-decoder-webm-vp8: 9c59270c3fd7afecdb556c50c9e8de78 -> 
  custom:SearchIndexIgnoredProperties: e643bd26f0fe6173181afceb89e7c659 -> 
  custom:AudioImporter_EditorPlatform: d09bf68614088b80899f8185d706f6e7 -> 
  custom:scripting/monoscript/fileName/ExampleGenConfig.cs: 2d21554d83bd53efca28765b954d65c7 -> 
  custom:video-encoder-webm-vp8: eb34c28f22e8b96e1ab97ce403110664 -> 
  custom:audio-decoder-ogg-vorbis: bf7c407c2cedff20999df2af8eb42d56 -> 
  custom:audio-encoder-webm-vorbis: bf7c407c2cedff20999df2af8eb42d56 -> 
  custom:scripting/precompiled-assembly-types:Assembly-CSharp: f92bb97a75c1a00eb491ba137ec766d0 -> e72714bde2f0db21cfc2a265dc5c1124
========================================================================
Received Import Request.
  Time since last request: 341.999955 seconds.
  path: Assets/XLua/Examples/ExampleGenConfig.cs
  artifactKey: Guid(937a8613c9064e746ba2b5cf71ac7c43) Importer(815301076,1909f56bfc062723c751e8b465ee728b)
Start importing Assets/XLua/Examples/ExampleGenConfig.cs using Guid(937a8613c9064e746ba2b5cf71ac7c43) Importer(815301076,1909f56bfc062723c751e8b465ee728b) [PhysX] Initialized MultithreadedTaskDispatcher with 12 workers.
 -> (artifact id: '3411cd5a6dfe75519afc119bced57a9e') in 0.003555 seconds
Number of updated asset objects reloaded before import = 0
Number of asset objects unloaded after import = 0
========================================================================
Received Import Request.
  Time since last request: 20.930617 seconds.
  path: Assets/XLua/Examples/ExampleGenConfig.cs
  artifactKey: Guid(937a8613c9064e746ba2b5cf71ac7c43) Importer(815301076,1909f56bfc062723c751e8b465ee728b)
Start importing Assets/XLua/Examples/ExampleGenConfig.cs using Guid(937a8613c9064e746ba2b5cf71ac7c43) Importer(815301076,1909f56bfc062723c751e8b465ee728b) [PhysX] Initialized MultithreadedTaskDispatcher with 12 workers.
 -> (artifact id: '9fd19513194a064f8372d9e0c9855a9a') in 0.001272 seconds
Number of updated asset objects reloaded before import = 0
Number of asset objects unloaded after import = 0
========================================================================
Received Import Request.
  Time since last request: 77.115714 seconds.
  path: Assets/XLua/Gen/Tutorial_DerivedClassExtensionsWrap.cs
  artifactKey: Guid(e7deba56a1a95b2408f6b6ee49df83c9) Importer(815301076,1909f56bfc062723c751e8b465ee728b)
Start importing Assets/XLua/Gen/Tutorial_DerivedClassExtensionsWrap.cs using Guid(e7deba56a1a95b2408f6b6ee49df83c9) Importer(815301076,1909f56bfc062723c751e8b465ee728b) [PhysX] Initialized MultithreadedTaskDispatcher with 12 workers.
 -> (artifact id: 'ff6afe95e1528d81afcff9d64ce80f67') in 0.001515 seconds
Number of updated asset objects reloaded before import = 0
Number of asset objects unloaded after import = 0
========================================================================
Received Import Request.
  Time since last request: 85.799541 seconds.
  path: Assets/XLua/Doc/Faq_EN.md
  artifactKey: Guid(7b6232183a3c52f4f9af4b68f8a687cc) Importer(815301076,1909f56bfc062723c751e8b465ee728b)
Start importing Assets/XLua/Doc/Faq_EN.md using Guid(7b6232183a3c52f4f9af4b68f8a687cc) Importer(815301076,1909f56bfc062723c751e8b465ee728b) [PhysX] Initialized MultithreadedTaskDispatcher with 12 workers.
 -> (artifact id: '8b6982adfda9c318d9f9095e39f3db25') in 0.020902 seconds
Number of updated asset objects reloaded before import = 0
Number of asset objects unloaded after import = 1
========================================================================
Received Import Request.
  Time since last request: 124.316433 seconds.
  path: Assets/XLua/Doc/faq.md
  artifactKey: Guid(13645b7c8597d7840adaff65764ad40f) Importer(815301076,1909f56bfc062723c751e8b465ee728b)
Start importing Assets/XLua/Doc/faq.md using Guid(13645b7c8597d7840adaff65764ad40f) Importer(815301076,1909f56bfc062723c751e8b465ee728b) [PhysX] Initialized MultithreadedTaskDispatcher with 12 workers.
 -> (artifact id: '7f9e0828be40406f11325a1350de22c0') in 0.002056 seconds
Number of updated asset objects reloaded before import = 0
Number of asset objects unloaded after import = 1
========================================================================
Received Import Request.
  Time since last request: 528.644372 seconds.
  path: Assets/XLua/Doc/hotfix.md
  artifactKey: Guid(a96cb06c040f28c4aab024ca7634360b) Importer(815301076,1909f56bfc062723c751e8b465ee728b)
Start importing Assets/XLua/Doc/hotfix.md using Guid(a96cb06c040f28c4aab024ca7634360b) Importer(815301076,1909f56bfc062723c751e8b465ee728b) [PhysX] Initialized MultithreadedTaskDispatcher with 12 workers.
 -> (artifact id: 'd8787dbe05d2fd6fa7e3f5e71efc4a9c') in 0.002509 seconds
Number of updated asset objects reloaded before import = 0
Number of asset objects unloaded after import = 1
========================================================================
Received Prepare
Caller must complete domain reload
Begin MonoManager ReloadAssembly
- Loaded All Assemblies, in  1.008 seconds
Native extension for WindowsStandalone target not found
Native extension for WebGL target not found
Mono: successfully reloaded assembly
- Finished resetting the current domain, in  1.963 seconds
Domain Reload Profiling: 2957ms
	BeginReloadAssembly (294ms)
		ExecutionOrderSort (0ms)
		DisableScriptedObjects (10ms)
		BackupInstance (0ms)
		ReleaseScriptingObjects (0ms)
		CreateAndSetChildDomain (51ms)
	RebuildCommonClasses (71ms)
	RebuildNativeTypeToScriptingClass (22ms)
	initialDomainReloadingComplete (81ms)
	LoadAllAssembliesAndSetupDomain (524ms)
		LoadAssemblies (635ms)
		RebuildTransferFunctionScriptingTraits (0ms)
		AnalyzeDomain (59ms)
			TypeCache.Refresh (22ms)
				TypeCache.ScanAssembly (5ms)
			ScanForSourceGeneratedMonoScriptInfo (21ms)
			ResolveRequiredComponents (12ms)
	FinalizeReload (1964ms)
		ReleaseScriptCaches (0ms)
		RebuildScriptCaches (0ms)
		SetupLoadedEditorAssemblies (786ms)
			LogAssemblyErrors (0ms)
			InitializePlatformSupportModulesInManaged (14ms)
			SetLoadedEditorAssemblies (7ms)
			RefreshPlugins (0ms)
			BeforeProcessingInitializeOnLoad (124ms)
			ProcessInitializeOnLoadAttributes (567ms)
			ProcessInitializeOnLoadMethodAttributes (50ms)
			AfterProcessingInitializeOnLoad (24ms)
			EditorAssembliesLoaded (0ms)
		ExecutionOrderSort2 (0ms)
		AwakeInstancesAfterBackupRestoration (17ms)
Refreshing native plugins compatible for Editor in 19.51 ms, found 4 plugins.
Preloading 0 native plugins for Editor in 0.00 ms.
Unloading 3281 Unused Serialized files (Serialized files now loaded: 0)
Unloading 16 unused Assets / (28.6 KB). Loaded Objects now: 3904.
Memory consumption went from 126.5 MB to 126.5 MB.
Total: 5.569600 ms (FindLiveObjects: 0.512400 ms CreateObjectMapping: 0.562100 ms MarkObjects: 4.419100 ms  DeleteObjects: 0.074800 ms)

Prepare: number of updated asset objects reloaded= 0
AssetImportParameters requested are different than current active one (requested -> active):
  custom:scripting/monoscript/fileName/UnityEngine_BehaviourWrap.cs: 07f04650a03b829841e9fab9d7740454 -> 
  custom:container-demuxer-ogg: 62fdf1f143b41e24485cea50d1cbac27 -> 
  custom:scripting/monoscript/fileName/UnityEngine_Vector3Wrap.cs: 63f465b9380555daafea25b4176adba5 -> 
  custom:scripting/monoscript/fileName/UnityEngine_RayWrap.cs: 0b84fbe6cabdb1173feb41e835ef3a40 -> 
  custom:video-codec-MediaFoundation-h265: 746d11721c4dcdbdad8f713fa42b33f4 -> 
  custom:video-decoder-ogg-theora: a1e56fd34408186e4bbccfd4996cb3dc -> 
  custom:framework-win-MediaFoundation: 216162199b28c13a410421893ffa2e32 -> 
  custom:scripting/monoscript/fileName/UnityEngine_TimeWrap.cs: 5e744018ad83dc4e6b5341356b280ff7 -> 
  custom:scripting/monoscript/fileName/UnityEngine_AnimationClipWrap.cs: 77a92debc688d37d0c76ed29e7849dc6 -> 
  custom:scripting/monoscript/fileName/UnityEngine_MonoBehaviourWrap.cs: 04d351bf9d6db68acd2847f2651b2d6b -> 
  custom:scripting/monoscript/fileName/UnityEngine_MathfWrap.cs: 333033f071a58c53b030860e1dc36f4e -> 
  custom:scripting/monoscript/fileName/UnityEngine_ResourcesWrap.cs: 698ab99237a4262ce7f88356cded464a -> 
  custom:CustomObjectIndexerAttribute: 9a22284fe3817be447336de3de66b15e -> 
  custom:container-demuxer-webm: 4f35f7cbe854078d1ac9338744f61a02 -> 
  custom:scripting/monoscript/fileName/UnityEngine_ParticleSystemWrap.cs: eee33c4ac5a2b762ef5a90683fe90f0f -> 
  custom:scripting/monoscript/fileName/UnityEngine_BoundsWrap.cs: 3dd26eeb95bac2de8ce2da585d995261 -> 
  custom:scripting/monoscript/fileName/UnityEngine_KeyframeWrap.cs: f022c20884bfebd1cdba5d0a32b69287 -> 
  custom:container-muxer-webm: aa71ff27fc2769a1b78a27578f13a17b -> 
  custom:video-decoder-webm-vp8: 9c59270c3fd7afecdb556c50c9e8de78 -> 
  custom:scripting/monoscript/fileName/System_Collections_Generic_List_1_System_Int32_Wrap.cs: 0d81f6d3ce2afe6f735fa61fb6f44318 -> 
  custom:SearchIndexIgnoredProperties: e643bd26f0fe6173181afceb89e7c659 -> 
  custom:scripting/monoscript/fileName/UnityEngine_ColorWrap.cs: a2199b901d8d68ac06d36f834d48f0de -> 
  custom:AudioImporter_EditorPlatform: d09bf68614088b80899f8185d706f6e7 -> 
  custom:scripting/monoscript/fileName/UnityEngine_Ray2DWrap.cs: 3948513cbdb210ff5fa49a4b2880e106 -> 
  custom:scripting/monoscript/fileName/UnityEngine_ComponentWrap.cs: 3c3e0b9fedb2878f9f3fac771839136b -> 
  custom:scripting/monoscript/fileName/System_ObjectWrap.cs: 9fb5e5ed9e38c23dad1e0232edf0373b -> 
  custom:scripting/monoscript/fileName/UnityEngine_QuaternionWrap.cs: 2be38f3d0f8715c9babd38533b7cc2f6 -> 
  custom:scripting/monoscript/fileName/ExampleGenConfig.cs: 2d21554d83bd53efca28765b954d65c7 -> 
  custom:scripting/monoscript/fileName/UnityEngine_AnimationCurveWrap.cs: a1b4a7dab75f49fff03082ff025e4e5e -> 
  custom:scripting/monoscript/fileName/UnityEngine_LightWrap.cs: afdccdb78964e15816bd84ff574e1d72 -> 
  custom:scripting/monoscript/fileName/System_Collections_IEnumeratorBridge.cs: a6b8b2b6997973169c6bebc4e00197c3 -> 
  custom:video-encoder-webm-vp8: eb34c28f22e8b96e1ab97ce403110664 -> 
  custom:scripting/monoscript/fileName/UnityEngine_Vector2Wrap.cs: d8bd11c5df83747314d76d2e1152a25a -> 
  custom:audio-decoder-ogg-vorbis: bf7c407c2cedff20999df2af8eb42d56 -> 
  custom:scripting/monoscript/fileName/UnityEngine_GameObjectWrap.cs: 499beb086fe32ba82bd6b30d04f108ea -> 
  custom:scripting/monoscript/fileName/UnityEngine_DebugWrap.cs: 2a23054f13a8c643d838dbc57d787e1a -> 
  custom:scripting/monoscript/fileName/UnityEngine_SkinnedMeshRendererWrap.cs: e6c3bb62aa80867a3afe5dcbb6224761 -> 
  custom:scripting/monoscript/fileName/UnityEngine_TextAssetWrap.cs: 96eae3d139831963806db363328bfefe -> 
  custom:scripting/monoscript/fileName/UnityEngine_TransformWrap.cs: 50d916bbc9cc3aa204547c1dbcf1b841 -> 
  custom:scripting/monoscript/fileName/UnityEngine_RendererWrap.cs: e28d66316639c5d4634a4f4176885c0f -> 
  custom:audio-encoder-webm-vorbis: bf7c407c2cedff20999df2af8eb42d56 -> 
  custom:scripting/monoscript/fileName/UnityEngine_Vector4Wrap.cs: e876ed87f63c3dc401e686c851325f69 -> 
  custom:scripting/monoscript/fileName/UnityEngine_ObjectWrap.cs: d239f04268fb712161f840d533347443 -> 
  custom:scripting/precompiled-assembly-types:Assembly-CSharp: b6f6826115f6ce21e7ac599e249680bb -> e72714bde2f0db21cfc2a265dc5c1124
========================================================================
Received Prepare
Caller must complete domain reload
Begin MonoManager ReloadAssembly
- Loaded All Assemblies, in  1.013 seconds
Native extension for WindowsStandalone target not found
Native extension for WebGL target not found
Mono: successfully reloaded assembly
- Finished resetting the current domain, in  2.187 seconds
Domain Reload Profiling: 3186ms
	BeginReloadAssembly (325ms)
		ExecutionOrderSort (0ms)
		DisableScriptedObjects (10ms)
		BackupInstance (0ms)
		ReleaseScriptingObjects (0ms)
		CreateAndSetChildDomain (57ms)
	RebuildCommonClasses (91ms)
	RebuildNativeTypeToScriptingClass (27ms)
	initialDomainReloadingComplete (72ms)
	LoadAllAssembliesAndSetupDomain (483ms)
		LoadAssemblies (644ms)
		RebuildTransferFunctionScriptingTraits (0ms)
		AnalyzeDomain (27ms)
			TypeCache.Refresh (11ms)
				TypeCache.ScanAssembly (0ms)
			ScanForSourceGeneratedMonoScriptInfo (0ms)
			ResolveRequiredComponents (11ms)
	FinalizeReload (2188ms)
		ReleaseScriptCaches (0ms)
		RebuildScriptCaches (0ms)
		SetupLoadedEditorAssemblies (934ms)
			LogAssemblyErrors (0ms)
			InitializePlatformSupportModulesInManaged (17ms)
			SetLoadedEditorAssemblies (6ms)
			RefreshPlugins (0ms)
			BeforeProcessingInitializeOnLoad (146ms)
			ProcessInitializeOnLoadAttributes (677ms)
			ProcessInitializeOnLoadMethodAttributes (52ms)
			AfterProcessingInitializeOnLoad (35ms)
			EditorAssembliesLoaded (0ms)
		ExecutionOrderSort2 (0ms)
		AwakeInstancesAfterBackupRestoration (22ms)
Refreshing native plugins compatible for Editor in 21.90 ms, found 4 plugins.
Preloading 0 native plugins for Editor in 0.00 ms.
Unloading 3282 Unused Serialized files (Serialized files now loaded: 0)
Unloading 16 unused Assets / (28.5 KB). Loaded Objects now: 3907.
Memory consumption went from 126.8 MB to 126.7 MB.
Total: 5.990800 ms (FindLiveObjects: 0.539400 ms CreateObjectMapping: 0.628300 ms MarkObjects: 4.757700 ms  DeleteObjects: 0.063200 ms)

Prepare: number of updated asset objects reloaded= 0
AssetImportParameters requested are different than current active one (requested -> active):
  custom:scripting/monoscript/fileName/UnityEngine_BehaviourWrap.cs: 07f04650a03b829841e9fab9d7740454 -> 
  custom:container-demuxer-ogg: 62fdf1f143b41e24485cea50d1cbac27 -> 
  custom:scripting/monoscript/fileName/UnityEngine_Vector3Wrap.cs: 63f465b9380555daafea25b4176adba5 -> 
  custom:scripting/monoscript/fileName/UnityEngine_RayWrap.cs: 0b84fbe6cabdb1173feb41e835ef3a40 -> 
  custom:video-codec-MediaFoundation-h265: 746d11721c4dcdbdad8f713fa42b33f4 -> 
  custom:video-decoder-ogg-theora: a1e56fd34408186e4bbccfd4996cb3dc -> 
  custom:framework-win-MediaFoundation: 216162199b28c13a410421893ffa2e32 -> 
  custom:scripting/monoscript/fileName/UnityEngine_TimeWrap.cs: 5e744018ad83dc4e6b5341356b280ff7 -> 
  custom:scripting/monoscript/fileName/UnityEngine_AnimationClipWrap.cs: 77a92debc688d37d0c76ed29e7849dc6 -> 
  custom:scripting/monoscript/fileName/UnityEngine_MonoBehaviourWrap.cs: 04d351bf9d6db68acd2847f2651b2d6b -> 
  custom:scripting/monoscript/fileName/UnityEngine_MathfWrap.cs: 333033f071a58c53b030860e1dc36f4e -> 
  custom:scripting/monoscript/fileName/UnityEngine_ResourcesWrap.cs: 698ab99237a4262ce7f88356cded464a -> 
  custom:CustomObjectIndexerAttribute: 9a22284fe3817be447336de3de66b15e -> 
  custom:container-demuxer-webm: 4f35f7cbe854078d1ac9338744f61a02 -> 
  custom:scripting/monoscript/fileName/UnityEngine_ParticleSystemWrap.cs: eee33c4ac5a2b762ef5a90683fe90f0f -> 
  custom:scripting/monoscript/fileName/UnityEngine_BoundsWrap.cs: 3dd26eeb95bac2de8ce2da585d995261 -> 
  custom:scripting/monoscript/fileName/UnityEngine_KeyframeWrap.cs: f022c20884bfebd1cdba5d0a32b69287 -> 
  custom:container-muxer-webm: aa71ff27fc2769a1b78a27578f13a17b -> 
  custom:video-decoder-webm-vp8: 9c59270c3fd7afecdb556c50c9e8de78 -> 
  custom:scripting/monoscript/fileName/System_Collections_Generic_List_1_System_Int32_Wrap.cs: 0d81f6d3ce2afe6f735fa61fb6f44318 -> 
  custom:SearchIndexIgnoredProperties: e643bd26f0fe6173181afceb89e7c659 -> 
  custom:scripting/monoscript/fileName/UnityEngine_ColorWrap.cs: a2199b901d8d68ac06d36f834d48f0de -> 
  custom:AudioImporter_EditorPlatform: d09bf68614088b80899f8185d706f6e7 -> 
  custom:scripting/monoscript/fileName/UnityEngine_Ray2DWrap.cs: 3948513cbdb210ff5fa49a4b2880e106 -> 
  custom:scripting/monoscript/fileName/UnityEngine_ComponentWrap.cs: 3c3e0b9fedb2878f9f3fac771839136b -> 
  custom:scripting/monoscript/fileName/System_ObjectWrap.cs: 9fb5e5ed9e38c23dad1e0232edf0373b -> 
  custom:scripting/monoscript/fileName/UnityEngine_QuaternionWrap.cs: 2be38f3d0f8715c9babd38533b7cc2f6 -> 
  custom:scripting/monoscript/fileName/ExampleGenConfig.cs: 2d21554d83bd53efca28765b954d65c7 -> 
  custom:scripting/monoscript/fileName/UnityEngine_AnimationCurveWrap.cs: a1b4a7dab75f49fff03082ff025e4e5e -> 
  custom:scripting/monoscript/fileName/UnityEngine_LightWrap.cs: afdccdb78964e15816bd84ff574e1d72 -> 
  custom:scripting/monoscript/fileName/System_Collections_IEnumeratorBridge.cs: a6b8b2b6997973169c6bebc4e00197c3 -> 
  custom:video-encoder-webm-vp8: eb34c28f22e8b96e1ab97ce403110664 -> 
  custom:scripting/monoscript/fileName/UnityEngine_Vector2Wrap.cs: d8bd11c5df83747314d76d2e1152a25a -> 
  custom:audio-decoder-ogg-vorbis: bf7c407c2cedff20999df2af8eb42d56 -> 
  custom:scripting/monoscript/fileName/UnityEngine_GameObjectWrap.cs: 499beb086fe32ba82bd6b30d04f108ea -> 
  custom:scripting/monoscript/fileName/UnityEngine_DebugWrap.cs: 2a23054f13a8c643d838dbc57d787e1a -> 
  custom:scripting/monoscript/fileName/UnityEngine_SkinnedMeshRendererWrap.cs: e6c3bb62aa80867a3afe5dcbb6224761 -> 
  custom:scripting/monoscript/fileName/UnityEngine_TextAssetWrap.cs: 96eae3d139831963806db363328bfefe -> 
  custom:scripting/monoscript/fileName/UnityEngine_TransformWrap.cs: 50d916bbc9cc3aa204547c1dbcf1b841 -> 
  custom:scripting/monoscript/fileName/UnityEngine_RendererWrap.cs: e28d66316639c5d4634a4f4176885c0f -> 
  custom:audio-encoder-webm-vorbis: bf7c407c2cedff20999df2af8eb42d56 -> 
  custom:scripting/monoscript/fileName/UnityEngine_Vector4Wrap.cs: e876ed87f63c3dc401e686c851325f69 -> 
  custom:scripting/monoscript/fileName/UnityEngine_ObjectWrap.cs: d239f04268fb712161f840d533347443 -> 
  custom:scripting/precompiled-assembly-types:Assembly-CSharp: b6f6826115f6ce21e7ac599e249680bb -> e72714bde2f0db21cfc2a265dc5c1124
========================================================================
Received Prepare
Caller must complete domain reload
Begin MonoManager ReloadAssembly
- Loaded All Assemblies, in  1.045 seconds
Native extension for WindowsStandalone target not found
Native extension for WebGL target not found
Mono: successfully reloaded assembly
- Finished resetting the current domain, in  1.904 seconds
Domain Reload Profiling: 2935ms
	BeginReloadAssembly (302ms)
		ExecutionOrderSort (0ms)
		DisableScriptedObjects (12ms)
		BackupInstance (0ms)
		ReleaseScriptingObjects (0ms)
		CreateAndSetChildDomain (56ms)
	RebuildCommonClasses (82ms)
	RebuildNativeTypeToScriptingClass (34ms)
	initialDomainReloadingComplete (79ms)
	LoadAllAssembliesAndSetupDomain (532ms)
		LoadAssemblies (643ms)
		RebuildTransferFunctionScriptingTraits (0ms)
		AnalyzeDomain (62ms)
			TypeCache.Refresh (23ms)
				TypeCache.ScanAssembly (5ms)
			ScanForSourceGeneratedMonoScriptInfo (16ms)
			ResolveRequiredComponents (17ms)
	FinalizeReload (1906ms)
		ReleaseScriptCaches (0ms)
		RebuildScriptCaches (0ms)
		SetupLoadedEditorAssemblies (748ms)
			LogAssemblyErrors (0ms)
			InitializePlatformSupportModulesInManaged (14ms)
			SetLoadedEditorAssemblies (7ms)
			RefreshPlugins (0ms)
			BeforeProcessingInitializeOnLoad (123ms)
			ProcessInitializeOnLoadAttributes (535ms)
			ProcessInitializeOnLoadMethodAttributes (43ms)
			AfterProcessingInitializeOnLoad (26ms)
			EditorAssembliesLoaded (0ms)
		ExecutionOrderSort2 (0ms)
		AwakeInstancesAfterBackupRestoration (17ms)
Refreshing native plugins compatible for Editor in 20.42 ms, found 4 plugins.
Preloading 0 native plugins for Editor in 0.00 ms.
Unloading 3282 Unused Serialized files (Serialized files now loaded: 0)
Unloading 16 unused Assets / (28.6 KB). Loaded Objects now: 3910.
Memory consumption went from 126.8 MB to 126.7 MB.
Total: 4.628200 ms (FindLiveObjects: 0.475300 ms CreateObjectMapping: 0.311100 ms MarkObjects: 3.773300 ms  DeleteObjects: 0.067000 ms)

Prepare: number of updated asset objects reloaded= 0
AssetImportParameters requested are different than current active one (requested -> active):
  custom:scripting/monoscript/fileName/UnityEngine_BehaviourWrap.cs: 07f04650a03b829841e9fab9d7740454 -> 
  custom:container-demuxer-ogg: 62fdf1f143b41e24485cea50d1cbac27 -> 
  custom:scripting/monoscript/fileName/UnityEngine_Vector3Wrap.cs: 63f465b9380555daafea25b4176adba5 -> 
  custom:scripting/monoscript/fileName/UnityEngine_RayWrap.cs: 0b84fbe6cabdb1173feb41e835ef3a40 -> 
  custom:video-codec-MediaFoundation-h265: 746d11721c4dcdbdad8f713fa42b33f4 -> 
  custom:video-decoder-ogg-theora: a1e56fd34408186e4bbccfd4996cb3dc -> 
  custom:framework-win-MediaFoundation: 216162199b28c13a410421893ffa2e32 -> 
  custom:scripting/monoscript/fileName/UnityEngine_TimeWrap.cs: 5e744018ad83dc4e6b5341356b280ff7 -> 
  custom:scripting/monoscript/fileName/UnityEngine_AnimationClipWrap.cs: 77a92debc688d37d0c76ed29e7849dc6 -> 
  custom:scripting/monoscript/fileName/UnityEngine_MonoBehaviourWrap.cs: 04d351bf9d6db68acd2847f2651b2d6b -> 
  custom:scripting/monoscript/fileName/UnityEngine_MathfWrap.cs: 333033f071a58c53b030860e1dc36f4e -> 
  custom:scripting/monoscript/fileName/UnityEngine_ResourcesWrap.cs: 698ab99237a4262ce7f88356cded464a -> 
  custom:CustomObjectIndexerAttribute: 9a22284fe3817be447336de3de66b15e -> 
  custom:container-demuxer-webm: 4f35f7cbe854078d1ac9338744f61a02 -> 
  custom:scripting/monoscript/fileName/UnityEngine_ParticleSystemWrap.cs: eee33c4ac5a2b762ef5a90683fe90f0f -> 
  custom:scripting/monoscript/fileName/UnityEngine_BoundsWrap.cs: 3dd26eeb95bac2de8ce2da585d995261 -> 
  custom:scripting/monoscript/fileName/UnityEngine_KeyframeWrap.cs: f022c20884bfebd1cdba5d0a32b69287 -> 
  custom:container-muxer-webm: aa71ff27fc2769a1b78a27578f13a17b -> 
  custom:video-decoder-webm-vp8: 9c59270c3fd7afecdb556c50c9e8de78 -> 
  custom:scripting/monoscript/fileName/System_Collections_Generic_List_1_System_Int32_Wrap.cs: 0d81f6d3ce2afe6f735fa61fb6f44318 -> 
  custom:SearchIndexIgnoredProperties: e643bd26f0fe6173181afceb89e7c659 -> 
  custom:scripting/monoscript/fileName/UnityEngine_ColorWrap.cs: a2199b901d8d68ac06d36f834d48f0de -> 
  custom:AudioImporter_EditorPlatform: d09bf68614088b80899f8185d706f6e7 -> 
  custom:scripting/monoscript/fileName/UnityEngine_Ray2DWrap.cs: 3948513cbdb210ff5fa49a4b2880e106 -> 
  custom:scripting/monoscript/fileName/UnityEngine_ComponentWrap.cs: 3c3e0b9fedb2878f9f3fac771839136b -> 
  custom:scripting/monoscript/fileName/System_ObjectWrap.cs: 9fb5e5ed9e38c23dad1e0232edf0373b -> 
  custom:scripting/monoscript/fileName/UnityEngine_QuaternionWrap.cs: 2be38f3d0f8715c9babd38533b7cc2f6 -> 
  custom:scripting/monoscript/fileName/ExampleGenConfig.cs: 2d21554d83bd53efca28765b954d65c7 -> 
  custom:scripting/monoscript/fileName/UnityEngine_AnimationCurveWrap.cs: a1b4a7dab75f49fff03082ff025e4e5e -> 
  custom:scripting/monoscript/fileName/UnityEngine_LightWrap.cs: afdccdb78964e15816bd84ff574e1d72 -> 
  custom:scripting/monoscript/fileName/System_Collections_IEnumeratorBridge.cs: a6b8b2b6997973169c6bebc4e00197c3 -> 
  custom:video-encoder-webm-vp8: eb34c28f22e8b96e1ab97ce403110664 -> 
  custom:scripting/monoscript/fileName/UnityEngine_Vector2Wrap.cs: d8bd11c5df83747314d76d2e1152a25a -> 
  custom:audio-decoder-ogg-vorbis: bf7c407c2cedff20999df2af8eb42d56 -> 
  custom:scripting/monoscript/fileName/UnityEngine_GameObjectWrap.cs: 499beb086fe32ba82bd6b30d04f108ea -> 
  custom:scripting/monoscript/fileName/UnityEngine_DebugWrap.cs: 2a23054f13a8c643d838dbc57d787e1a -> 
  custom:scripting/monoscript/fileName/UnityEngine_SkinnedMeshRendererWrap.cs: e6c3bb62aa80867a3afe5dcbb6224761 -> 
  custom:scripting/monoscript/fileName/UnityEngine_TextAssetWrap.cs: 96eae3d139831963806db363328bfefe -> 
  custom:scripting/monoscript/fileName/UnityEngine_TransformWrap.cs: 50d916bbc9cc3aa204547c1dbcf1b841 -> 
  custom:scripting/monoscript/fileName/UnityEngine_RendererWrap.cs: e28d66316639c5d4634a4f4176885c0f -> 
  custom:audio-encoder-webm-vorbis: bf7c407c2cedff20999df2af8eb42d56 -> 
  custom:scripting/monoscript/fileName/UnityEngine_Vector4Wrap.cs: e876ed87f63c3dc401e686c851325f69 -> 
  custom:scripting/monoscript/fileName/UnityEngine_ObjectWrap.cs: d239f04268fb712161f840d533347443 -> 
  custom:scripting/precompiled-assembly-types:Assembly-CSharp: b6f6826115f6ce21e7ac599e249680bb -> e72714bde2f0db21cfc2a265dc5c1124
========================================================================
Received Prepare
Caller must complete domain reload
Begin MonoManager ReloadAssembly
- Loaded All Assemblies, in  1.191 seconds
Native extension for WindowsStandalone target not found
Native extension for WebGL target not found
Mono: successfully reloaded assembly
- Finished resetting the current domain, in  1.872 seconds
Domain Reload Profiling: 3044ms
	BeginReloadAssembly (298ms)
		ExecutionOrderSort (0ms)
		DisableScriptedObjects (10ms)
		BackupInstance (0ms)
		ReleaseScriptingObjects (0ms)
		CreateAndSetChildDomain (54ms)
	RebuildCommonClasses (73ms)
	RebuildNativeTypeToScriptingClass (23ms)
	initialDomainReloadingComplete (79ms)
	LoadAllAssembliesAndSetupDomain (699ms)
		LoadAssemblies (639ms)
		RebuildTransferFunctionScriptingTraits (0ms)
		AnalyzeDomain (231ms)
			TypeCache.Refresh (176ms)
				TypeCache.ScanAssembly (147ms)
			ScanForSourceGeneratedMonoScriptInfo (37ms)
			ResolveRequiredComponents (14ms)
	FinalizeReload (1873ms)
		ReleaseScriptCaches (0ms)
		RebuildScriptCaches (0ms)
		SetupLoadedEditorAssemblies (729ms)
			LogAssemblyErrors (0ms)
			InitializePlatformSupportModulesInManaged (14ms)
			SetLoadedEditorAssemblies (5ms)
			RefreshPlugins (0ms)
			BeforeProcessingInitializeOnLoad (122ms)
			ProcessInitializeOnLoadAttributes (521ms)
			ProcessInitializeOnLoadMethodAttributes (42ms)
			AfterProcessingInitializeOnLoad (24ms)
			EditorAssembliesLoaded (0ms)
		ExecutionOrderSort2 (0ms)
		AwakeInstancesAfterBackupRestoration (17ms)
Refreshing native plugins compatible for Editor in 19.91 ms, found 4 plugins.
Preloading 0 native plugins for Editor in 0.00 ms.
Unloading 3282 Unused Serialized files (Serialized files now loaded: 0)
Unloading 16 unused Assets / (28.6 KB). Loaded Objects now: 3913.
Memory consumption went from 126.8 MB to 126.7 MB.
Total: 5.690300 ms (FindLiveObjects: 0.432100 ms CreateObjectMapping: 0.355100 ms MarkObjects: 4.828500 ms  DeleteObjects: 0.073000 ms)

Prepare: number of updated asset objects reloaded= 0
AssetImportParameters requested are different than current active one (requested -> active):
  custom:scripting/monoscript/fileName/UnityEngine_BehaviourWrap.cs: 07f04650a03b829841e9fab9d7740454 -> 
  custom:container-demuxer-ogg: 62fdf1f143b41e24485cea50d1cbac27 -> 
  custom:scripting/monoscript/fileName/UnityEngine_Vector3Wrap.cs: 63f465b9380555daafea25b4176adba5 -> 
  custom:scripting/monoscript/fileName/UnityEngine_RayWrap.cs: 0b84fbe6cabdb1173feb41e835ef3a40 -> 
  custom:video-codec-MediaFoundation-h265: 746d11721c4dcdbdad8f713fa42b33f4 -> 
  custom:video-decoder-ogg-theora: a1e56fd34408186e4bbccfd4996cb3dc -> 
  custom:framework-win-MediaFoundation: 216162199b28c13a410421893ffa2e32 -> 
  custom:scripting/monoscript/fileName/UnityEngine_TimeWrap.cs: 5e744018ad83dc4e6b5341356b280ff7 -> 
  custom:scripting/monoscript/fileName/UnityEngine_AnimationClipWrap.cs: 77a92debc688d37d0c76ed29e7849dc6 -> 
  custom:scripting/monoscript/fileName/UnityEngine_MonoBehaviourWrap.cs: 04d351bf9d6db68acd2847f2651b2d6b -> 
  custom:scripting/monoscript/fileName/UnityEngine_MathfWrap.cs: 333033f071a58c53b030860e1dc36f4e -> 
  custom:scripting/monoscript/fileName/UnityEngine_ResourcesWrap.cs: 698ab99237a4262ce7f88356cded464a -> 
  custom:CustomObjectIndexerAttribute: 9a22284fe3817be447336de3de66b15e -> 
  custom:container-demuxer-webm: 4f35f7cbe854078d1ac9338744f61a02 -> 
  custom:scripting/monoscript/fileName/UnityEngine_ParticleSystemWrap.cs: eee33c4ac5a2b762ef5a90683fe90f0f -> 
  custom:scripting/monoscript/fileName/UnityEngine_BoundsWrap.cs: 3dd26eeb95bac2de8ce2da585d995261 -> 
  custom:scripting/monoscript/fileName/UnityEngine_KeyframeWrap.cs: f022c20884bfebd1cdba5d0a32b69287 -> 
  custom:container-muxer-webm: aa71ff27fc2769a1b78a27578f13a17b -> 
  custom:video-decoder-webm-vp8: 9c59270c3fd7afecdb556c50c9e8de78 -> 
  custom:scripting/monoscript/fileName/System_Collections_Generic_List_1_System_Int32_Wrap.cs: 0d81f6d3ce2afe6f735fa61fb6f44318 -> 
  custom:SearchIndexIgnoredProperties: e643bd26f0fe6173181afceb89e7c659 -> 
  custom:scripting/monoscript/fileName/UnityEngine_ColorWrap.cs: a2199b901d8d68ac06d36f834d48f0de -> 
  custom:AudioImporter_EditorPlatform: d09bf68614088b80899f8185d706f6e7 -> 
  custom:scripting/monoscript/fileName/UnityEngine_Ray2DWrap.cs: 3948513cbdb210ff5fa49a4b2880e106 -> 
  custom:scripting/monoscript/fileName/UnityEngine_ComponentWrap.cs: 3c3e0b9fedb2878f9f3fac771839136b -> 
  custom:scripting/monoscript/fileName/System_ObjectWrap.cs: 9fb5e5ed9e38c23dad1e0232edf0373b -> 
  custom:scripting/monoscript/fileName/UnityEngine_QuaternionWrap.cs: 2be38f3d0f8715c9babd38533b7cc2f6 -> 
  custom:scripting/monoscript/fileName/ExampleGenConfig.cs: 2d21554d83bd53efca28765b954d65c7 -> 
  custom:scripting/monoscript/fileName/UnityEngine_AnimationCurveWrap.cs: a1b4a7dab75f49fff03082ff025e4e5e -> 
  custom:scripting/monoscript/fileName/UnityEngine_LightWrap.cs: afdccdb78964e15816bd84ff574e1d72 -> 
  custom:scripting/monoscript/fileName/System_Collections_IEnumeratorBridge.cs: a6b8b2b6997973169c6bebc4e00197c3 -> 
  custom:video-encoder-webm-vp8: eb34c28f22e8b96e1ab97ce403110664 -> 
  custom:scripting/monoscript/fileName/UnityEngine_Vector2Wrap.cs: d8bd11c5df83747314d76d2e1152a25a -> 
  custom:audio-decoder-ogg-vorbis: bf7c407c2cedff20999df2af8eb42d56 -> 
  custom:scripting/monoscript/fileName/UnityEngine_GameObjectWrap.cs: 499beb086fe32ba82bd6b30d04f108ea -> 
  custom:scripting/monoscript/fileName/UnityEngine_DebugWrap.cs: 2a23054f13a8c643d838dbc57d787e1a -> 
  custom:scripting/monoscript/fileName/UnityEngine_SkinnedMeshRendererWrap.cs: e6c3bb62aa80867a3afe5dcbb6224761 -> 
  custom:scripting/monoscript/fileName/UnityEngine_TextAssetWrap.cs: 96eae3d139831963806db363328bfefe -> 
  custom:scripting/monoscript/fileName/Hotfix.cs: 54d9f1ade52076024b3f1e4e7c41699b -> 
  custom:scripting/monoscript/fileName/UnityEngine_TransformWrap.cs: 50d916bbc9cc3aa204547c1dbcf1b841 -> 
  custom:scripting/monoscript/fileName/UnityEngine_RendererWrap.cs: e28d66316639c5d4634a4f4176885c0f -> 
  custom:audio-encoder-webm-vorbis: bf7c407c2cedff20999df2af8eb42d56 -> 
  custom:scripting/monoscript/fileName/UnityEngine_Vector4Wrap.cs: e876ed87f63c3dc401e686c851325f69 -> 
  custom:scripting/precompiled-assembly-types:Assembly-CSharp-Editor: a8074916e553e097405b5991a4cb4578 -> 6325889ca3d690caac56de41d2536aa9
  custom:scripting/monoscript/fileName/UnityEngine_ObjectWrap.cs: d239f04268fb712161f840d533347443 -> 
  custom:scripting/precompiled-assembly-types:Assembly-CSharp: b6f6826115f6ce21e7ac599e249680bb -> e72714bde2f0db21cfc2a265dc5c1124
========================================================================
Received Prepare
Caller must complete domain reload
Begin MonoManager ReloadAssembly
- Loaded All Assemblies, in  0.950 seconds
Native extension for WindowsStandalone target not found
Native extension for WebGL target not found
Mono: successfully reloaded assembly
- Finished resetting the current domain, in  2.020 seconds
Domain Reload Profiling: 2956ms
	BeginReloadAssembly (285ms)
		ExecutionOrderSort (0ms)
		DisableScriptedObjects (11ms)
		BackupInstance (0ms)
		ReleaseScriptingObjects (0ms)
		CreateAndSetChildDomain (54ms)
	RebuildCommonClasses (66ms)
	RebuildNativeTypeToScriptingClass (27ms)
	initialDomainReloadingComplete (72ms)
	LoadAllAssembliesAndSetupDomain (486ms)
		LoadAssemblies (617ms)
		RebuildTransferFunctionScriptingTraits (0ms)
		AnalyzeDomain (30ms)
			TypeCache.Refresh (11ms)
				TypeCache.ScanAssembly (0ms)
			ScanForSourceGeneratedMonoScriptInfo (0ms)
			ResolveRequiredComponents (13ms)
	FinalizeReload (2021ms)
		ReleaseScriptCaches (0ms)
		RebuildScriptCaches (0ms)
		SetupLoadedEditorAssemblies (744ms)
			LogAssemblyErrors (0ms)
			InitializePlatformSupportModulesInManaged (14ms)
			SetLoadedEditorAssemblies (8ms)
			RefreshPlugins (0ms)
			BeforeProcessingInitializeOnLoad (127ms)
			ProcessInitializeOnLoadAttributes (528ms)
			ProcessInitializeOnLoadMethodAttributes (43ms)
			AfterProcessingInitializeOnLoad (24ms)
			EditorAssembliesLoaded (0ms)
		ExecutionOrderSort2 (0ms)
		AwakeInstancesAfterBackupRestoration (16ms)
Refreshing native plugins compatible for Editor in 22.93 ms, found 4 plugins.
Preloading 0 native plugins for Editor in 0.00 ms.
Unloading 3282 Unused Serialized files (Serialized files now loaded: 0)
Unloading 16 unused Assets / (28.5 KB). Loaded Objects now: 3916.
Memory consumption went from 126.8 MB to 126.7 MB.
Total: 5.406500 ms (FindLiveObjects: 0.392400 ms CreateObjectMapping: 0.336400 ms MarkObjects: 4.567500 ms  DeleteObjects: 0.108500 ms)

Prepare: number of updated asset objects reloaded= 0
AssetImportParameters requested are different than current active one (requested -> active):
  custom:scripting/monoscript/fileName/UnityEngine_BehaviourWrap.cs: 07f04650a03b829841e9fab9d7740454 -> 
  custom:container-demuxer-ogg: 62fdf1f143b41e24485cea50d1cbac27 -> 
  custom:scripting/monoscript/fileName/UnityEngine_Vector3Wrap.cs: 63f465b9380555daafea25b4176adba5 -> 
  custom:scripting/monoscript/fileName/UnityEngine_RayWrap.cs: 0b84fbe6cabdb1173feb41e835ef3a40 -> 
  custom:video-codec-MediaFoundation-h265: 746d11721c4dcdbdad8f713fa42b33f4 -> 
  custom:video-decoder-ogg-theora: a1e56fd34408186e4bbccfd4996cb3dc -> 
  custom:framework-win-MediaFoundation: 216162199b28c13a410421893ffa2e32 -> 
  custom:scripting/monoscript/fileName/UnityEngine_TimeWrap.cs: 5e744018ad83dc4e6b5341356b280ff7 -> 
  custom:scripting/monoscript/fileName/UnityEngine_AnimationClipWrap.cs: 77a92debc688d37d0c76ed29e7849dc6 -> 
  custom:scripting/monoscript/fileName/UnityEngine_MonoBehaviourWrap.cs: 04d351bf9d6db68acd2847f2651b2d6b -> 
  custom:scripting/monoscript/fileName/UnityEngine_MathfWrap.cs: 333033f071a58c53b030860e1dc36f4e -> 
  custom:scripting/monoscript/fileName/UnityEngine_ResourcesWrap.cs: 698ab99237a4262ce7f88356cded464a -> 
  custom:CustomObjectIndexerAttribute: 9a22284fe3817be447336de3de66b15e -> 
  custom:container-demuxer-webm: 4f35f7cbe854078d1ac9338744f61a02 -> 
  custom:scripting/monoscript/fileName/UnityEngine_ParticleSystemWrap.cs: eee33c4ac5a2b762ef5a90683fe90f0f -> 
  custom:scripting/monoscript/fileName/UnityEngine_BoundsWrap.cs: 3dd26eeb95bac2de8ce2da585d995261 -> 
  custom:scripting/monoscript/fileName/UnityEngine_KeyframeWrap.cs: f022c20884bfebd1cdba5d0a32b69287 -> 
  custom:container-muxer-webm: aa71ff27fc2769a1b78a27578f13a17b -> 
  custom:video-decoder-webm-vp8: 9c59270c3fd7afecdb556c50c9e8de78 -> 
  custom:scripting/monoscript/fileName/System_Collections_Generic_List_1_System_Int32_Wrap.cs: 0d81f6d3ce2afe6f735fa61fb6f44318 -> 
  custom:SearchIndexIgnoredProperties: e643bd26f0fe6173181afceb89e7c659 -> 
  custom:scripting/monoscript/fileName/UnityEngine_ColorWrap.cs: a2199b901d8d68ac06d36f834d48f0de -> 
  custom:AudioImporter_EditorPlatform: d09bf68614088b80899f8185d706f6e7 -> 
  custom:scripting/monoscript/fileName/UnityEngine_Ray2DWrap.cs: 3948513cbdb210ff5fa49a4b2880e106 -> 
  custom:scripting/monoscript/fileName/UnityEngine_ComponentWrap.cs: 3c3e0b9fedb2878f9f3fac771839136b -> 
  custom:scripting/monoscript/fileName/System_ObjectWrap.cs: 9fb5e5ed9e38c23dad1e0232edf0373b -> 
  custom:scripting/monoscript/fileName/UnityEngine_QuaternionWrap.cs: 2be38f3d0f8715c9babd38533b7cc2f6 -> 
  custom:scripting/monoscript/fileName/ExampleGenConfig.cs: 2d21554d83bd53efca28765b954d65c7 -> 
  custom:scripting/monoscript/fileName/UnityEngine_AnimationCurveWrap.cs: a1b4a7dab75f49fff03082ff025e4e5e -> 
  custom:scripting/monoscript/fileName/UnityEngine_LightWrap.cs: afdccdb78964e15816bd84ff574e1d72 -> 
  custom:scripting/monoscript/fileName/System_Collections_IEnumeratorBridge.cs: a6b8b2b6997973169c6bebc4e00197c3 -> 
  custom:video-encoder-webm-vp8: eb34c28f22e8b96e1ab97ce403110664 -> 
  custom:scripting/monoscript/fileName/UnityEngine_Vector2Wrap.cs: d8bd11c5df83747314d76d2e1152a25a -> 
  custom:audio-decoder-ogg-vorbis: bf7c407c2cedff20999df2af8eb42d56 -> 
  custom:scripting/monoscript/fileName/UnityEngine_GameObjectWrap.cs: 499beb086fe32ba82bd6b30d04f108ea -> 
  custom:scripting/monoscript/fileName/UnityEngine_DebugWrap.cs: 2a23054f13a8c643d838dbc57d787e1a -> 
  custom:scripting/monoscript/fileName/UnityEngine_SkinnedMeshRendererWrap.cs: e6c3bb62aa80867a3afe5dcbb6224761 -> 
  custom:scripting/monoscript/fileName/UnityEngine_TextAssetWrap.cs: 96eae3d139831963806db363328bfefe -> 
  custom:scripting/monoscript/fileName/Hotfix.cs: 54d9f1ade52076024b3f1e4e7c41699b -> 
  custom:scripting/monoscript/fileName/UnityEngine_TransformWrap.cs: 50d916bbc9cc3aa204547c1dbcf1b841 -> 
  custom:scripting/monoscript/fileName/UnityEngine_RendererWrap.cs: e28d66316639c5d4634a4f4176885c0f -> 
  custom:audio-encoder-webm-vorbis: bf7c407c2cedff20999df2af8eb42d56 -> 
  custom:scripting/monoscript/fileName/UnityEngine_Vector4Wrap.cs: e876ed87f63c3dc401e686c851325f69 -> 
  custom:scripting/precompiled-assembly-types:Assembly-CSharp-Editor: a8074916e553e097405b5991a4cb4578 -> 6325889ca3d690caac56de41d2536aa9
  custom:scripting/monoscript/fileName/UnityEngine_ObjectWrap.cs: d239f04268fb712161f840d533347443 -> 
  custom:scripting/precompiled-assembly-types:Assembly-CSharp: b6f6826115f6ce21e7ac599e249680bb -> e72714bde2f0db21cfc2a265dc5c1124
========================================================================
Received Prepare
Caller must complete domain reload
Begin MonoManager ReloadAssembly
- Loaded All Assemblies, in  0.960 seconds
Native extension for WindowsStandalone target not found
Native extension for WebGL target not found
Mono: successfully reloaded assembly
- Finished resetting the current domain, in  2.222 seconds
Domain Reload Profiling: 3167ms
	BeginReloadAssembly (295ms)
		ExecutionOrderSort (0ms)
		DisableScriptedObjects (11ms)
		BackupInstance (0ms)
		ReleaseScriptingObjects (0ms)
		CreateAndSetChildDomain (54ms)
	RebuildCommonClasses (68ms)
	RebuildNativeTypeToScriptingClass (22ms)
	initialDomainReloadingComplete (72ms)
	LoadAllAssembliesAndSetupDomain (486ms)
		LoadAssemblies (624ms)
		RebuildTransferFunctionScriptingTraits (0ms)
		AnalyzeDomain (29ms)
			TypeCache.Refresh (10ms)
				TypeCache.ScanAssembly (0ms)
			ScanForSourceGeneratedMonoScriptInfo (0ms)
			ResolveRequiredComponents (12ms)
	FinalizeReload (2224ms)
		ReleaseScriptCaches (0ms)
		RebuildScriptCaches (0ms)
		SetupLoadedEditorAssemblies (926ms)
			LogAssemblyErrors (0ms)
			InitializePlatformSupportModulesInManaged (16ms)
			SetLoadedEditorAssemblies (12ms)
			RefreshPlugins (0ms)
			BeforeProcessingInitializeOnLoad (156ms)
			ProcessInitializeOnLoadAttributes (647ms)
			ProcessInitializeOnLoadMethodAttributes (62ms)
			AfterProcessingInitializeOnLoad (33ms)
			EditorAssembliesLoaded (0ms)
		ExecutionOrderSort2 (0ms)
		AwakeInstancesAfterBackupRestoration (20ms)
Refreshing native plugins compatible for Editor in 17.76 ms, found 4 plugins.
Preloading 0 native plugins for Editor in 0.00 ms.
Unloading 3282 Unused Serialized files (Serialized files now loaded: 0)
Unloading 16 unused Assets / (28.6 KB). Loaded Objects now: 3919.
Memory consumption went from 126.8 MB to 126.7 MB.
Total: 5.406400 ms (FindLiveObjects: 0.481600 ms CreateObjectMapping: 0.378900 ms MarkObjects: 4.475400 ms  DeleteObjects: 0.068800 ms)

Prepare: number of updated asset objects reloaded= 0
AssetImportParameters requested are different than current active one (requested -> active):
  custom:scripting/monoscript/fileName/UnityEngine_BehaviourWrap.cs: 07f04650a03b829841e9fab9d7740454 -> 
  custom:container-demuxer-ogg: 62fdf1f143b41e24485cea50d1cbac27 -> 
  custom:scripting/monoscript/fileName/UnityEngine_Vector3Wrap.cs: 63f465b9380555daafea25b4176adba5 -> 
  custom:scripting/monoscript/fileName/UnityEngine_RayWrap.cs: 0b84fbe6cabdb1173feb41e835ef3a40 -> 
  custom:video-codec-MediaFoundation-h265: 746d11721c4dcdbdad8f713fa42b33f4 -> 
  custom:video-decoder-ogg-theora: a1e56fd34408186e4bbccfd4996cb3dc -> 
  custom:framework-win-MediaFoundation: 216162199b28c13a410421893ffa2e32 -> 
  custom:scripting/monoscript/fileName/UnityEngine_TimeWrap.cs: 5e744018ad83dc4e6b5341356b280ff7 -> 
  custom:scripting/monoscript/fileName/UnityEngine_AnimationClipWrap.cs: 77a92debc688d37d0c76ed29e7849dc6 -> 
  custom:scripting/monoscript/fileName/UnityEngine_MonoBehaviourWrap.cs: 04d351bf9d6db68acd2847f2651b2d6b -> 
  custom:scripting/monoscript/fileName/UnityEngine_MathfWrap.cs: 333033f071a58c53b030860e1dc36f4e -> 
  custom:scripting/monoscript/fileName/UnityEngine_ResourcesWrap.cs: 698ab99237a4262ce7f88356cded464a -> 
  custom:CustomObjectIndexerAttribute: 9a22284fe3817be447336de3de66b15e -> 
  custom:container-demuxer-webm: 4f35f7cbe854078d1ac9338744f61a02 -> 
  custom:scripting/monoscript/fileName/UnityEngine_ParticleSystemWrap.cs: eee33c4ac5a2b762ef5a90683fe90f0f -> 
  custom:scripting/monoscript/fileName/UnityEngine_BoundsWrap.cs: 3dd26eeb95bac2de8ce2da585d995261 -> 
  custom:scripting/monoscript/fileName/UnityEngine_KeyframeWrap.cs: f022c20884bfebd1cdba5d0a32b69287 -> 
  custom:container-muxer-webm: aa71ff27fc2769a1b78a27578f13a17b -> 
  custom:video-decoder-webm-vp8: 9c59270c3fd7afecdb556c50c9e8de78 -> 
  custom:scripting/monoscript/fileName/System_Collections_Generic_List_1_System_Int32_Wrap.cs: 0d81f6d3ce2afe6f735fa61fb6f44318 -> 
  custom:SearchIndexIgnoredProperties: e643bd26f0fe6173181afceb89e7c659 -> 
  custom:scripting/monoscript/fileName/UnityEngine_ColorWrap.cs: a2199b901d8d68ac06d36f834d48f0de -> 
  custom:AudioImporter_EditorPlatform: d09bf68614088b80899f8185d706f6e7 -> 
  custom:scripting/monoscript/fileName/UnityEngine_Ray2DWrap.cs: 3948513cbdb210ff5fa49a4b2880e106 -> 
  custom:scripting/monoscript/fileName/UnityEngine_ComponentWrap.cs: 3c3e0b9fedb2878f9f3fac771839136b -> 
  custom:scripting/monoscript/fileName/System_ObjectWrap.cs: 9fb5e5ed9e38c23dad1e0232edf0373b -> 
  custom:scripting/monoscript/fileName/UnityEngine_QuaternionWrap.cs: 2be38f3d0f8715c9babd38533b7cc2f6 -> 
  custom:scripting/monoscript/fileName/ExampleGenConfig.cs: 2d21554d83bd53efca28765b954d65c7 -> 
  custom:scripting/monoscript/fileName/UnityEngine_AnimationCurveWrap.cs: a1b4a7dab75f49fff03082ff025e4e5e -> 
  custom:scripting/monoscript/fileName/UnityEngine_LightWrap.cs: afdccdb78964e15816bd84ff574e1d72 -> 
  custom:scripting/monoscript/fileName/System_Collections_IEnumeratorBridge.cs: a6b8b2b6997973169c6bebc4e00197c3 -> 
  custom:video-encoder-webm-vp8: eb34c28f22e8b96e1ab97ce403110664 -> 
  custom:scripting/monoscript/fileName/UnityEngine_Vector2Wrap.cs: d8bd11c5df83747314d76d2e1152a25a -> 
  custom:audio-decoder-ogg-vorbis: bf7c407c2cedff20999df2af8eb42d56 -> 
  custom:scripting/monoscript/fileName/UnityEngine_GameObjectWrap.cs: 499beb086fe32ba82bd6b30d04f108ea -> 
  custom:scripting/monoscript/fileName/UnityEngine_DebugWrap.cs: 2a23054f13a8c643d838dbc57d787e1a -> 
  custom:scripting/monoscript/fileName/UnityEngine_SkinnedMeshRendererWrap.cs: e6c3bb62aa80867a3afe5dcbb6224761 -> 
  custom:scripting/monoscript/fileName/UnityEngine_TextAssetWrap.cs: 96eae3d139831963806db363328bfefe -> 
  custom:scripting/monoscript/fileName/Hotfix.cs: 54d9f1ade52076024b3f1e4e7c41699b -> 
  custom:scripting/monoscript/fileName/UnityEngine_TransformWrap.cs: 50d916bbc9cc3aa204547c1dbcf1b841 -> 
  custom:scripting/monoscript/fileName/UnityEngine_RendererWrap.cs: e28d66316639c5d4634a4f4176885c0f -> 
  custom:audio-encoder-webm-vorbis: bf7c407c2cedff20999df2af8eb42d56 -> 
  custom:scripting/monoscript/fileName/UnityEngine_Vector4Wrap.cs: e876ed87f63c3dc401e686c851325f69 -> 
  custom:scripting/precompiled-assembly-types:Assembly-CSharp-Editor: a8074916e553e097405b5991a4cb4578 -> 6325889ca3d690caac56de41d2536aa9
  custom:scripting/monoscript/fileName/UnityEngine_ObjectWrap.cs: d239f04268fb712161f840d533347443 -> 
  custom:scripting/precompiled-assembly-types:Assembly-CSharp: b6f6826115f6ce21e7ac599e249680bb -> e72714bde2f0db21cfc2a265dc5c1124
========================================================================
Received Import Request.
  Time since last request: 892.585998 seconds.
  path: Assets/XLua/Examples/ExampleGenConfig.cs
  artifactKey: Guid(937a8613c9064e746ba2b5cf71ac7c43) Importer(815301076,1909f56bfc062723c751e8b465ee728b)
Start importing Assets/XLua/Examples/ExampleGenConfig.cs using Guid(937a8613c9064e746ba2b5cf71ac7c43) Importer(815301076,1909f56bfc062723c751e8b465ee728b) [PhysX] Initialized MultithreadedTaskDispatcher with 12 workers.
 -> (artifact id: 'ba145a818f14b1570938c233b2294c3f') in 0.003122 seconds
Number of updated asset objects reloaded before import = 0
Number of asset objects unloaded after import = 0
========================================================================
Received Prepare
Caller must complete domain reload
Begin MonoManager ReloadAssembly
- Loaded All Assemblies, in  0.987 seconds
Native extension for WindowsStandalone target not found
Native extension for WebGL target not found
Mono: successfully reloaded assembly
- Finished resetting the current domain, in  1.979 seconds
Domain Reload Profiling: 2952ms
	BeginReloadAssembly (307ms)
		ExecutionOrderSort (0ms)
		DisableScriptedObjects (10ms)
		BackupInstance (0ms)
		ReleaseScriptingObjects (0ms)
		CreateAndSetChildDomain (63ms)
	RebuildCommonClasses (68ms)
	RebuildNativeTypeToScriptingClass (20ms)
	initialDomainReloadingComplete (72ms)
	LoadAllAssembliesAndSetupDomain (505ms)
		LoadAssemblies (625ms)
		RebuildTransferFunctionScriptingTraits (0ms)
		AnalyzeDomain (54ms)
			TypeCache.Refresh (24ms)
				TypeCache.ScanAssembly (6ms)
			ScanForSourceGeneratedMonoScriptInfo (15ms)
			ResolveRequiredComponents (10ms)
	FinalizeReload (1980ms)
		ReleaseScriptCaches (0ms)
		RebuildScriptCaches (0ms)
		SetupLoadedEditorAssemblies (800ms)
			LogAssemblyErrors (0ms)
			InitializePlatformSupportModulesInManaged (16ms)
			SetLoadedEditorAssemblies (6ms)
			RefreshPlugins (0ms)
			BeforeProcessingInitializeOnLoad (140ms)
			ProcessInitializeOnLoadAttributes (566ms)
			ProcessInitializeOnLoadMethodAttributes (44ms)
			AfterProcessingInitializeOnLoad (28ms)
			EditorAssembliesLoaded (0ms)
		ExecutionOrderSort2 (0ms)
		AwakeInstancesAfterBackupRestoration (17ms)
Refreshing native plugins compatible for Editor in 26.73 ms, found 4 plugins.
Preloading 0 native plugins for Editor in 0.00 ms.
Unloading 3230 Unused Serialized files (Serialized files now loaded: 0)
Unloading 67 unused Assets / (55.5 KB). Loaded Objects now: 3871.
Memory consumption went from 125.7 MB to 125.6 MB.
Total: 5.520000 ms (FindLiveObjects: 0.423900 ms CreateObjectMapping: 0.332400 ms MarkObjects: 4.524500 ms  DeleteObjects: 0.237400 ms)

Prepare: number of updated asset objects reloaded= 0
AssetImportParameters requested are different than current active one (requested -> active):
  custom:scripting/monoscript/fileName/UnityEngine_BehaviourWrap.cs: 07f04650a03b829841e9fab9d7740454 -> 
  custom:container-demuxer-ogg: 62fdf1f143b41e24485cea50d1cbac27 -> 
  custom:scripting/monoscript/fileName/UnityEngine_Vector3Wrap.cs: 63f465b9380555daafea25b4176adba5 -> 
  custom:scripting/monoscript/fileName/UnityEngine_RayWrap.cs: 0b84fbe6cabdb1173feb41e835ef3a40 -> 
  custom:video-codec-MediaFoundation-h265: 746d11721c4dcdbdad8f713fa42b33f4 -> 
  custom:video-decoder-ogg-theora: a1e56fd34408186e4bbccfd4996cb3dc -> 
  custom:framework-win-MediaFoundation: 216162199b28c13a410421893ffa2e32 -> 
  custom:scripting/monoscript/fileName/UnityEngine_TimeWrap.cs: 5e744018ad83dc4e6b5341356b280ff7 -> 
  custom:scripting/monoscript/fileName/UnityEngine_AnimationClipWrap.cs: 77a92debc688d37d0c76ed29e7849dc6 -> 
  custom:scripting/monoscript/fileName/UnityEngine_MonoBehaviourWrap.cs: 04d351bf9d6db68acd2847f2651b2d6b -> 
  custom:scripting/monoscript/fileName/UnityEngine_MathfWrap.cs: 333033f071a58c53b030860e1dc36f4e -> 
  custom:scripting/monoscript/fileName/UnityEngine_ResourcesWrap.cs: 698ab99237a4262ce7f88356cded464a -> 
  custom:CustomObjectIndexerAttribute: 9a22284fe3817be447336de3de66b15e -> 
  custom:container-demuxer-webm: 4f35f7cbe854078d1ac9338744f61a02 -> 
  custom:scripting/monoscript/fileName/UnityEngine_ParticleSystemWrap.cs: eee33c4ac5a2b762ef5a90683fe90f0f -> 
  custom:scripting/monoscript/fileName/UnityEngine_BoundsWrap.cs: 3dd26eeb95bac2de8ce2da585d995261 -> 
  custom:scripting/monoscript/fileName/UnityEngine_KeyframeWrap.cs: f022c20884bfebd1cdba5d0a32b69287 -> 
  custom:container-muxer-webm: aa71ff27fc2769a1b78a27578f13a17b -> 
  custom:video-decoder-webm-vp8: 9c59270c3fd7afecdb556c50c9e8de78 -> 
  custom:scripting/monoscript/fileName/System_Collections_Generic_List_1_System_Int32_Wrap.cs: 0d81f6d3ce2afe6f735fa61fb6f44318 -> 
  custom:SearchIndexIgnoredProperties: e643bd26f0fe6173181afceb89e7c659 -> 
  custom:scripting/monoscript/fileName/UnityEngine_ColorWrap.cs: a2199b901d8d68ac06d36f834d48f0de -> 
  custom:AudioImporter_EditorPlatform: d09bf68614088b80899f8185d706f6e7 -> 
  custom:scripting/monoscript/fileName/UnityEngine_Ray2DWrap.cs: 3948513cbdb210ff5fa49a4b2880e106 -> 
  custom:scripting/monoscript/fileName/UnityEngine_ComponentWrap.cs: 3c3e0b9fedb2878f9f3fac771839136b -> 
  custom:scripting/monoscript/fileName/System_ObjectWrap.cs: 9fb5e5ed9e38c23dad1e0232edf0373b -> 
  custom:scripting/monoscript/fileName/UnityEngine_QuaternionWrap.cs: 2be38f3d0f8715c9babd38533b7cc2f6 -> 
  custom:scripting/monoscript/fileName/ExampleGenConfig.cs: 2d21554d83bd53efca28765b954d65c7 -> 
  custom:scripting/monoscript/fileName/UnityEngine_AnimationCurveWrap.cs: a1b4a7dab75f49fff03082ff025e4e5e -> 
  custom:scripting/monoscript/fileName/UnityEngine_LightWrap.cs: afdccdb78964e15816bd84ff574e1d72 -> 
  custom:scripting/monoscript/fileName/System_Collections_IEnumeratorBridge.cs: a6b8b2b6997973169c6bebc4e00197c3 -> 
  custom:video-encoder-webm-vp8: eb34c28f22e8b96e1ab97ce403110664 -> 
  custom:scripting/monoscript/fileName/UnityEngine_Vector2Wrap.cs: d8bd11c5df83747314d76d2e1152a25a -> 
  custom:audio-decoder-ogg-vorbis: bf7c407c2cedff20999df2af8eb42d56 -> 
  custom:scripting/monoscript/fileName/UnityEngine_GameObjectWrap.cs: 499beb086fe32ba82bd6b30d04f108ea -> 
  custom:scripting/monoscript/fileName/UnityEngine_DebugWrap.cs: 2a23054f13a8c643d838dbc57d787e1a -> 
  custom:scripting/monoscript/fileName/UnityEngine_SkinnedMeshRendererWrap.cs: e6c3bb62aa80867a3afe5dcbb6224761 -> 
  custom:scripting/monoscript/fileName/UnityEngine_TextAssetWrap.cs: 96eae3d139831963806db363328bfefe -> 
  custom:scripting/monoscript/fileName/Hotfix.cs: 54d9f1ade52076024b3f1e4e7c41699b -> 
  custom:scripting/monoscript/fileName/UnityEngine_TransformWrap.cs: 50d916bbc9cc3aa204547c1dbcf1b841 -> 
  custom:scripting/monoscript/fileName/UnityEngine_RendererWrap.cs: e28d66316639c5d4634a4f4176885c0f -> 
  custom:audio-encoder-webm-vorbis: bf7c407c2cedff20999df2af8eb42d56 -> 
  custom:scripting/monoscript/fileName/UnityEngine_Vector4Wrap.cs: e876ed87f63c3dc401e686c851325f69 -> 
  custom:scripting/precompiled-assembly-types:Assembly-CSharp-Editor: a8074916e553e097405b5991a4cb4578 -> 6325889ca3d690caac56de41d2536aa9
  custom:scripting/monoscript/fileName/UnityEngine_ObjectWrap.cs: d239f04268fb712161f840d533347443 -> 
  custom:scripting/precompiled-assembly-types:Assembly-CSharp: 325c172d14106f73c65b0c96d0f76cd7 -> e72714bde2f0db21cfc2a265dc5c1124
========================================================================
Received Prepare
Caller must complete domain reload
Begin MonoManager ReloadAssembly
- Loaded All Assemblies, in  1.068 seconds
Native extension for WindowsStandalone target not found
Native extension for WebGL target not found
Mono: successfully reloaded assembly
- Finished resetting the current domain, in  2.093 seconds
Domain Reload Profiling: 3143ms
	BeginReloadAssembly (285ms)
		ExecutionOrderSort (0ms)
		DisableScriptedObjects (10ms)
		BackupInstance (0ms)
		ReleaseScriptingObjects (0ms)
		CreateAndSetChildDomain (55ms)
	RebuildCommonClasses (73ms)
	RebuildNativeTypeToScriptingClass (21ms)
	initialDomainReloadingComplete (76ms)
	LoadAllAssembliesAndSetupDomain (594ms)
		LoadAssemblies (688ms)
		RebuildTransferFunctionScriptingTraits (0ms)
		AnalyzeDomain (68ms)
			TypeCache.Refresh (23ms)
				TypeCache.ScanAssembly (5ms)
			ScanForSourceGeneratedMonoScriptInfo (22ms)
			ResolveRequiredComponents (17ms)
	FinalizeReload (2094ms)
		ReleaseScriptCaches (0ms)
		RebuildScriptCaches (0ms)
		SetupLoadedEditorAssemblies (763ms)
			LogAssemblyErrors (0ms)
			InitializePlatformSupportModulesInManaged (15ms)
			SetLoadedEditorAssemblies (6ms)
			RefreshPlugins (0ms)
			BeforeProcessingInitializeOnLoad (128ms)
			ProcessInitializeOnLoadAttributes (545ms)
			ProcessInitializeOnLoadMethodAttributes (47ms)
			AfterProcessingInitializeOnLoad (23ms)
			EditorAssembliesLoaded (0ms)
		ExecutionOrderSort2 (0ms)
		AwakeInstancesAfterBackupRestoration (18ms)
Refreshing native plugins compatible for Editor in 18.44 ms, found 4 plugins.
Preloading 0 native plugins for Editor in 0.00 ms.
Unloading 3282 Unused Serialized files (Serialized files now loaded: 0)
Unloading 16 unused Assets / (28.6 KB). Loaded Objects now: 3925.
Memory consumption went from 126.8 MB to 126.8 MB.
Total: 5.969000 ms (FindLiveObjects: 0.570700 ms CreateObjectMapping: 0.656200 ms MarkObjects: 4.671000 ms  DeleteObjects: 0.069400 ms)

Prepare: number of updated asset objects reloaded= 0
AssetImportParameters requested are different than current active one (requested -> active):
  custom:scripting/monoscript/fileName/UnityEngine_BehaviourWrap.cs: 07f04650a03b829841e9fab9d7740454 -> 
  custom:container-demuxer-ogg: 62fdf1f143b41e24485cea50d1cbac27 -> 
  custom:scripting/monoscript/fileName/UnityEngine_Vector3Wrap.cs: 63f465b9380555daafea25b4176adba5 -> 
  custom:scripting/monoscript/fileName/UnityEngine_RayWrap.cs: 0b84fbe6cabdb1173feb41e835ef3a40 -> 
  custom:video-codec-MediaFoundation-h265: 746d11721c4dcdbdad8f713fa42b33f4 -> 
  custom:video-decoder-ogg-theora: a1e56fd34408186e4bbccfd4996cb3dc -> 
  custom:framework-win-MediaFoundation: 216162199b28c13a410421893ffa2e32 -> 
  custom:scripting/monoscript/fileName/UnityEngine_TimeWrap.cs: 5e744018ad83dc4e6b5341356b280ff7 -> 
  custom:scripting/monoscript/fileName/UnityEngine_AnimationClipWrap.cs: 77a92debc688d37d0c76ed29e7849dc6 -> 
  custom:scripting/monoscript/fileName/UnityEngine_MonoBehaviourWrap.cs: 04d351bf9d6db68acd2847f2651b2d6b -> 
  custom:scripting/monoscript/fileName/UnityEngine_MathfWrap.cs: 333033f071a58c53b030860e1dc36f4e -> 
  custom:scripting/monoscript/fileName/UnityEngine_ResourcesWrap.cs: 698ab99237a4262ce7f88356cded464a -> 
  custom:CustomObjectIndexerAttribute: 9a22284fe3817be447336de3de66b15e -> 
  custom:container-demuxer-webm: 4f35f7cbe854078d1ac9338744f61a02 -> 
  custom:scripting/monoscript/fileName/UnityEngine_ParticleSystemWrap.cs: eee33c4ac5a2b762ef5a90683fe90f0f -> 
  custom:scripting/monoscript/fileName/UnityEngine_BoundsWrap.cs: 3dd26eeb95bac2de8ce2da585d995261 -> 
  custom:scripting/monoscript/fileName/UnityEngine_KeyframeWrap.cs: f022c20884bfebd1cdba5d0a32b69287 -> 
  custom:container-muxer-webm: aa71ff27fc2769a1b78a27578f13a17b -> 
  custom:video-decoder-webm-vp8: 9c59270c3fd7afecdb556c50c9e8de78 -> 
  custom:scripting/monoscript/fileName/System_Collections_Generic_List_1_System_Int32_Wrap.cs: 0d81f6d3ce2afe6f735fa61fb6f44318 -> 
  custom:SearchIndexIgnoredProperties: e643bd26f0fe6173181afceb89e7c659 -> 
  custom:scripting/monoscript/fileName/UnityEngine_ColorWrap.cs: a2199b901d8d68ac06d36f834d48f0de -> 
  custom:AudioImporter_EditorPlatform: d09bf68614088b80899f8185d706f6e7 -> 
  custom:scripting/monoscript/fileName/UnityEngine_Ray2DWrap.cs: 3948513cbdb210ff5fa49a4b2880e106 -> 
  custom:scripting/monoscript/fileName/UnityEngine_ComponentWrap.cs: 3c3e0b9fedb2878f9f3fac771839136b -> 
  custom:scripting/monoscript/fileName/System_ObjectWrap.cs: 9fb5e5ed9e38c23dad1e0232edf0373b -> 
  custom:scripting/monoscript/fileName/UnityEngine_QuaternionWrap.cs: 2be38f3d0f8715c9babd38533b7cc2f6 -> 
  custom:scripting/monoscript/fileName/ExampleGenConfig.cs: 2d21554d83bd53efca28765b954d65c7 -> 
  custom:scripting/monoscript/fileName/UnityEngine_AnimationCurveWrap.cs: a1b4a7dab75f49fff03082ff025e4e5e -> 
  custom:scripting/monoscript/fileName/UnityEngine_LightWrap.cs: afdccdb78964e15816bd84ff574e1d72 -> 
  custom:scripting/monoscript/fileName/System_Collections_IEnumeratorBridge.cs: a6b8b2b6997973169c6bebc4e00197c3 -> 
  custom:video-encoder-webm-vp8: eb34c28f22e8b96e1ab97ce403110664 -> 
  custom:scripting/monoscript/fileName/UnityEngine_Vector2Wrap.cs: d8bd11c5df83747314d76d2e1152a25a -> 
  custom:audio-decoder-ogg-vorbis: bf7c407c2cedff20999df2af8eb42d56 -> 
  custom:scripting/monoscript/fileName/UnityEngine_GameObjectWrap.cs: 499beb086fe32ba82bd6b30d04f108ea -> 
  custom:scripting/monoscript/fileName/UnityEngine_DebugWrap.cs: 2a23054f13a8c643d838dbc57d787e1a -> 
  custom:scripting/monoscript/fileName/UnityEngine_SkinnedMeshRendererWrap.cs: e6c3bb62aa80867a3afe5dcbb6224761 -> 
  custom:scripting/monoscript/fileName/UnityEngine_TextAssetWrap.cs: 96eae3d139831963806db363328bfefe -> 
  custom:scripting/monoscript/fileName/Hotfix.cs: 54d9f1ade52076024b3f1e4e7c41699b -> 
  custom:scripting/monoscript/fileName/UnityEngine_TransformWrap.cs: 50d916bbc9cc3aa204547c1dbcf1b841 -> 
  custom:scripting/monoscript/fileName/UnityEngine_RendererWrap.cs: e28d66316639c5d4634a4f4176885c0f -> 
  custom:audio-encoder-webm-vorbis: bf7c407c2cedff20999df2af8eb42d56 -> 
  custom:scripting/monoscript/fileName/UnityEngine_Vector4Wrap.cs: e876ed87f63c3dc401e686c851325f69 -> 
  custom:scripting/precompiled-assembly-types:Assembly-CSharp-Editor: a8074916e553e097405b5991a4cb4578 -> 6325889ca3d690caac56de41d2536aa9
  custom:scripting/monoscript/fileName/UnityEngine_ObjectWrap.cs: d239f04268fb712161f840d533347443 -> 
  custom:scripting/precompiled-assembly-types:Assembly-CSharp: b6f6826115f6ce21e7ac599e249680bb -> e72714bde2f0db21cfc2a265dc5c1124
========================================================================
Received Prepare
Caller must complete domain reload
Begin MonoManager ReloadAssembly
- Loaded All Assemblies, in  1.060 seconds
Native extension for WindowsStandalone target not found
Native extension for WebGL target not found
Mono: successfully reloaded assembly
- Finished resetting the current domain, in  2.334 seconds
Domain Reload Profiling: 3381ms
	BeginReloadAssembly (370ms)
		ExecutionOrderSort (0ms)
		DisableScriptedObjects (11ms)
		BackupInstance (0ms)
		ReleaseScriptingObjects (0ms)
		CreateAndSetChildDomain (70ms)
	RebuildCommonClasses (79ms)
	RebuildNativeTypeToScriptingClass (28ms)
	initialDomainReloadingComplete (86ms)
	LoadAllAssembliesAndSetupDomain (482ms)
		LoadAssemblies (660ms)
		RebuildTransferFunctionScriptingTraits (0ms)
		AnalyzeDomain (33ms)
			TypeCache.Refresh (13ms)
				TypeCache.ScanAssembly (0ms)
			ScanForSourceGeneratedMonoScriptInfo (0ms)
			ResolveRequiredComponents (13ms)
	FinalizeReload (2335ms)
		ReleaseScriptCaches (0ms)
		RebuildScriptCaches (0ms)
		SetupLoadedEditorAssemblies (897ms)
			LogAssemblyErrors (0ms)
			InitializePlatformSupportModulesInManaged (15ms)
			SetLoadedEditorAssemblies (6ms)
			RefreshPlugins (0ms)
			BeforeProcessingInitializeOnLoad (144ms)
			ProcessInitializeOnLoadAttributes (638ms)
			ProcessInitializeOnLoadMethodAttributes (66ms)
			AfterProcessingInitializeOnLoad (28ms)
			EditorAssembliesLoaded (0ms)
		ExecutionOrderSort2 (0ms)
		AwakeInstancesAfterBackupRestoration (25ms)
Refreshing native plugins compatible for Editor in 20.32 ms, found 4 plugins.
Preloading 0 native plugins for Editor in 0.00 ms.
Unloading 3282 Unused Serialized files (Serialized files now loaded: 0)
Unloading 16 unused Assets / (28.6 KB). Loaded Objects now: 3928.
Memory consumption went from 126.8 MB to 126.8 MB.
Total: 5.241800 ms (FindLiveObjects: 0.501000 ms CreateObjectMapping: 0.407500 ms MarkObjects: 4.236500 ms  DeleteObjects: 0.095000 ms)

Prepare: number of updated asset objects reloaded= 0
AssetImportParameters requested are different than current active one (requested -> active):
  custom:scripting/monoscript/fileName/UnityEngine_BehaviourWrap.cs: 07f04650a03b829841e9fab9d7740454 -> 
  custom:container-demuxer-ogg: 62fdf1f143b41e24485cea50d1cbac27 -> 
  custom:scripting/monoscript/fileName/UnityEngine_Vector3Wrap.cs: 63f465b9380555daafea25b4176adba5 -> 
  custom:scripting/monoscript/fileName/UnityEngine_RayWrap.cs: 0b84fbe6cabdb1173feb41e835ef3a40 -> 
  custom:video-codec-MediaFoundation-h265: 746d11721c4dcdbdad8f713fa42b33f4 -> 
  custom:video-decoder-ogg-theora: a1e56fd34408186e4bbccfd4996cb3dc -> 
  custom:framework-win-MediaFoundation: 216162199b28c13a410421893ffa2e32 -> 
  custom:scripting/monoscript/fileName/UnityEngine_TimeWrap.cs: 5e744018ad83dc4e6b5341356b280ff7 -> 
  custom:scripting/monoscript/fileName/UnityEngine_AnimationClipWrap.cs: 77a92debc688d37d0c76ed29e7849dc6 -> 
  custom:scripting/monoscript/fileName/UnityEngine_MonoBehaviourWrap.cs: 04d351bf9d6db68acd2847f2651b2d6b -> 
  custom:scripting/monoscript/fileName/UnityEngine_MathfWrap.cs: 333033f071a58c53b030860e1dc36f4e -> 
  custom:scripting/monoscript/fileName/UnityEngine_ResourcesWrap.cs: 698ab99237a4262ce7f88356cded464a -> 
  custom:CustomObjectIndexerAttribute: 9a22284fe3817be447336de3de66b15e -> 
  custom:container-demuxer-webm: 4f35f7cbe854078d1ac9338744f61a02 -> 
  custom:scripting/monoscript/fileName/UnityEngine_ParticleSystemWrap.cs: eee33c4ac5a2b762ef5a90683fe90f0f -> 
  custom:scripting/monoscript/fileName/UnityEngine_BoundsWrap.cs: 3dd26eeb95bac2de8ce2da585d995261 -> 
  custom:scripting/monoscript/fileName/UnityEngine_KeyframeWrap.cs: f022c20884bfebd1cdba5d0a32b69287 -> 
  custom:container-muxer-webm: aa71ff27fc2769a1b78a27578f13a17b -> 
  custom:video-decoder-webm-vp8: 9c59270c3fd7afecdb556c50c9e8de78 -> 
  custom:scripting/monoscript/fileName/System_Collections_Generic_List_1_System_Int32_Wrap.cs: 0d81f6d3ce2afe6f735fa61fb6f44318 -> 
  custom:SearchIndexIgnoredProperties: e643bd26f0fe6173181afceb89e7c659 -> 
  custom:scripting/monoscript/fileName/UnityEngine_ColorWrap.cs: a2199b901d8d68ac06d36f834d48f0de -> 
  custom:AudioImporter_EditorPlatform: d09bf68614088b80899f8185d706f6e7 -> 
  custom:scripting/monoscript/fileName/UnityEngine_Ray2DWrap.cs: 3948513cbdb210ff5fa49a4b2880e106 -> 
  custom:scripting/monoscript/fileName/UnityEngine_ComponentWrap.cs: 3c3e0b9fedb2878f9f3fac771839136b -> 
  custom:scripting/monoscript/fileName/System_ObjectWrap.cs: 9fb5e5ed9e38c23dad1e0232edf0373b -> 
  custom:scripting/monoscript/fileName/UnityEngine_QuaternionWrap.cs: 2be38f3d0f8715c9babd38533b7cc2f6 -> 
  custom:scripting/monoscript/fileName/ExampleGenConfig.cs: 2d21554d83bd53efca28765b954d65c7 -> 
  custom:scripting/monoscript/fileName/UnityEngine_AnimationCurveWrap.cs: a1b4a7dab75f49fff03082ff025e4e5e -> 
  custom:scripting/monoscript/fileName/UnityEngine_LightWrap.cs: afdccdb78964e15816bd84ff574e1d72 -> 
  custom:scripting/monoscript/fileName/System_Collections_IEnumeratorBridge.cs: a6b8b2b6997973169c6bebc4e00197c3 -> 
  custom:video-encoder-webm-vp8: eb34c28f22e8b96e1ab97ce403110664 -> 
  custom:scripting/monoscript/fileName/UnityEngine_Vector2Wrap.cs: d8bd11c5df83747314d76d2e1152a25a -> 
  custom:audio-decoder-ogg-vorbis: bf7c407c2cedff20999df2af8eb42d56 -> 
  custom:scripting/monoscript/fileName/UnityEngine_GameObjectWrap.cs: 499beb086fe32ba82bd6b30d04f108ea -> 
  custom:scripting/monoscript/fileName/UnityEngine_DebugWrap.cs: 2a23054f13a8c643d838dbc57d787e1a -> 
  custom:scripting/monoscript/fileName/UnityEngine_SkinnedMeshRendererWrap.cs: e6c3bb62aa80867a3afe5dcbb6224761 -> 
  custom:scripting/monoscript/fileName/UnityEngine_TextAssetWrap.cs: 96eae3d139831963806db363328bfefe -> 
  custom:scripting/monoscript/fileName/Hotfix.cs: 54d9f1ade52076024b3f1e4e7c41699b -> 
  custom:scripting/monoscript/fileName/UnityEngine_TransformWrap.cs: 50d916bbc9cc3aa204547c1dbcf1b841 -> 
  custom:scripting/monoscript/fileName/UnityEngine_RendererWrap.cs: e28d66316639c5d4634a4f4176885c0f -> 
  custom:audio-encoder-webm-vorbis: bf7c407c2cedff20999df2af8eb42d56 -> 
  custom:scripting/monoscript/fileName/UnityEngine_Vector4Wrap.cs: e876ed87f63c3dc401e686c851325f69 -> 
  custom:scripting/precompiled-assembly-types:Assembly-CSharp-Editor: a8074916e553e097405b5991a4cb4578 -> 6325889ca3d690caac56de41d2536aa9
  custom:scripting/monoscript/fileName/UnityEngine_ObjectWrap.cs: d239f04268fb712161f840d533347443 -> 
  custom:scripting/precompiled-assembly-types:Assembly-CSharp: b6f6826115f6ce21e7ac599e249680bb -> e72714bde2f0db21cfc2a265dc5c1124
========================================================================
Received Import Request.
  Time since last request: 310.780988 seconds.
  path: Assets/XLua/Examples/ExampleGenConfig.cs
  artifactKey: Guid(937a8613c9064e746ba2b5cf71ac7c43) Importer(815301076,1909f56bfc062723c751e8b465ee728b)
Start importing Assets/XLua/Examples/ExampleGenConfig.cs using Guid(937a8613c9064e746ba2b5cf71ac7c43) Importer(815301076,1909f56bfc062723c751e8b465ee728b) [PhysX] Initialized MultithreadedTaskDispatcher with 12 workers.
 -> (artifact id: '9af6252445e55ec29ea29cfac2aa5099') in 0.003477 seconds
Number of updated asset objects reloaded before import = 0
Number of asset objects unloaded after import = 0
========================================================================
Received Prepare
Caller must complete domain reload
Begin MonoManager ReloadAssembly
- Loaded All Assemblies, in  1.018 seconds
Native extension for WindowsStandalone target not found
Native extension for WebGL target not found
Mono: successfully reloaded assembly
- Finished resetting the current domain, in  1.924 seconds
Domain Reload Profiling: 2929ms
	BeginReloadAssembly (309ms)
		ExecutionOrderSort (0ms)
		DisableScriptedObjects (10ms)
		BackupInstance (0ms)
		ReleaseScriptingObjects (0ms)
		CreateAndSetChildDomain (54ms)
	RebuildCommonClasses (91ms)
	RebuildNativeTypeToScriptingClass (23ms)
	initialDomainReloadingComplete (76ms)
	LoadAllAssembliesAndSetupDomain (505ms)
		LoadAssemblies (640ms)
		RebuildTransferFunctionScriptingTraits (0ms)
		AnalyzeDomain (50ms)
			TypeCache.Refresh (21ms)
				TypeCache.ScanAssembly (4ms)
			ScanForSourceGeneratedMonoScriptInfo (14ms)
			ResolveRequiredComponents (11ms)
	FinalizeReload (1925ms)
		ReleaseScriptCaches (0ms)
		RebuildScriptCaches (0ms)
		SetupLoadedEditorAssemblies (763ms)
			LogAssemblyErrors (0ms)
			InitializePlatformSupportModulesInManaged (14ms)
			SetLoadedEditorAssemblies (6ms)
			RefreshPlugins (0ms)
			BeforeProcessingInitializeOnLoad (125ms)
			ProcessInitializeOnLoadAttributes (551ms)
			ProcessInitializeOnLoadMethodAttributes (44ms)
			AfterProcessingInitializeOnLoad (23ms)
			EditorAssembliesLoaded (0ms)
		ExecutionOrderSort2 (0ms)
		AwakeInstancesAfterBackupRestoration (16ms)
Refreshing native plugins compatible for Editor in 19.63 ms, found 4 plugins.
Preloading 0 native plugins for Editor in 0.00 ms.
Unloading 3230 Unused Serialized files (Serialized files now loaded: 0)
Unloading 67 unused Assets / (55.5 KB). Loaded Objects now: 3880.
Memory consumption went from 125.7 MB to 125.7 MB.
Total: 5.122200 ms (FindLiveObjects: 0.526200 ms CreateObjectMapping: 0.380700 ms MarkObjects: 4.074500 ms  DeleteObjects: 0.139100 ms)

Prepare: number of updated asset objects reloaded= 0
AssetImportParameters requested are different than current active one (requested -> active):
  custom:scripting/monoscript/fileName/UnityEngine_BehaviourWrap.cs: 07f04650a03b829841e9fab9d7740454 -> 
  custom:container-demuxer-ogg: 62fdf1f143b41e24485cea50d1cbac27 -> 
  custom:scripting/monoscript/fileName/UnityEngine_Vector3Wrap.cs: 63f465b9380555daafea25b4176adba5 -> 
  custom:scripting/monoscript/fileName/UnityEngine_RayWrap.cs: 0b84fbe6cabdb1173feb41e835ef3a40 -> 
  custom:video-codec-MediaFoundation-h265: 746d11721c4dcdbdad8f713fa42b33f4 -> 
  custom:video-decoder-ogg-theora: a1e56fd34408186e4bbccfd4996cb3dc -> 
  custom:framework-win-MediaFoundation: 216162199b28c13a410421893ffa2e32 -> 
  custom:scripting/monoscript/fileName/UnityEngine_TimeWrap.cs: 5e744018ad83dc4e6b5341356b280ff7 -> 
  custom:scripting/monoscript/fileName/UnityEngine_AnimationClipWrap.cs: 77a92debc688d37d0c76ed29e7849dc6 -> 
  custom:scripting/monoscript/fileName/UnityEngine_MonoBehaviourWrap.cs: 04d351bf9d6db68acd2847f2651b2d6b -> 
  custom:scripting/monoscript/fileName/UnityEngine_MathfWrap.cs: 333033f071a58c53b030860e1dc36f4e -> 
  custom:scripting/monoscript/fileName/UnityEngine_ResourcesWrap.cs: 698ab99237a4262ce7f88356cded464a -> 
  custom:CustomObjectIndexerAttribute: 9a22284fe3817be447336de3de66b15e -> 
  custom:container-demuxer-webm: 4f35f7cbe854078d1ac9338744f61a02 -> 
  custom:scripting/monoscript/fileName/UnityEngine_ParticleSystemWrap.cs: eee33c4ac5a2b762ef5a90683fe90f0f -> 
  custom:scripting/monoscript/fileName/UnityEngine_BoundsWrap.cs: 3dd26eeb95bac2de8ce2da585d995261 -> 
  custom:scripting/monoscript/fileName/UnityEngine_KeyframeWrap.cs: f022c20884bfebd1cdba5d0a32b69287 -> 
  custom:container-muxer-webm: aa71ff27fc2769a1b78a27578f13a17b -> 
  custom:video-decoder-webm-vp8: 9c59270c3fd7afecdb556c50c9e8de78 -> 
  custom:scripting/monoscript/fileName/System_Collections_Generic_List_1_System_Int32_Wrap.cs: 0d81f6d3ce2afe6f735fa61fb6f44318 -> 
  custom:SearchIndexIgnoredProperties: e643bd26f0fe6173181afceb89e7c659 -> 
  custom:scripting/monoscript/fileName/UnityEngine_ColorWrap.cs: a2199b901d8d68ac06d36f834d48f0de -> 
  custom:AudioImporter_EditorPlatform: d09bf68614088b80899f8185d706f6e7 -> 
  custom:scripting/monoscript/fileName/UnityEngine_Ray2DWrap.cs: 3948513cbdb210ff5fa49a4b2880e106 -> 
  custom:scripting/monoscript/fileName/UnityEngine_ComponentWrap.cs: 3c3e0b9fedb2878f9f3fac771839136b -> 
  custom:scripting/monoscript/fileName/System_ObjectWrap.cs: 9fb5e5ed9e38c23dad1e0232edf0373b -> 
  custom:scripting/monoscript/fileName/UnityEngine_QuaternionWrap.cs: 2be38f3d0f8715c9babd38533b7cc2f6 -> 
  custom:scripting/monoscript/fileName/ExampleGenConfig.cs: 2d21554d83bd53efca28765b954d65c7 -> 
  custom:scripting/monoscript/fileName/UnityEngine_AnimationCurveWrap.cs: a1b4a7dab75f49fff03082ff025e4e5e -> 
  custom:scripting/monoscript/fileName/UnityEngine_LightWrap.cs: afdccdb78964e15816bd84ff574e1d72 -> 
  custom:scripting/monoscript/fileName/System_Collections_IEnumeratorBridge.cs: a6b8b2b6997973169c6bebc4e00197c3 -> 
  custom:video-encoder-webm-vp8: eb34c28f22e8b96e1ab97ce403110664 -> 
  custom:scripting/monoscript/fileName/UnityEngine_Vector2Wrap.cs: d8bd11c5df83747314d76d2e1152a25a -> 
  custom:audio-decoder-ogg-vorbis: bf7c407c2cedff20999df2af8eb42d56 -> 
  custom:scripting/monoscript/fileName/UnityEngine_GameObjectWrap.cs: 499beb086fe32ba82bd6b30d04f108ea -> 
  custom:scripting/monoscript/fileName/UnityEngine_DebugWrap.cs: 2a23054f13a8c643d838dbc57d787e1a -> 
  custom:scripting/monoscript/fileName/UnityEngine_SkinnedMeshRendererWrap.cs: e6c3bb62aa80867a3afe5dcbb6224761 -> 
  custom:scripting/monoscript/fileName/UnityEngine_TextAssetWrap.cs: 96eae3d139831963806db363328bfefe -> 
  custom:scripting/monoscript/fileName/Hotfix.cs: 54d9f1ade52076024b3f1e4e7c41699b -> 
  custom:scripting/monoscript/fileName/UnityEngine_TransformWrap.cs: 50d916bbc9cc3aa204547c1dbcf1b841 -> 
  custom:scripting/monoscript/fileName/UnityEngine_RendererWrap.cs: e28d66316639c5d4634a4f4176885c0f -> 
  custom:audio-encoder-webm-vorbis: bf7c407c2cedff20999df2af8eb42d56 -> 
  custom:scripting/monoscript/fileName/UnityEngine_Vector4Wrap.cs: e876ed87f63c3dc401e686c851325f69 -> 
  custom:scripting/precompiled-assembly-types:Assembly-CSharp-Editor: a8074916e553e097405b5991a4cb4578 -> 6325889ca3d690caac56de41d2536aa9
  custom:scripting/monoscript/fileName/UnityEngine_ObjectWrap.cs: d239f04268fb712161f840d533347443 -> 
  custom:scripting/precompiled-assembly-types:Assembly-CSharp: 325c172d14106f73c65b0c96d0f76cd7 -> e72714bde2f0db21cfc2a265dc5c1124
========================================================================
Received Prepare
Caller must complete domain reload
Begin MonoManager ReloadAssembly
- Loaded All Assemblies, in  1.050 seconds
Native extension for WindowsStandalone target not found
Native extension for WebGL target not found
Mono: successfully reloaded assembly
- Finished resetting the current domain, in  1.988 seconds
Domain Reload Profiling: 3022ms
	BeginReloadAssembly (329ms)
		ExecutionOrderSort (0ms)
		DisableScriptedObjects (11ms)
		BackupInstance (0ms)
		ReleaseScriptingObjects (0ms)
		CreateAndSetChildDomain (55ms)
	RebuildCommonClasses (70ms)
	RebuildNativeTypeToScriptingClass (28ms)
	initialDomainReloadingComplete (73ms)
	LoadAllAssembliesAndSetupDomain (534ms)
		LoadAssemblies (680ms)
		RebuildTransferFunctionScriptingTraits (0ms)
		AnalyzeDomain (59ms)
			TypeCache.Refresh (25ms)
				TypeCache.ScanAssembly (6ms)
			ScanForSourceGeneratedMonoScriptInfo (16ms)
			ResolveRequiredComponents (12ms)
	FinalizeReload (1989ms)
		ReleaseScriptCaches (0ms)
		RebuildScriptCaches (0ms)
		SetupLoadedEditorAssemblies (785ms)
			LogAssemblyErrors (0ms)
			InitializePlatformSupportModulesInManaged (14ms)
			SetLoadedEditorAssemblies (6ms)
			RefreshPlugins (0ms)
			BeforeProcessingInitializeOnLoad (131ms)
			ProcessInitializeOnLoadAttributes (566ms)
			ProcessInitializeOnLoadMethodAttributes (43ms)
			AfterProcessingInitializeOnLoad (25ms)
			EditorAssembliesLoaded (0ms)
		ExecutionOrderSort2 (0ms)
		AwakeInstancesAfterBackupRestoration (17ms)
Refreshing native plugins compatible for Editor in 18.70 ms, found 4 plugins.
Preloading 0 native plugins for Editor in 0.00 ms.
Unloading 3282 Unused Serialized files (Serialized files now loaded: 0)
Unloading 16 unused Assets / (28.7 KB). Loaded Objects now: 3934.
Memory consumption went from 126.8 MB to 126.8 MB.
Total: 5.560800 ms (FindLiveObjects: 0.540100 ms CreateObjectMapping: 0.390300 ms MarkObjects: 4.561000 ms  DeleteObjects: 0.067400 ms)

Prepare: number of updated asset objects reloaded= 0
AssetImportParameters requested are different than current active one (requested -> active):
  custom:scripting/monoscript/fileName/UnityEngine_BehaviourWrap.cs: 07f04650a03b829841e9fab9d7740454 -> 
  custom:container-demuxer-ogg: 62fdf1f143b41e24485cea50d1cbac27 -> 
  custom:scripting/monoscript/fileName/UnityEngine_Vector3Wrap.cs: 63f465b9380555daafea25b4176adba5 -> 
  custom:scripting/monoscript/fileName/UnityEngine_RayWrap.cs: 0b84fbe6cabdb1173feb41e835ef3a40 -> 
  custom:video-codec-MediaFoundation-h265: 746d11721c4dcdbdad8f713fa42b33f4 -> 
  custom:video-decoder-ogg-theora: a1e56fd34408186e4bbccfd4996cb3dc -> 
  custom:framework-win-MediaFoundation: 216162199b28c13a410421893ffa2e32 -> 
  custom:scripting/monoscript/fileName/UnityEngine_TimeWrap.cs: 5e744018ad83dc4e6b5341356b280ff7 -> 
  custom:scripting/monoscript/fileName/UnityEngine_AnimationClipWrap.cs: 77a92debc688d37d0c76ed29e7849dc6 -> 
  custom:scripting/monoscript/fileName/UnityEngine_MonoBehaviourWrap.cs: 04d351bf9d6db68acd2847f2651b2d6b -> 
  custom:scripting/monoscript/fileName/UnityEngine_MathfWrap.cs: 333033f071a58c53b030860e1dc36f4e -> 
  custom:scripting/monoscript/fileName/UnityEngine_ResourcesWrap.cs: 698ab99237a4262ce7f88356cded464a -> 
  custom:CustomObjectIndexerAttribute: 9a22284fe3817be447336de3de66b15e -> 
  custom:container-demuxer-webm: 4f35f7cbe854078d1ac9338744f61a02 -> 
  custom:scripting/monoscript/fileName/UnityEngine_ParticleSystemWrap.cs: eee33c4ac5a2b762ef5a90683fe90f0f -> 
  custom:scripting/monoscript/fileName/UnityEngine_BoundsWrap.cs: 3dd26eeb95bac2de8ce2da585d995261 -> 
  custom:scripting/monoscript/fileName/UnityEngine_KeyframeWrap.cs: f022c20884bfebd1cdba5d0a32b69287 -> 
  custom:container-muxer-webm: aa71ff27fc2769a1b78a27578f13a17b -> 
  custom:video-decoder-webm-vp8: 9c59270c3fd7afecdb556c50c9e8de78 -> 
  custom:scripting/monoscript/fileName/System_Collections_Generic_List_1_System_Int32_Wrap.cs: 0d81f6d3ce2afe6f735fa61fb6f44318 -> 
  custom:SearchIndexIgnoredProperties: e643bd26f0fe6173181afceb89e7c659 -> 
  custom:scripting/monoscript/fileName/UnityEngine_ColorWrap.cs: a2199b901d8d68ac06d36f834d48f0de -> 
  custom:AudioImporter_EditorPlatform: d09bf68614088b80899f8185d706f6e7 -> 
  custom:scripting/monoscript/fileName/UnityEngine_Ray2DWrap.cs: 3948513cbdb210ff5fa49a4b2880e106 -> 
  custom:scripting/monoscript/fileName/UnityEngine_ComponentWrap.cs: 3c3e0b9fedb2878f9f3fac771839136b -> 
  custom:scripting/monoscript/fileName/System_ObjectWrap.cs: 9fb5e5ed9e38c23dad1e0232edf0373b -> 
  custom:scripting/monoscript/fileName/UnityEngine_QuaternionWrap.cs: 2be38f3d0f8715c9babd38533b7cc2f6 -> 
  custom:scripting/monoscript/fileName/ExampleGenConfig.cs: 2d21554d83bd53efca28765b954d65c7 -> 
  custom:scripting/monoscript/fileName/UnityEngine_AnimationCurveWrap.cs: a1b4a7dab75f49fff03082ff025e4e5e -> 
  custom:scripting/monoscript/fileName/UnityEngine_LightWrap.cs: afdccdb78964e15816bd84ff574e1d72 -> 
  custom:scripting/monoscript/fileName/System_Collections_IEnumeratorBridge.cs: a6b8b2b6997973169c6bebc4e00197c3 -> 
  custom:video-encoder-webm-vp8: eb34c28f22e8b96e1ab97ce403110664 -> 
  custom:scripting/monoscript/fileName/UnityEngine_Vector2Wrap.cs: d8bd11c5df83747314d76d2e1152a25a -> 
  custom:audio-decoder-ogg-vorbis: bf7c407c2cedff20999df2af8eb42d56 -> 
  custom:scripting/monoscript/fileName/UnityEngine_GameObjectWrap.cs: 499beb086fe32ba82bd6b30d04f108ea -> 
  custom:scripting/monoscript/fileName/UnityEngine_DebugWrap.cs: 2a23054f13a8c643d838dbc57d787e1a -> 
  custom:scripting/monoscript/fileName/UnityEngine_SkinnedMeshRendererWrap.cs: e6c3bb62aa80867a3afe5dcbb6224761 -> 
  custom:scripting/monoscript/fileName/UnityEngine_TextAssetWrap.cs: 96eae3d139831963806db363328bfefe -> 
  custom:scripting/monoscript/fileName/Hotfix.cs: 54d9f1ade52076024b3f1e4e7c41699b -> 
  custom:scripting/monoscript/fileName/UnityEngine_TransformWrap.cs: 50d916bbc9cc3aa204547c1dbcf1b841 -> 
  custom:scripting/monoscript/fileName/UnityEngine_RendererWrap.cs: e28d66316639c5d4634a4f4176885c0f -> 
  custom:audio-encoder-webm-vorbis: bf7c407c2cedff20999df2af8eb42d56 -> 
  custom:scripting/monoscript/fileName/UnityEngine_Vector4Wrap.cs: e876ed87f63c3dc401e686c851325f69 -> 
  custom:scripting/precompiled-assembly-types:Assembly-CSharp-Editor: a8074916e553e097405b5991a4cb4578 -> 6325889ca3d690caac56de41d2536aa9
  custom:scripting/monoscript/fileName/UnityEngine_ObjectWrap.cs: d239f04268fb712161f840d533347443 -> 
  custom:scripting/precompiled-assembly-types:Assembly-CSharp: b6f6826115f6ce21e7ac599e249680bb -> e72714bde2f0db21cfc2a265dc5c1124
========================================================================
Received Prepare
Caller must complete domain reload
Begin MonoManager ReloadAssembly
- Loaded All Assemblies, in  0.970 seconds
Native extension for WindowsStandalone target not found
Native extension for WebGL target not found
Mono: successfully reloaded assembly
- Finished resetting the current domain, in  2.150 seconds
Domain Reload Profiling: 3104ms
	BeginReloadAssembly (299ms)
		ExecutionOrderSort (0ms)
		DisableScriptedObjects (10ms)
		BackupInstance (0ms)
		ReleaseScriptingObjects (0ms)
		CreateAndSetChildDomain (57ms)
	RebuildCommonClasses (78ms)
	RebuildNativeTypeToScriptingClass (23ms)
	initialDomainReloadingComplete (75ms)
	LoadAllAssembliesAndSetupDomain (478ms)
		LoadAssemblies (607ms)
		RebuildTransferFunctionScriptingTraits (0ms)
		AnalyzeDomain (32ms)
			TypeCache.Refresh (14ms)
				TypeCache.ScanAssembly (0ms)
			ScanForSourceGeneratedMonoScriptInfo (0ms)
			ResolveRequiredComponents (11ms)
	FinalizeReload (2151ms)
		ReleaseScriptCaches (0ms)
		RebuildScriptCaches (0ms)
		SetupLoadedEditorAssemblies (887ms)
			LogAssemblyErrors (0ms)
			InitializePlatformSupportModulesInManaged (14ms)
			SetLoadedEditorAssemblies (6ms)
			RefreshPlugins (0ms)
			BeforeProcessingInitializeOnLoad (161ms)
			ProcessInitializeOnLoadAttributes (626ms)
			ProcessInitializeOnLoadMethodAttributes (52ms)
			AfterProcessingInitializeOnLoad (28ms)
			EditorAssembliesLoaded (0ms)
		ExecutionOrderSort2 (0ms)
		AwakeInstancesAfterBackupRestoration (18ms)
Refreshing native plugins compatible for Editor in 18.12 ms, found 4 plugins.
Preloading 0 native plugins for Editor in 0.00 ms.
Unloading 3282 Unused Serialized files (Serialized files now loaded: 0)
Unloading 16 unused Assets / (28.6 KB). Loaded Objects now: 3937.
Memory consumption went from 126.8 MB to 126.8 MB.
Total: 5.891000 ms (FindLiveObjects: 0.457700 ms CreateObjectMapping: 0.369300 ms MarkObjects: 4.824500 ms  DeleteObjects: 0.237300 ms)

Prepare: number of updated asset objects reloaded= 0
AssetImportParameters requested are different than current active one (requested -> active):
  custom:scripting/monoscript/fileName/UnityEngine_BehaviourWrap.cs: 07f04650a03b829841e9fab9d7740454 -> 
  custom:container-demuxer-ogg: 62fdf1f143b41e24485cea50d1cbac27 -> 
  custom:scripting/monoscript/fileName/UnityEngine_Vector3Wrap.cs: 63f465b9380555daafea25b4176adba5 -> 
  custom:scripting/monoscript/fileName/UnityEngine_RayWrap.cs: 0b84fbe6cabdb1173feb41e835ef3a40 -> 
  custom:video-codec-MediaFoundation-h265: 746d11721c4dcdbdad8f713fa42b33f4 -> 
  custom:video-decoder-ogg-theora: a1e56fd34408186e4bbccfd4996cb3dc -> 
  custom:framework-win-MediaFoundation: 216162199b28c13a410421893ffa2e32 -> 
  custom:scripting/monoscript/fileName/UnityEngine_TimeWrap.cs: 5e744018ad83dc4e6b5341356b280ff7 -> 
  custom:scripting/monoscript/fileName/UnityEngine_AnimationClipWrap.cs: 77a92debc688d37d0c76ed29e7849dc6 -> 
  custom:scripting/monoscript/fileName/UnityEngine_MonoBehaviourWrap.cs: 04d351bf9d6db68acd2847f2651b2d6b -> 
  custom:scripting/monoscript/fileName/UnityEngine_MathfWrap.cs: 333033f071a58c53b030860e1dc36f4e -> 
  custom:scripting/monoscript/fileName/UnityEngine_ResourcesWrap.cs: 698ab99237a4262ce7f88356cded464a -> 
  custom:CustomObjectIndexerAttribute: 9a22284fe3817be447336de3de66b15e -> 
  custom:container-demuxer-webm: 4f35f7cbe854078d1ac9338744f61a02 -> 
  custom:scripting/monoscript/fileName/UnityEngine_ParticleSystemWrap.cs: eee33c4ac5a2b762ef5a90683fe90f0f -> 
  custom:scripting/monoscript/fileName/UnityEngine_BoundsWrap.cs: 3dd26eeb95bac2de8ce2da585d995261 -> 
  custom:scripting/monoscript/fileName/UnityEngine_KeyframeWrap.cs: f022c20884bfebd1cdba5d0a32b69287 -> 
  custom:container-muxer-webm: aa71ff27fc2769a1b78a27578f13a17b -> 
  custom:video-decoder-webm-vp8: 9c59270c3fd7afecdb556c50c9e8de78 -> 
  custom:scripting/monoscript/fileName/System_Collections_Generic_List_1_System_Int32_Wrap.cs: 0d81f6d3ce2afe6f735fa61fb6f44318 -> 
  custom:SearchIndexIgnoredProperties: e643bd26f0fe6173181afceb89e7c659 -> 
  custom:scripting/monoscript/fileName/UnityEngine_ColorWrap.cs: a2199b901d8d68ac06d36f834d48f0de -> 
  custom:AudioImporter_EditorPlatform: d09bf68614088b80899f8185d706f6e7 -> 
  custom:scripting/monoscript/fileName/UnityEngine_Ray2DWrap.cs: 3948513cbdb210ff5fa49a4b2880e106 -> 
  custom:scripting/monoscript/fileName/UnityEngine_ComponentWrap.cs: 3c3e0b9fedb2878f9f3fac771839136b -> 
  custom:scripting/monoscript/fileName/System_ObjectWrap.cs: 9fb5e5ed9e38c23dad1e0232edf0373b -> 
  custom:scripting/monoscript/fileName/UnityEngine_QuaternionWrap.cs: 2be38f3d0f8715c9babd38533b7cc2f6 -> 
  custom:scripting/monoscript/fileName/ExampleGenConfig.cs: 2d21554d83bd53efca28765b954d65c7 -> 
  custom:scripting/monoscript/fileName/UnityEngine_AnimationCurveWrap.cs: a1b4a7dab75f49fff03082ff025e4e5e -> 
  custom:scripting/monoscript/fileName/UnityEngine_LightWrap.cs: afdccdb78964e15816bd84ff574e1d72 -> 
  custom:scripting/monoscript/fileName/System_Collections_IEnumeratorBridge.cs: a6b8b2b6997973169c6bebc4e00197c3 -> 
  custom:video-encoder-webm-vp8: eb34c28f22e8b96e1ab97ce403110664 -> 
  custom:scripting/monoscript/fileName/UnityEngine_Vector2Wrap.cs: d8bd11c5df83747314d76d2e1152a25a -> 
  custom:audio-decoder-ogg-vorbis: bf7c407c2cedff20999df2af8eb42d56 -> 
  custom:scripting/monoscript/fileName/UnityEngine_GameObjectWrap.cs: 499beb086fe32ba82bd6b30d04f108ea -> 
  custom:scripting/monoscript/fileName/UnityEngine_DebugWrap.cs: 2a23054f13a8c643d838dbc57d787e1a -> 
  custom:scripting/monoscript/fileName/UnityEngine_SkinnedMeshRendererWrap.cs: e6c3bb62aa80867a3afe5dcbb6224761 -> 
  custom:scripting/monoscript/fileName/UnityEngine_TextAssetWrap.cs: 96eae3d139831963806db363328bfefe -> 
  custom:scripting/monoscript/fileName/Hotfix.cs: 54d9f1ade52076024b3f1e4e7c41699b -> 
  custom:scripting/monoscript/fileName/UnityEngine_TransformWrap.cs: 50d916bbc9cc3aa204547c1dbcf1b841 -> 
  custom:scripting/monoscript/fileName/UnityEngine_RendererWrap.cs: e28d66316639c5d4634a4f4176885c0f -> 
  custom:audio-encoder-webm-vorbis: bf7c407c2cedff20999df2af8eb42d56 -> 
  custom:scripting/monoscript/fileName/UnityEngine_Vector4Wrap.cs: e876ed87f63c3dc401e686c851325f69 -> 
  custom:scripting/precompiled-assembly-types:Assembly-CSharp-Editor: a8074916e553e097405b5991a4cb4578 -> 6325889ca3d690caac56de41d2536aa9
  custom:scripting/monoscript/fileName/UnityEngine_ObjectWrap.cs: d239f04268fb712161f840d533347443 -> 
  custom:scripting/precompiled-assembly-types:Assembly-CSharp: b6f6826115f6ce21e7ac599e249680bb -> e72714bde2f0db21cfc2a265dc5c1124
========================================================================
Received Prepare
Caller must complete domain reload
Begin MonoManager ReloadAssembly
- Loaded All Assemblies, in  1.034 seconds
Native extension for WindowsStandalone target not found
Native extension for WebGL target not found
Mono: successfully reloaded assembly
- Finished resetting the current domain, in  2.128 seconds
Domain Reload Profiling: 3148ms
	BeginReloadAssembly (310ms)
		ExecutionOrderSort (0ms)
		DisableScriptedObjects (11ms)
		BackupInstance (0ms)
		ReleaseScriptingObjects (0ms)
		CreateAndSetChildDomain (52ms)
	RebuildCommonClasses (87ms)
	RebuildNativeTypeToScriptingClass (36ms)
	initialDomainReloadingComplete (88ms)
	LoadAllAssembliesAndSetupDomain (498ms)
		LoadAssemblies (650ms)
		RebuildTransferFunctionScriptingTraits (0ms)
		AnalyzeDomain (34ms)
			TypeCache.Refresh (10ms)
				TypeCache.ScanAssembly (0ms)
			ScanForSourceGeneratedMonoScriptInfo (0ms)
			ResolveRequiredComponents (13ms)
	FinalizeReload (2129ms)
		ReleaseScriptCaches (0ms)
		RebuildScriptCaches (0ms)
		SetupLoadedEditorAssemblies (909ms)
			LogAssemblyErrors (0ms)
			InitializePlatformSupportModulesInManaged (16ms)
			SetLoadedEditorAssemblies (7ms)
			RefreshPlugins (0ms)
			BeforeProcessingInitializeOnLoad (163ms)
			ProcessInitializeOnLoadAttributes (648ms)
			ProcessInitializeOnLoadMethodAttributes (49ms)
			AfterProcessingInitializeOnLoad (27ms)
			EditorAssembliesLoaded (0ms)
		ExecutionOrderSort2 (0ms)
		AwakeInstancesAfterBackupRestoration (18ms)
Refreshing native plugins compatible for Editor in 22.66 ms, found 4 plugins.
Preloading 0 native plugins for Editor in 0.00 ms.
Unloading 3282 Unused Serialized files (Serialized files now loaded: 0)
Unloading 16 unused Assets / (28.6 KB). Loaded Objects now: 3940.
Memory consumption went from 126.8 MB to 126.8 MB.
Total: 6.647200 ms (FindLiveObjects: 0.448700 ms CreateObjectMapping: 0.387600 ms MarkObjects: 5.728100 ms  DeleteObjects: 0.080800 ms)

Prepare: number of updated asset objects reloaded= 0
AssetImportParameters requested are different than current active one (requested -> active):
  custom:scripting/monoscript/fileName/UnityEngine_BehaviourWrap.cs: 07f04650a03b829841e9fab9d7740454 -> 
  custom:container-demuxer-ogg: 62fdf1f143b41e24485cea50d1cbac27 -> 
  custom:scripting/monoscript/fileName/UnityEngine_Vector3Wrap.cs: 63f465b9380555daafea25b4176adba5 -> 
  custom:scripting/monoscript/fileName/UnityEngine_RayWrap.cs: 0b84fbe6cabdb1173feb41e835ef3a40 -> 
  custom:video-codec-MediaFoundation-h265: 746d11721c4dcdbdad8f713fa42b33f4 -> 
  custom:video-decoder-ogg-theora: a1e56fd34408186e4bbccfd4996cb3dc -> 
  custom:framework-win-MediaFoundation: 216162199b28c13a410421893ffa2e32 -> 
  custom:scripting/monoscript/fileName/UnityEngine_TimeWrap.cs: 5e744018ad83dc4e6b5341356b280ff7 -> 
  custom:scripting/monoscript/fileName/UnityEngine_AnimationClipWrap.cs: 77a92debc688d37d0c76ed29e7849dc6 -> 
  custom:scripting/monoscript/fileName/UnityEngine_MonoBehaviourWrap.cs: 04d351bf9d6db68acd2847f2651b2d6b -> 
  custom:scripting/monoscript/fileName/UnityEngine_MathfWrap.cs: 333033f071a58c53b030860e1dc36f4e -> 
  custom:scripting/monoscript/fileName/UnityEngine_ResourcesWrap.cs: 698ab99237a4262ce7f88356cded464a -> 
  custom:CustomObjectIndexerAttribute: 9a22284fe3817be447336de3de66b15e -> 
  custom:container-demuxer-webm: 4f35f7cbe854078d1ac9338744f61a02 -> 
  custom:scripting/monoscript/fileName/UnityEngine_ParticleSystemWrap.cs: eee33c4ac5a2b762ef5a90683fe90f0f -> 
  custom:scripting/monoscript/fileName/UnityEngine_BoundsWrap.cs: 3dd26eeb95bac2de8ce2da585d995261 -> 
  custom:scripting/monoscript/fileName/UnityEngine_KeyframeWrap.cs: f022c20884bfebd1cdba5d0a32b69287 -> 
  custom:container-muxer-webm: aa71ff27fc2769a1b78a27578f13a17b -> 
  custom:video-decoder-webm-vp8: 9c59270c3fd7afecdb556c50c9e8de78 -> 
  custom:scripting/monoscript/fileName/System_Collections_Generic_List_1_System_Int32_Wrap.cs: 0d81f6d3ce2afe6f735fa61fb6f44318 -> 
  custom:SearchIndexIgnoredProperties: e643bd26f0fe6173181afceb89e7c659 -> 
  custom:scripting/monoscript/fileName/UnityEngine_ColorWrap.cs: a2199b901d8d68ac06d36f834d48f0de -> 
  custom:AudioImporter_EditorPlatform: d09bf68614088b80899f8185d706f6e7 -> 
  custom:scripting/monoscript/fileName/UnityEngine_Ray2DWrap.cs: 3948513cbdb210ff5fa49a4b2880e106 -> 
  custom:scripting/monoscript/fileName/UnityEngine_ComponentWrap.cs: 3c3e0b9fedb2878f9f3fac771839136b -> 
  custom:scripting/monoscript/fileName/System_ObjectWrap.cs: 9fb5e5ed9e38c23dad1e0232edf0373b -> 
  custom:scripting/monoscript/fileName/UnityEngine_QuaternionWrap.cs: 2be38f3d0f8715c9babd38533b7cc2f6 -> 
  custom:scripting/monoscript/fileName/ExampleGenConfig.cs: 2d21554d83bd53efca28765b954d65c7 -> 
  custom:scripting/monoscript/fileName/UnityEngine_AnimationCurveWrap.cs: a1b4a7dab75f49fff03082ff025e4e5e -> 
  custom:scripting/monoscript/fileName/UnityEngine_LightWrap.cs: afdccdb78964e15816bd84ff574e1d72 -> 
  custom:scripting/monoscript/fileName/System_Collections_IEnumeratorBridge.cs: a6b8b2b6997973169c6bebc4e00197c3 -> 
  custom:video-encoder-webm-vp8: eb34c28f22e8b96e1ab97ce403110664 -> 
  custom:scripting/monoscript/fileName/UnityEngine_Vector2Wrap.cs: d8bd11c5df83747314d76d2e1152a25a -> 
  custom:audio-decoder-ogg-vorbis: bf7c407c2cedff20999df2af8eb42d56 -> 
  custom:scripting/monoscript/fileName/UnityEngine_GameObjectWrap.cs: 499beb086fe32ba82bd6b30d04f108ea -> 
  custom:scripting/monoscript/fileName/UnityEngine_DebugWrap.cs: 2a23054f13a8c643d838dbc57d787e1a -> 
  custom:scripting/monoscript/fileName/UnityEngine_SkinnedMeshRendererWrap.cs: e6c3bb62aa80867a3afe5dcbb6224761 -> 
  custom:scripting/monoscript/fileName/UnityEngine_TextAssetWrap.cs: 96eae3d139831963806db363328bfefe -> 
  custom:scripting/monoscript/fileName/Hotfix.cs: 54d9f1ade52076024b3f1e4e7c41699b -> 
  custom:scripting/monoscript/fileName/UnityEngine_TransformWrap.cs: 50d916bbc9cc3aa204547c1dbcf1b841 -> 
  custom:scripting/monoscript/fileName/UnityEngine_RendererWrap.cs: e28d66316639c5d4634a4f4176885c0f -> 
  custom:audio-encoder-webm-vorbis: bf7c407c2cedff20999df2af8eb42d56 -> 
  custom:scripting/monoscript/fileName/UnityEngine_Vector4Wrap.cs: e876ed87f63c3dc401e686c851325f69 -> 
  custom:scripting/precompiled-assembly-types:Assembly-CSharp-Editor: a8074916e553e097405b5991a4cb4578 -> 6325889ca3d690caac56de41d2536aa9
  custom:scripting/monoscript/fileName/UnityEngine_ObjectWrap.cs: d239f04268fb712161f840d533347443 -> 
  custom:scripting/precompiled-assembly-types:Assembly-CSharp: b6f6826115f6ce21e7ac599e249680bb -> e72714bde2f0db21cfc2a265dc5c1124
========================================================================
Received Prepare
Refreshing native plugins compatible for Editor in 23.30 ms, found 4 plugins.
Preloading 0 native plugins for Editor in 0.00 ms.
Unloading 1 Unused Serialized files (Serialized files now loaded: 0)
Unloading 1 unused Assets / (3.1 KB). Loaded Objects now: 3940.
Memory consumption went from 75.9 MB to 75.9 MB.
Total: 5.452700 ms (FindLiveObjects: 0.484800 ms CreateObjectMapping: 0.380900 ms MarkObjects: 4.531800 ms  DeleteObjects: 0.052400 ms)

Prepare: number of updated asset objects reloaded= 0
AssetImportParameters requested are different than current active one (requested -> active):
  custom:scripting/monoscript/fileName/UnityEngine_BehaviourWrap.cs: 07f04650a03b829841e9fab9d7740454 -> 
  custom:container-demuxer-ogg: 62fdf1f143b41e24485cea50d1cbac27 -> 
  custom:scripting/monoscript/fileName/UnityEngine_Vector3Wrap.cs: 63f465b9380555daafea25b4176adba5 -> 
  custom:scripting/monoscript/fileName/UnityEngine_RayWrap.cs: 0b84fbe6cabdb1173feb41e835ef3a40 -> 
  custom:video-codec-MediaFoundation-h265: 746d11721c4dcdbdad8f713fa42b33f4 -> 
  custom:video-decoder-ogg-theora: a1e56fd34408186e4bbccfd4996cb3dc -> 
  custom:framework-win-MediaFoundation: 216162199b28c13a410421893ffa2e32 -> 
  custom:scripting/monoscript/fileName/UnityEngine_TimeWrap.cs: 5e744018ad83dc4e6b5341356b280ff7 -> 
  custom:scripting/monoscript/fileName/UnityEngine_AnimationClipWrap.cs: 77a92debc688d37d0c76ed29e7849dc6 -> 
  custom:scripting/monoscript/fileName/UnityEngine_MonoBehaviourWrap.cs: 04d351bf9d6db68acd2847f2651b2d6b -> 
  custom:scripting/monoscript/fileName/UnityEngine_MathfWrap.cs: 333033f071a58c53b030860e1dc36f4e -> 
  custom:scripting/monoscript/fileName/UnityEngine_ResourcesWrap.cs: 698ab99237a4262ce7f88356cded464a -> 
  custom:CustomObjectIndexerAttribute: 9a22284fe3817be447336de3de66b15e -> 
  custom:container-demuxer-webm: 4f35f7cbe854078d1ac9338744f61a02 -> 
  custom:scripting/monoscript/fileName/UnityEngine_ParticleSystemWrap.cs: eee33c4ac5a2b762ef5a90683fe90f0f -> 
  custom:scripting/monoscript/fileName/UnityEngine_BoundsWrap.cs: 3dd26eeb95bac2de8ce2da585d995261 -> 
  custom:scripting/monoscript/fileName/UnityEngine_KeyframeWrap.cs: f022c20884bfebd1cdba5d0a32b69287 -> 
  custom:container-muxer-webm: aa71ff27fc2769a1b78a27578f13a17b -> 
  custom:video-decoder-webm-vp8: 9c59270c3fd7afecdb556c50c9e8de78 -> 
  custom:scripting/monoscript/fileName/System_Collections_Generic_List_1_System_Int32_Wrap.cs: 0d81f6d3ce2afe6f735fa61fb6f44318 -> 
  custom:SearchIndexIgnoredProperties: e643bd26f0fe6173181afceb89e7c659 -> 
  custom:scripting/monoscript/fileName/UnityEngine_ColorWrap.cs: a2199b901d8d68ac06d36f834d48f0de -> 
  custom:AudioImporter_EditorPlatform: d09bf68614088b80899f8185d706f6e7 -> 
  custom:scripting/monoscript/fileName/UnityEngine_Ray2DWrap.cs: 3948513cbdb210ff5fa49a4b2880e106 -> 
  custom:scripting/monoscript/fileName/UnityEngine_ComponentWrap.cs: 3c3e0b9fedb2878f9f3fac771839136b -> 
  custom:scripting/monoscript/fileName/System_ObjectWrap.cs: 9fb5e5ed9e38c23dad1e0232edf0373b -> 
  custom:scripting/monoscript/fileName/UnityEngine_QuaternionWrap.cs: 2be38f3d0f8715c9babd38533b7cc2f6 -> 
  custom:scripting/monoscript/fileName/ExampleGenConfig.cs: 2d21554d83bd53efca28765b954d65c7 -> 
  custom:scripting/monoscript/fileName/UnityEngine_AnimationCurveWrap.cs: a1b4a7dab75f49fff03082ff025e4e5e -> 
  custom:scripting/monoscript/fileName/UnityEngine_LightWrap.cs: afdccdb78964e15816bd84ff574e1d72 -> 
  custom:scripting/monoscript/fileName/System_Collections_IEnumeratorBridge.cs: a6b8b2b6997973169c6bebc4e00197c3 -> 
  custom:video-encoder-webm-vp8: eb34c28f22e8b96e1ab97ce403110664 -> 
  custom:scripting/monoscript/fileName/UnityEngine_Vector2Wrap.cs: d8bd11c5df83747314d76d2e1152a25a -> 
  custom:audio-decoder-ogg-vorbis: bf7c407c2cedff20999df2af8eb42d56 -> 
  custom:scripting/monoscript/fileName/UnityEngine_GameObjectWrap.cs: 499beb086fe32ba82bd6b30d04f108ea -> 
  custom:scripting/monoscript/fileName/UnityEngine_DebugWrap.cs: 2a23054f13a8c643d838dbc57d787e1a -> 
  custom:scripting/monoscript/fileName/UnityEngine_SkinnedMeshRendererWrap.cs: e6c3bb62aa80867a3afe5dcbb6224761 -> 
  custom:scripting/monoscript/fileName/UnityEngine_TextAssetWrap.cs: 96eae3d139831963806db363328bfefe -> 
  custom:scripting/monoscript/fileName/Hotfix.cs: 54d9f1ade52076024b3f1e4e7c41699b -> 
  custom:scripting/monoscript/fileName/UnityEngine_TransformWrap.cs: 50d916bbc9cc3aa204547c1dbcf1b841 -> 
  custom:scripting/monoscript/fileName/UnityEngine_RendererWrap.cs: e28d66316639c5d4634a4f4176885c0f -> 
  custom:audio-encoder-webm-vorbis: bf7c407c2cedff20999df2af8eb42d56 -> 
  custom:scripting/monoscript/fileName/UnityEngine_Vector4Wrap.cs: e876ed87f63c3dc401e686c851325f69 -> 
  custom:scripting/precompiled-assembly-types:Assembly-CSharp-Editor: a8074916e553e097405b5991a4cb4578 -> 6325889ca3d690caac56de41d2536aa9
  custom:scripting/monoscript/fileName/UnityEngine_ObjectWrap.cs: d239f04268fb712161f840d533347443 -> 
  custom:scripting/precompiled-assembly-types:Assembly-CSharp: b6f6826115f6ce21e7ac599e249680bb -> e72714bde2f0db21cfc2a265dc5c1124
========================================================================
Received Prepare
Refreshing native plugins compatible for Editor in 21.33 ms, found 4 plugins.
Preloading 0 native plugins for Editor in 0.00 ms.
Unloading 1 Unused Serialized files (Serialized files now loaded: 0)
Unloading 1 unused Assets / (3.1 KB). Loaded Objects now: 3940.
Memory consumption went from 75.6 MB to 75.6 MB.
Total: 6.308100 ms (FindLiveObjects: 0.412600 ms CreateObjectMapping: 0.511000 ms MarkObjects: 5.346300 ms  DeleteObjects: 0.037100 ms)

Prepare: number of updated asset objects reloaded= 0
AssetImportParameters requested are different than current active one (requested -> active):
  custom:scripting/monoscript/fileName/UnityEngine_BehaviourWrap.cs: 07f04650a03b829841e9fab9d7740454 -> 
  custom:container-demuxer-ogg: 62fdf1f143b41e24485cea50d1cbac27 -> 
  custom:scripting/monoscript/fileName/UnityEngine_Vector3Wrap.cs: 63f465b9380555daafea25b4176adba5 -> 
  custom:scripting/monoscript/fileName/UnityEngine_RayWrap.cs: 0b84fbe6cabdb1173feb41e835ef3a40 -> 
  custom:video-codec-MediaFoundation-h265: 746d11721c4dcdbdad8f713fa42b33f4 -> 
  custom:video-decoder-ogg-theora: a1e56fd34408186e4bbccfd4996cb3dc -> 
  custom:framework-win-MediaFoundation: 216162199b28c13a410421893ffa2e32 -> 
  custom:scripting/monoscript/fileName/UnityEngine_TimeWrap.cs: 5e744018ad83dc4e6b5341356b280ff7 -> 
  custom:scripting/monoscript/fileName/UnityEngine_AnimationClipWrap.cs: 77a92debc688d37d0c76ed29e7849dc6 -> 
  custom:scripting/monoscript/fileName/UnityEngine_MonoBehaviourWrap.cs: 04d351bf9d6db68acd2847f2651b2d6b -> 
  custom:scripting/monoscript/fileName/UnityEngine_MathfWrap.cs: 333033f071a58c53b030860e1dc36f4e -> 
  custom:scripting/monoscript/fileName/UnityEngine_ResourcesWrap.cs: 698ab99237a4262ce7f88356cded464a -> 
  custom:CustomObjectIndexerAttribute: 9a22284fe3817be447336de3de66b15e -> 
  custom:container-demuxer-webm: 4f35f7cbe854078d1ac9338744f61a02 -> 
  custom:scripting/monoscript/fileName/UnityEngine_ParticleSystemWrap.cs: eee33c4ac5a2b762ef5a90683fe90f0f -> 
  custom:scripting/monoscript/fileName/UnityEngine_BoundsWrap.cs: 3dd26eeb95bac2de8ce2da585d995261 -> 
  custom:scripting/monoscript/fileName/UnityEngine_KeyframeWrap.cs: f022c20884bfebd1cdba5d0a32b69287 -> 
  custom:container-muxer-webm: aa71ff27fc2769a1b78a27578f13a17b -> 
  custom:video-decoder-webm-vp8: 9c59270c3fd7afecdb556c50c9e8de78 -> 
  custom:scripting/monoscript/fileName/System_Collections_Generic_List_1_System_Int32_Wrap.cs: 0d81f6d3ce2afe6f735fa61fb6f44318 -> 
  custom:SearchIndexIgnoredProperties: e643bd26f0fe6173181afceb89e7c659 -> 
  custom:scripting/monoscript/fileName/UnityEngine_ColorWrap.cs: a2199b901d8d68ac06d36f834d48f0de -> 
  custom:AudioImporter_EditorPlatform: d09bf68614088b80899f8185d706f6e7 -> 
  custom:scripting/monoscript/fileName/UnityEngine_Ray2DWrap.cs: 3948513cbdb210ff5fa49a4b2880e106 -> 
  custom:scripting/monoscript/fileName/UnityEngine_ComponentWrap.cs: 3c3e0b9fedb2878f9f3fac771839136b -> 
  custom:scripting/monoscript/fileName/System_ObjectWrap.cs: 9fb5e5ed9e38c23dad1e0232edf0373b -> 
  custom:scripting/monoscript/fileName/UnityEngine_QuaternionWrap.cs: 2be38f3d0f8715c9babd38533b7cc2f6 -> 
  custom:scripting/monoscript/fileName/ExampleGenConfig.cs: 2d21554d83bd53efca28765b954d65c7 -> 
  custom:scripting/monoscript/fileName/UnityEngine_AnimationCurveWrap.cs: a1b4a7dab75f49fff03082ff025e4e5e -> 
  custom:scripting/monoscript/fileName/UnityEngine_LightWrap.cs: afdccdb78964e15816bd84ff574e1d72 -> 
  custom:scripting/monoscript/fileName/System_Collections_IEnumeratorBridge.cs: a6b8b2b6997973169c6bebc4e00197c3 -> 
  custom:video-encoder-webm-vp8: eb34c28f22e8b96e1ab97ce403110664 -> 
  custom:scripting/monoscript/fileName/UnityEngine_Vector2Wrap.cs: d8bd11c5df83747314d76d2e1152a25a -> 
  custom:audio-decoder-ogg-vorbis: bf7c407c2cedff20999df2af8eb42d56 -> 
  custom:scripting/monoscript/fileName/UnityEngine_GameObjectWrap.cs: 499beb086fe32ba82bd6b30d04f108ea -> 
  custom:scripting/monoscript/fileName/UnityEngine_DebugWrap.cs: 2a23054f13a8c643d838dbc57d787e1a -> 
  custom:scripting/monoscript/fileName/UnityEngine_SkinnedMeshRendererWrap.cs: e6c3bb62aa80867a3afe5dcbb6224761 -> 
  custom:scripting/monoscript/fileName/UnityEngine_TextAssetWrap.cs: 96eae3d139831963806db363328bfefe -> 
  custom:scripting/monoscript/fileName/Hotfix.cs: 54d9f1ade52076024b3f1e4e7c41699b -> 
  custom:scripting/monoscript/fileName/UnityEngine_TransformWrap.cs: 50d916bbc9cc3aa204547c1dbcf1b841 -> 
  custom:scripting/monoscript/fileName/UnityEngine_RendererWrap.cs: e28d66316639c5d4634a4f4176885c0f -> 
  custom:audio-encoder-webm-vorbis: bf7c407c2cedff20999df2af8eb42d56 -> 
  custom:scripting/monoscript/fileName/UnityEngine_Vector4Wrap.cs: e876ed87f63c3dc401e686c851325f69 -> 
  custom:scripting/precompiled-assembly-types:Assembly-CSharp-Editor: a8074916e553e097405b5991a4cb4578 -> 6325889ca3d690caac56de41d2536aa9
  custom:scripting/monoscript/fileName/UnityEngine_ObjectWrap.cs: d239f04268fb712161f840d533347443 -> 
  custom:scripting/precompiled-assembly-types:Assembly-CSharp: b6f6826115f6ce21e7ac599e249680bb -> e72714bde2f0db21cfc2a265dc5c1124
========================================================================
Received Prepare
Refreshing native plugins compatible for Editor in 18.62 ms, found 4 plugins.
Preloading 0 native plugins for Editor in 0.00 ms.
Unloading 1 Unused Serialized files (Serialized files now loaded: 0)
Unloading 1 unused Assets / (3.1 KB). Loaded Objects now: 3940.
Memory consumption went from 75.6 MB to 75.6 MB.
Total: 5.052200 ms (FindLiveObjects: 0.457200 ms CreateObjectMapping: 0.404600 ms MarkObjects: 4.152200 ms  DeleteObjects: 0.036700 ms)

Prepare: number of updated asset objects reloaded= 0
AssetImportParameters requested are different than current active one (requested -> active):
  custom:scripting/monoscript/fileName/UnityEngine_BehaviourWrap.cs: 07f04650a03b829841e9fab9d7740454 -> 
  custom:container-demuxer-ogg: 62fdf1f143b41e24485cea50d1cbac27 -> 
  custom:scripting/monoscript/fileName/UnityEngine_Vector3Wrap.cs: 63f465b9380555daafea25b4176adba5 -> 
  custom:scripting/monoscript/fileName/UnityEngine_RayWrap.cs: 0b84fbe6cabdb1173feb41e835ef3a40 -> 
  custom:video-codec-MediaFoundation-h265: 746d11721c4dcdbdad8f713fa42b33f4 -> 
  custom:video-decoder-ogg-theora: a1e56fd34408186e4bbccfd4996cb3dc -> 
  custom:framework-win-MediaFoundation: 216162199b28c13a410421893ffa2e32 -> 
  custom:scripting/monoscript/fileName/UnityEngine_TimeWrap.cs: 5e744018ad83dc4e6b5341356b280ff7 -> 
  custom:scripting/monoscript/fileName/UnityEngine_AnimationClipWrap.cs: 77a92debc688d37d0c76ed29e7849dc6 -> 
  custom:scripting/monoscript/fileName/UnityEngine_MonoBehaviourWrap.cs: 04d351bf9d6db68acd2847f2651b2d6b -> 
  custom:scripting/monoscript/fileName/UnityEngine_MathfWrap.cs: 333033f071a58c53b030860e1dc36f4e -> 
  custom:scripting/monoscript/fileName/UnityEngine_ResourcesWrap.cs: 698ab99237a4262ce7f88356cded464a -> 
  custom:CustomObjectIndexerAttribute: 9a22284fe3817be447336de3de66b15e -> 
  custom:container-demuxer-webm: 4f35f7cbe854078d1ac9338744f61a02 -> 
  custom:scripting/monoscript/fileName/UnityEngine_ParticleSystemWrap.cs: eee33c4ac5a2b762ef5a90683fe90f0f -> 
  custom:scripting/monoscript/fileName/UnityEngine_BoundsWrap.cs: 3dd26eeb95bac2de8ce2da585d995261 -> 
  custom:scripting/monoscript/fileName/UnityEngine_KeyframeWrap.cs: f022c20884bfebd1cdba5d0a32b69287 -> 
  custom:container-muxer-webm: aa71ff27fc2769a1b78a27578f13a17b -> 
  custom:video-decoder-webm-vp8: 9c59270c3fd7afecdb556c50c9e8de78 -> 
  custom:scripting/monoscript/fileName/System_Collections_Generic_List_1_System_Int32_Wrap.cs: 0d81f6d3ce2afe6f735fa61fb6f44318 -> 
  custom:SearchIndexIgnoredProperties: e643bd26f0fe6173181afceb89e7c659 -> 
  custom:scripting/monoscript/fileName/UnityEngine_ColorWrap.cs: a2199b901d8d68ac06d36f834d48f0de -> 
  custom:AudioImporter_EditorPlatform: d09bf68614088b80899f8185d706f6e7 -> 
  custom:scripting/monoscript/fileName/UnityEngine_Ray2DWrap.cs: 3948513cbdb210ff5fa49a4b2880e106 -> 
  custom:scripting/monoscript/fileName/UnityEngine_ComponentWrap.cs: 3c3e0b9fedb2878f9f3fac771839136b -> 
  custom:scripting/monoscript/fileName/System_ObjectWrap.cs: 9fb5e5ed9e38c23dad1e0232edf0373b -> 
  custom:scripting/monoscript/fileName/UnityEngine_QuaternionWrap.cs: 2be38f3d0f8715c9babd38533b7cc2f6 -> 
  custom:scripting/monoscript/fileName/ExampleGenConfig.cs: 2d21554d83bd53efca28765b954d65c7 -> 
  custom:scripting/monoscript/fileName/UnityEngine_AnimationCurveWrap.cs: a1b4a7dab75f49fff03082ff025e4e5e -> 
  custom:scripting/monoscript/fileName/UnityEngine_LightWrap.cs: afdccdb78964e15816bd84ff574e1d72 -> 
  custom:scripting/monoscript/fileName/System_Collections_IEnumeratorBridge.cs: a6b8b2b6997973169c6bebc4e00197c3 -> 
  custom:video-encoder-webm-vp8: eb34c28f22e8b96e1ab97ce403110664 -> 
  custom:scripting/monoscript/fileName/UnityEngine_Vector2Wrap.cs: d8bd11c5df83747314d76d2e1152a25a -> 
  custom:audio-decoder-ogg-vorbis: bf7c407c2cedff20999df2af8eb42d56 -> 
  custom:scripting/monoscript/fileName/UnityEngine_GameObjectWrap.cs: 499beb086fe32ba82bd6b30d04f108ea -> 
  custom:scripting/monoscript/fileName/UnityEngine_DebugWrap.cs: 2a23054f13a8c643d838dbc57d787e1a -> 
  custom:scripting/monoscript/fileName/UnityEngine_SkinnedMeshRendererWrap.cs: e6c3bb62aa80867a3afe5dcbb6224761 -> 
  custom:scripting/monoscript/fileName/UnityEngine_TextAssetWrap.cs: 96eae3d139831963806db363328bfefe -> 
  custom:scripting/monoscript/fileName/Hotfix.cs: 54d9f1ade52076024b3f1e4e7c41699b -> 
  custom:scripting/monoscript/fileName/UnityEngine_TransformWrap.cs: 50d916bbc9cc3aa204547c1dbcf1b841 -> 
  custom:scripting/monoscript/fileName/UnityEngine_RendererWrap.cs: e28d66316639c5d4634a4f4176885c0f -> 
  custom:audio-encoder-webm-vorbis: bf7c407c2cedff20999df2af8eb42d56 -> 
  custom:scripting/monoscript/fileName/UnityEngine_Vector4Wrap.cs: e876ed87f63c3dc401e686c851325f69 -> 
  custom:scripting/precompiled-assembly-types:Assembly-CSharp-Editor: a8074916e553e097405b5991a4cb4578 -> 6325889ca3d690caac56de41d2536aa9
  custom:scripting/monoscript/fileName/UnityEngine_ObjectWrap.cs: d239f04268fb712161f840d533347443 -> 
  custom:scripting/precompiled-assembly-types:Assembly-CSharp: b6f6826115f6ce21e7ac599e249680bb -> e72714bde2f0db21cfc2a265dc5c1124
========================================================================
Received Prepare
Caller must complete domain reload
Begin MonoManager ReloadAssembly
- Loaded All Assemblies, in  1.199 seconds
Native extension for WindowsStandalone target not found
Native extension for WebGL target not found
Mono: successfully reloaded assembly
- Finished resetting the current domain, in  1.863 seconds
Domain Reload Profiling: 3048ms
	BeginReloadAssembly (302ms)
		ExecutionOrderSort (0ms)
		DisableScriptedObjects (11ms)
		BackupInstance (0ms)
		ReleaseScriptingObjects (0ms)
		CreateAndSetChildDomain (56ms)
	RebuildCommonClasses (73ms)
	RebuildNativeTypeToScriptingClass (27ms)
	initialDomainReloadingComplete (79ms)
	LoadAllAssembliesAndSetupDomain (702ms)
		LoadAssemblies (673ms)
		RebuildTransferFunctionScriptingTraits (0ms)
		AnalyzeDomain (207ms)
			TypeCache.Refresh (161ms)
				TypeCache.ScanAssembly (144ms)
			ScanForSourceGeneratedMonoScriptInfo (31ms)
			ResolveRequiredComponents (10ms)
	FinalizeReload (1864ms)
		ReleaseScriptCaches (0ms)
		RebuildScriptCaches (0ms)
		SetupLoadedEditorAssemblies (782ms)
			LogAssemblyErrors (0ms)
			InitializePlatformSupportModulesInManaged (15ms)
			SetLoadedEditorAssemblies (6ms)
			RefreshPlugins (0ms)
			BeforeProcessingInitializeOnLoad (125ms)
			ProcessInitializeOnLoadAttributes (558ms)
			ProcessInitializeOnLoadMethodAttributes (51ms)
			AfterProcessingInitializeOnLoad (28ms)
			EditorAssembliesLoaded (0ms)
		ExecutionOrderSort2 (0ms)
		AwakeInstancesAfterBackupRestoration (20ms)
Refreshing native plugins compatible for Editor in 20.20 ms, found 4 plugins.
Preloading 0 native plugins for Editor in 0.00 ms.
Unloading 3282 Unused Serialized files (Serialized files now loaded: 0)
Unloading 16 unused Assets / (28.6 KB). Loaded Objects now: 3943.
Memory consumption went from 126.8 MB to 126.8 MB.
Total: 5.000400 ms (FindLiveObjects: 0.410500 ms CreateObjectMapping: 0.393700 ms MarkObjects: 4.125400 ms  DeleteObjects: 0.069100 ms)

Prepare: number of updated asset objects reloaded= 0
AssetImportParameters requested are different than current active one (requested -> active):
  custom:scripting/monoscript/fileName/UnityEngine_BehaviourWrap.cs: 07f04650a03b829841e9fab9d7740454 -> 
  custom:container-demuxer-ogg: 62fdf1f143b41e24485cea50d1cbac27 -> 
  custom:scripting/monoscript/fileName/UnityEngine_Vector3Wrap.cs: 63f465b9380555daafea25b4176adba5 -> 
  custom:scripting/monoscript/fileName/UnityEngine_RayWrap.cs: 0b84fbe6cabdb1173feb41e835ef3a40 -> 
  custom:video-codec-MediaFoundation-h265: 746d11721c4dcdbdad8f713fa42b33f4 -> 
  custom:video-decoder-ogg-theora: a1e56fd34408186e4bbccfd4996cb3dc -> 
  custom:framework-win-MediaFoundation: 216162199b28c13a410421893ffa2e32 -> 
  custom:scripting/monoscript/fileName/UnityEngine_TimeWrap.cs: 5e744018ad83dc4e6b5341356b280ff7 -> 
  custom:scripting/monoscript/fileName/UnityEngine_AnimationClipWrap.cs: 77a92debc688d37d0c76ed29e7849dc6 -> 
  custom:scripting/monoscript/fileName/UnityEngine_MonoBehaviourWrap.cs: 04d351bf9d6db68acd2847f2651b2d6b -> 
  custom:scripting/monoscript/fileName/UnityEngine_MathfWrap.cs: 333033f071a58c53b030860e1dc36f4e -> 
  custom:scripting/monoscript/fileName/UnityEngine_ResourcesWrap.cs: 698ab99237a4262ce7f88356cded464a -> 
  custom:CustomObjectIndexerAttribute: 9a22284fe3817be447336de3de66b15e -> 
  custom:container-demuxer-webm: 4f35f7cbe854078d1ac9338744f61a02 -> 
  custom:scripting/monoscript/fileName/UnityEngine_ParticleSystemWrap.cs: eee33c4ac5a2b762ef5a90683fe90f0f -> 
  custom:scripting/monoscript/fileName/UnityEngine_BoundsWrap.cs: 3dd26eeb95bac2de8ce2da585d995261 -> 
  custom:scripting/monoscript/fileName/UnityEngine_KeyframeWrap.cs: f022c20884bfebd1cdba5d0a32b69287 -> 
  custom:container-muxer-webm: aa71ff27fc2769a1b78a27578f13a17b -> 
  custom:video-decoder-webm-vp8: 9c59270c3fd7afecdb556c50c9e8de78 -> 
  custom:scripting/monoscript/fileName/System_Collections_Generic_List_1_System_Int32_Wrap.cs: 0d81f6d3ce2afe6f735fa61fb6f44318 -> 
  custom:SearchIndexIgnoredProperties: e643bd26f0fe6173181afceb89e7c659 -> 
  custom:scripting/monoscript/fileName/UnityEngine_ColorWrap.cs: a2199b901d8d68ac06d36f834d48f0de -> 
  custom:AudioImporter_EditorPlatform: d09bf68614088b80899f8185d706f6e7 -> 
  custom:scripting/monoscript/fileName/UnityEngine_Ray2DWrap.cs: 3948513cbdb210ff5fa49a4b2880e106 -> 
  custom:scripting/monoscript/fileName/UnityEngine_ComponentWrap.cs: 3c3e0b9fedb2878f9f3fac771839136b -> 
  custom:scripting/monoscript/fileName/System_ObjectWrap.cs: 9fb5e5ed9e38c23dad1e0232edf0373b -> 
  custom:scripting/monoscript/fileName/UnityEngine_QuaternionWrap.cs: 2be38f3d0f8715c9babd38533b7cc2f6 -> 
  custom:scripting/monoscript/fileName/ExampleGenConfig.cs: 2d21554d83bd53efca28765b954d65c7 -> 
  custom:scripting/monoscript/fileName/UnityEngine_AnimationCurveWrap.cs: a1b4a7dab75f49fff03082ff025e4e5e -> 
  custom:scripting/monoscript/fileName/UnityEngine_LightWrap.cs: afdccdb78964e15816bd84ff574e1d72 -> 
  custom:scripting/monoscript/fileName/System_Collections_IEnumeratorBridge.cs: a6b8b2b6997973169c6bebc4e00197c3 -> 
  custom:video-encoder-webm-vp8: eb34c28f22e8b96e1ab97ce403110664 -> 
  custom:scripting/monoscript/fileName/UnityEngine_Vector2Wrap.cs: d8bd11c5df83747314d76d2e1152a25a -> 
  custom:audio-decoder-ogg-vorbis: bf7c407c2cedff20999df2af8eb42d56 -> 
  custom:scripting/monoscript/fileName/UnityEngine_GameObjectWrap.cs: 499beb086fe32ba82bd6b30d04f108ea -> 
  custom:scripting/monoscript/fileName/UnityEngine_DebugWrap.cs: 2a23054f13a8c643d838dbc57d787e1a -> 
  custom:scripting/monoscript/fileName/UnityEngine_SkinnedMeshRendererWrap.cs: e6c3bb62aa80867a3afe5dcbb6224761 -> 
  custom:scripting/monoscript/fileName/UnityEngine_TextAssetWrap.cs: 96eae3d139831963806db363328bfefe -> 
  custom:scripting/monoscript/fileName/Hotfix.cs: 54d9f1ade52076024b3f1e4e7c41699b -> 
  custom:scripting/monoscript/fileName/UnityEngine_TransformWrap.cs: 50d916bbc9cc3aa204547c1dbcf1b841 -> 
  custom:scripting/monoscript/fileName/UnityEngine_RendererWrap.cs: e28d66316639c5d4634a4f4176885c0f -> 
  custom:audio-encoder-webm-vorbis: bf7c407c2cedff20999df2af8eb42d56 -> 
  custom:scripting/monoscript/fileName/UnityEngine_Vector4Wrap.cs: e876ed87f63c3dc401e686c851325f69 -> 
  custom:scripting/precompiled-assembly-types:Assembly-CSharp-Editor: a8074916e553e097405b5991a4cb4578 -> 6325889ca3d690caac56de41d2536aa9
  custom:scripting/monoscript/fileName/UnityEngine_ObjectWrap.cs: d239f04268fb712161f840d533347443 -> 
  custom:scripting/precompiled-assembly-types:Assembly-CSharp: b6f6826115f6ce21e7ac599e249680bb -> e72714bde2f0db21cfc2a265dc5c1124
========================================================================
Received Prepare
Caller must complete domain reload
Begin MonoManager ReloadAssembly
- Loaded All Assemblies, in  1.286 seconds
Native extension for WindowsStandalone target not found
Native extension for WebGL target not found
Mono: successfully reloaded assembly
- Finished resetting the current domain, in  2.701 seconds
Domain Reload Profiling: 3964ms
	BeginReloadAssembly (416ms)
		ExecutionOrderSort (0ms)
		DisableScriptedObjects (16ms)
		BackupInstance (0ms)
		ReleaseScriptingObjects (0ms)
		CreateAndSetChildDomain (68ms)
	RebuildCommonClasses (105ms)
	RebuildNativeTypeToScriptingClass (38ms)
	initialDomainReloadingComplete (120ms)
	LoadAllAssembliesAndSetupDomain (584ms)
		LoadAssemblies (807ms)
		RebuildTransferFunctionScriptingTraits (0ms)
		AnalyzeDomain (38ms)
			TypeCache.Refresh (10ms)
				TypeCache.ScanAssembly (0ms)
			ScanForSourceGeneratedMonoScriptInfo (0ms)
			ResolveRequiredComponents (21ms)
	FinalizeReload (2702ms)
		ReleaseScriptCaches (0ms)
		RebuildScriptCaches (0ms)
		SetupLoadedEditorAssemblies (1066ms)
			LogAssemblyErrors (0ms)
			InitializePlatformSupportModulesInManaged (24ms)
			SetLoadedEditorAssemblies (11ms)
			RefreshPlugins (0ms)
			BeforeProcessingInitializeOnLoad (174ms)
			ProcessInitializeOnLoadAttributes (784ms)
			ProcessInitializeOnLoadMethodAttributes (46ms)
			AfterProcessingInitializeOnLoad (27ms)
			EditorAssembliesLoaded (0ms)
		ExecutionOrderSort2 (0ms)
		AwakeInstancesAfterBackupRestoration (19ms)
Refreshing native plugins compatible for Editor in 29.30 ms, found 4 plugins.
Preloading 0 native plugins for Editor in 0.00 ms.
Unloading 3282 Unused Serialized files (Serialized files now loaded: 0)
Unloading 16 unused Assets / (28.6 KB). Loaded Objects now: 3946.
Memory consumption went from 126.8 MB to 126.8 MB.
Total: 9.723600 ms (FindLiveObjects: 0.532900 ms CreateObjectMapping: 0.494000 ms MarkObjects: 8.608400 ms  DeleteObjects: 0.086600 ms)

Prepare: number of updated asset objects reloaded= 0
AssetImportParameters requested are different than current active one (requested -> active):
  custom:scripting/monoscript/fileName/UnityEngine_BehaviourWrap.cs: 07f04650a03b829841e9fab9d7740454 -> 
  custom:container-demuxer-ogg: 62fdf1f143b41e24485cea50d1cbac27 -> 
  custom:scripting/monoscript/fileName/UnityEngine_Vector3Wrap.cs: 63f465b9380555daafea25b4176adba5 -> 
  custom:scripting/monoscript/fileName/UnityEngine_RayWrap.cs: 0b84fbe6cabdb1173feb41e835ef3a40 -> 
  custom:video-codec-MediaFoundation-h265: 746d11721c4dcdbdad8f713fa42b33f4 -> 
  custom:video-decoder-ogg-theora: a1e56fd34408186e4bbccfd4996cb3dc -> 
  custom:framework-win-MediaFoundation: 216162199b28c13a410421893ffa2e32 -> 
  custom:scripting/monoscript/fileName/UnityEngine_TimeWrap.cs: 5e744018ad83dc4e6b5341356b280ff7 -> 
  custom:scripting/monoscript/fileName/UnityEngine_AnimationClipWrap.cs: 77a92debc688d37d0c76ed29e7849dc6 -> 
  custom:scripting/monoscript/fileName/UnityEngine_MonoBehaviourWrap.cs: 04d351bf9d6db68acd2847f2651b2d6b -> 
  custom:scripting/monoscript/fileName/UnityEngine_MathfWrap.cs: 333033f071a58c53b030860e1dc36f4e -> 
  custom:scripting/monoscript/fileName/UnityEngine_ResourcesWrap.cs: 698ab99237a4262ce7f88356cded464a -> 
  custom:CustomObjectIndexerAttribute: 9a22284fe3817be447336de3de66b15e -> 
  custom:container-demuxer-webm: 4f35f7cbe854078d1ac9338744f61a02 -> 
  custom:scripting/monoscript/fileName/UnityEngine_ParticleSystemWrap.cs: eee33c4ac5a2b762ef5a90683fe90f0f -> 
  custom:scripting/monoscript/fileName/UnityEngine_BoundsWrap.cs: 3dd26eeb95bac2de8ce2da585d995261 -> 
  custom:scripting/monoscript/fileName/UnityEngine_KeyframeWrap.cs: f022c20884bfebd1cdba5d0a32b69287 -> 
  custom:container-muxer-webm: aa71ff27fc2769a1b78a27578f13a17b -> 
  custom:video-decoder-webm-vp8: 9c59270c3fd7afecdb556c50c9e8de78 -> 
  custom:scripting/monoscript/fileName/System_Collections_Generic_List_1_System_Int32_Wrap.cs: 0d81f6d3ce2afe6f735fa61fb6f44318 -> 
  custom:SearchIndexIgnoredProperties: e643bd26f0fe6173181afceb89e7c659 -> 
  custom:scripting/monoscript/fileName/UnityEngine_ColorWrap.cs: a2199b901d8d68ac06d36f834d48f0de -> 
  custom:AudioImporter_EditorPlatform: d09bf68614088b80899f8185d706f6e7 -> 
  custom:scripting/monoscript/fileName/UnityEngine_Ray2DWrap.cs: 3948513cbdb210ff5fa49a4b2880e106 -> 
  custom:scripting/monoscript/fileName/UnityEngine_ComponentWrap.cs: 3c3e0b9fedb2878f9f3fac771839136b -> 
  custom:scripting/monoscript/fileName/System_ObjectWrap.cs: 9fb5e5ed9e38c23dad1e0232edf0373b -> 
  custom:scripting/monoscript/fileName/UnityEngine_QuaternionWrap.cs: 2be38f3d0f8715c9babd38533b7cc2f6 -> 
  custom:scripting/monoscript/fileName/ExampleGenConfig.cs: 2d21554d83bd53efca28765b954d65c7 -> 
  custom:scripting/monoscript/fileName/UnityEngine_AnimationCurveWrap.cs: a1b4a7dab75f49fff03082ff025e4e5e -> 
  custom:scripting/monoscript/fileName/UnityEngine_LightWrap.cs: afdccdb78964e15816bd84ff574e1d72 -> 
  custom:scripting/monoscript/fileName/System_Collections_IEnumeratorBridge.cs: a6b8b2b6997973169c6bebc4e00197c3 -> 
  custom:video-encoder-webm-vp8: eb34c28f22e8b96e1ab97ce403110664 -> 
  custom:scripting/monoscript/fileName/UnityEngine_Vector2Wrap.cs: d8bd11c5df83747314d76d2e1152a25a -> 
  custom:audio-decoder-ogg-vorbis: bf7c407c2cedff20999df2af8eb42d56 -> 
  custom:scripting/monoscript/fileName/UnityEngine_GameObjectWrap.cs: 499beb086fe32ba82bd6b30d04f108ea -> 
  custom:scripting/monoscript/fileName/UnityEngine_DebugWrap.cs: 2a23054f13a8c643d838dbc57d787e1a -> 
  custom:scripting/monoscript/fileName/UnityEngine_SkinnedMeshRendererWrap.cs: e6c3bb62aa80867a3afe5dcbb6224761 -> 
  custom:scripting/monoscript/fileName/UnityEngine_TextAssetWrap.cs: 96eae3d139831963806db363328bfefe -> 
  custom:scripting/monoscript/fileName/Hotfix.cs: 54d9f1ade52076024b3f1e4e7c41699b -> 
  custom:scripting/monoscript/fileName/UnityEngine_TransformWrap.cs: 50d916bbc9cc3aa204547c1dbcf1b841 -> 
  custom:scripting/monoscript/fileName/UnityEngine_RendererWrap.cs: e28d66316639c5d4634a4f4176885c0f -> 
  custom:audio-encoder-webm-vorbis: bf7c407c2cedff20999df2af8eb42d56 -> 
  custom:scripting/monoscript/fileName/UnityEngine_Vector4Wrap.cs: e876ed87f63c3dc401e686c851325f69 -> 
  custom:scripting/precompiled-assembly-types:Assembly-CSharp-Editor: a8074916e553e097405b5991a4cb4578 -> 6325889ca3d690caac56de41d2536aa9
  custom:scripting/monoscript/fileName/UnityEngine_ObjectWrap.cs: d239f04268fb712161f840d533347443 -> 
  custom:scripting/precompiled-assembly-types:Assembly-CSharp: b6f6826115f6ce21e7ac599e249680bb -> e72714bde2f0db21cfc2a265dc5c1124
========================================================================
Received Prepare
Refreshing native plugins compatible for Editor in 21.09 ms, found 4 plugins.
Preloading 0 native plugins for Editor in 0.00 ms.
Unloading 1 Unused Serialized files (Serialized files now loaded: 0)
Unloading 1 unused Assets / (3.1 KB). Loaded Objects now: 3946.
Memory consumption went from 75.9 MB to 75.9 MB.
Total: 6.811400 ms (FindLiveObjects: 1.036400 ms CreateObjectMapping: 0.433200 ms MarkObjects: 5.301400 ms  DeleteObjects: 0.037800 ms)

Prepare: number of updated asset objects reloaded= 0
AssetImportParameters requested are different than current active one (requested -> active):
  custom:scripting/monoscript/fileName/UnityEngine_BehaviourWrap.cs: 07f04650a03b829841e9fab9d7740454 -> 
  custom:container-demuxer-ogg: 62fdf1f143b41e24485cea50d1cbac27 -> 
  custom:scripting/monoscript/fileName/UnityEngine_Vector3Wrap.cs: 63f465b9380555daafea25b4176adba5 -> 
  custom:scripting/monoscript/fileName/UnityEngine_RayWrap.cs: 0b84fbe6cabdb1173feb41e835ef3a40 -> 
  custom:video-codec-MediaFoundation-h265: 746d11721c4dcdbdad8f713fa42b33f4 -> 
  custom:video-decoder-ogg-theora: a1e56fd34408186e4bbccfd4996cb3dc -> 
  custom:framework-win-MediaFoundation: 216162199b28c13a410421893ffa2e32 -> 
  custom:scripting/monoscript/fileName/UnityEngine_TimeWrap.cs: 5e744018ad83dc4e6b5341356b280ff7 -> 
  custom:scripting/monoscript/fileName/UnityEngine_AnimationClipWrap.cs: 77a92debc688d37d0c76ed29e7849dc6 -> 
  custom:scripting/monoscript/fileName/UnityEngine_MonoBehaviourWrap.cs: 04d351bf9d6db68acd2847f2651b2d6b -> 
  custom:scripting/monoscript/fileName/UnityEngine_MathfWrap.cs: 333033f071a58c53b030860e1dc36f4e -> 
  custom:scripting/monoscript/fileName/UnityEngine_ResourcesWrap.cs: 698ab99237a4262ce7f88356cded464a -> 
  custom:CustomObjectIndexerAttribute: 9a22284fe3817be447336de3de66b15e -> 
  custom:container-demuxer-webm: 4f35f7cbe854078d1ac9338744f61a02 -> 
  custom:scripting/monoscript/fileName/UnityEngine_ParticleSystemWrap.cs: eee33c4ac5a2b762ef5a90683fe90f0f -> 
  custom:scripting/monoscript/fileName/UnityEngine_BoundsWrap.cs: 3dd26eeb95bac2de8ce2da585d995261 -> 
  custom:scripting/monoscript/fileName/UnityEngine_KeyframeWrap.cs: f022c20884bfebd1cdba5d0a32b69287 -> 
  custom:container-muxer-webm: aa71ff27fc2769a1b78a27578f13a17b -> 
  custom:video-decoder-webm-vp8: 9c59270c3fd7afecdb556c50c9e8de78 -> 
  custom:scripting/monoscript/fileName/System_Collections_Generic_List_1_System_Int32_Wrap.cs: 0d81f6d3ce2afe6f735fa61fb6f44318 -> 
  custom:SearchIndexIgnoredProperties: e643bd26f0fe6173181afceb89e7c659 -> 
  custom:scripting/monoscript/fileName/UnityEngine_ColorWrap.cs: a2199b901d8d68ac06d36f834d48f0de -> 
  custom:AudioImporter_EditorPlatform: d09bf68614088b80899f8185d706f6e7 -> 
  custom:scripting/monoscript/fileName/UnityEngine_Ray2DWrap.cs: 3948513cbdb210ff5fa49a4b2880e106 -> 
  custom:scripting/monoscript/fileName/UnityEngine_ComponentWrap.cs: 3c3e0b9fedb2878f9f3fac771839136b -> 
  custom:scripting/monoscript/fileName/System_ObjectWrap.cs: 9fb5e5ed9e38c23dad1e0232edf0373b -> 
  custom:scripting/monoscript/fileName/UnityEngine_QuaternionWrap.cs: 2be38f3d0f8715c9babd38533b7cc2f6 -> 
  custom:scripting/monoscript/fileName/ExampleGenConfig.cs: 2d21554d83bd53efca28765b954d65c7 -> 
  custom:scripting/monoscript/fileName/UnityEngine_AnimationCurveWrap.cs: a1b4a7dab75f49fff03082ff025e4e5e -> 
  custom:scripting/monoscript/fileName/UnityEngine_LightWrap.cs: afdccdb78964e15816bd84ff574e1d72 -> 
  custom:scripting/monoscript/fileName/System_Collections_IEnumeratorBridge.cs: a6b8b2b6997973169c6bebc4e00197c3 -> 
  custom:video-encoder-webm-vp8: eb34c28f22e8b96e1ab97ce403110664 -> 
  custom:scripting/monoscript/fileName/UnityEngine_Vector2Wrap.cs: d8bd11c5df83747314d76d2e1152a25a -> 
  custom:audio-decoder-ogg-vorbis: bf7c407c2cedff20999df2af8eb42d56 -> 
  custom:scripting/monoscript/fileName/UnityEngine_GameObjectWrap.cs: 499beb086fe32ba82bd6b30d04f108ea -> 
  custom:scripting/monoscript/fileName/UnityEngine_DebugWrap.cs: 2a23054f13a8c643d838dbc57d787e1a -> 
  custom:scripting/monoscript/fileName/UnityEngine_SkinnedMeshRendererWrap.cs: e6c3bb62aa80867a3afe5dcbb6224761 -> 
  custom:scripting/monoscript/fileName/UnityEngine_TextAssetWrap.cs: 96eae3d139831963806db363328bfefe -> 
  custom:scripting/monoscript/fileName/Hotfix.cs: 54d9f1ade52076024b3f1e4e7c41699b -> 
  custom:scripting/monoscript/fileName/UnityEngine_TransformWrap.cs: 50d916bbc9cc3aa204547c1dbcf1b841 -> 
  custom:scripting/monoscript/fileName/UnityEngine_RendererWrap.cs: e28d66316639c5d4634a4f4176885c0f -> 
  custom:audio-encoder-webm-vorbis: bf7c407c2cedff20999df2af8eb42d56 -> 
  custom:scripting/monoscript/fileName/UnityEngine_Vector4Wrap.cs: e876ed87f63c3dc401e686c851325f69 -> 
  custom:scripting/precompiled-assembly-types:Assembly-CSharp-Editor: a8074916e553e097405b5991a4cb4578 -> 6325889ca3d690caac56de41d2536aa9
  custom:scripting/monoscript/fileName/UnityEngine_ObjectWrap.cs: d239f04268fb712161f840d533347443 -> 
  custom:scripting/precompiled-assembly-types:Assembly-CSharp: b6f6826115f6ce21e7ac599e249680bb -> e72714bde2f0db21cfc2a265dc5c1124
========================================================================
Received Prepare
Caller must complete domain reload
Begin MonoManager ReloadAssembly
- Loaded All Assemblies, in  0.968 seconds
Native extension for WindowsStandalone target not found
Native extension for WebGL target not found
Mono: successfully reloaded assembly
- Finished resetting the current domain, in  1.900 seconds
Domain Reload Profiling: 2853ms
	BeginReloadAssembly (311ms)
		ExecutionOrderSort (0ms)
		DisableScriptedObjects (12ms)
		BackupInstance (0ms)
		ReleaseScriptingObjects (0ms)
		CreateAndSetChildDomain (51ms)
	RebuildCommonClasses (67ms)
	RebuildNativeTypeToScriptingClass (21ms)
	initialDomainReloadingComplete (75ms)
	LoadAllAssembliesAndSetupDomain (477ms)
		LoadAssemblies (634ms)
		RebuildTransferFunctionScriptingTraits (0ms)
		AnalyzeDomain (32ms)
			TypeCache.Refresh (13ms)
				TypeCache.ScanAssembly (0ms)
			ScanForSourceGeneratedMonoScriptInfo (0ms)
			ResolveRequiredComponents (13ms)
	FinalizeReload (1901ms)
		ReleaseScriptCaches (0ms)
		RebuildScriptCaches (0ms)
		SetupLoadedEditorAssemblies (757ms)
			LogAssemblyErrors (0ms)
			InitializePlatformSupportModulesInManaged (16ms)
			SetLoadedEditorAssemblies (6ms)
			RefreshPlugins (0ms)
			BeforeProcessingInitializeOnLoad (131ms)
			ProcessInitializeOnLoadAttributes (536ms)
			ProcessInitializeOnLoadMethodAttributes (41ms)
			AfterProcessingInitializeOnLoad (27ms)
			EditorAssembliesLoaded (0ms)
		ExecutionOrderSort2 (0ms)
		AwakeInstancesAfterBackupRestoration (20ms)
Refreshing native plugins compatible for Editor in 17.97 ms, found 4 plugins.
Preloading 0 native plugins for Editor in 0.00 ms.
Unloading 3282 Unused Serialized files (Serialized files now loaded: 0)
Unloading 16 unused Assets / (28.7 KB). Loaded Objects now: 3949.
Memory consumption went from 126.8 MB to 126.8 MB.
Total: 5.150800 ms (FindLiveObjects: 0.398000 ms CreateObjectMapping: 0.310500 ms MarkObjects: 4.376200 ms  DeleteObjects: 0.064500 ms)

Prepare: number of updated asset objects reloaded= 0
AssetImportParameters requested are different than current active one (requested -> active):
  custom:scripting/monoscript/fileName/UnityEngine_BehaviourWrap.cs: 07f04650a03b829841e9fab9d7740454 -> 
  custom:container-demuxer-ogg: 62fdf1f143b41e24485cea50d1cbac27 -> 
  custom:scripting/monoscript/fileName/UnityEngine_Vector3Wrap.cs: 63f465b9380555daafea25b4176adba5 -> 
  custom:scripting/monoscript/fileName/UnityEngine_RayWrap.cs: 0b84fbe6cabdb1173feb41e835ef3a40 -> 
  custom:video-codec-MediaFoundation-h265: 746d11721c4dcdbdad8f713fa42b33f4 -> 
  custom:video-decoder-ogg-theora: a1e56fd34408186e4bbccfd4996cb3dc -> 
  custom:framework-win-MediaFoundation: 216162199b28c13a410421893ffa2e32 -> 
  custom:scripting/monoscript/fileName/UnityEngine_TimeWrap.cs: 5e744018ad83dc4e6b5341356b280ff7 -> 
  custom:scripting/monoscript/fileName/UnityEngine_AnimationClipWrap.cs: 77a92debc688d37d0c76ed29e7849dc6 -> 
  custom:scripting/monoscript/fileName/UnityEngine_MonoBehaviourWrap.cs: 04d351bf9d6db68acd2847f2651b2d6b -> 
  custom:scripting/monoscript/fileName/UnityEngine_MathfWrap.cs: 333033f071a58c53b030860e1dc36f4e -> 
  custom:scripting/monoscript/fileName/UnityEngine_ResourcesWrap.cs: 698ab99237a4262ce7f88356cded464a -> 
  custom:CustomObjectIndexerAttribute: 9a22284fe3817be447336de3de66b15e -> 
  custom:container-demuxer-webm: 4f35f7cbe854078d1ac9338744f61a02 -> 
  custom:scripting/monoscript/fileName/UnityEngine_ParticleSystemWrap.cs: eee33c4ac5a2b762ef5a90683fe90f0f -> 
  custom:scripting/monoscript/fileName/UnityEngine_BoundsWrap.cs: 3dd26eeb95bac2de8ce2da585d995261 -> 
  custom:scripting/monoscript/fileName/UnityEngine_KeyframeWrap.cs: f022c20884bfebd1cdba5d0a32b69287 -> 
  custom:container-muxer-webm: aa71ff27fc2769a1b78a27578f13a17b -> 
  custom:video-decoder-webm-vp8: 9c59270c3fd7afecdb556c50c9e8de78 -> 
  custom:scripting/monoscript/fileName/System_Collections_Generic_List_1_System_Int32_Wrap.cs: 0d81f6d3ce2afe6f735fa61fb6f44318 -> 
  custom:SearchIndexIgnoredProperties: e643bd26f0fe6173181afceb89e7c659 -> 
  custom:scripting/monoscript/fileName/UnityEngine_ColorWrap.cs: a2199b901d8d68ac06d36f834d48f0de -> 
  custom:AudioImporter_EditorPlatform: d09bf68614088b80899f8185d706f6e7 -> 
  custom:scripting/monoscript/fileName/UnityEngine_Ray2DWrap.cs: 3948513cbdb210ff5fa49a4b2880e106 -> 
  custom:scripting/monoscript/fileName/UnityEngine_ComponentWrap.cs: 3c3e0b9fedb2878f9f3fac771839136b -> 
  custom:scripting/monoscript/fileName/System_ObjectWrap.cs: 9fb5e5ed9e38c23dad1e0232edf0373b -> 
  custom:scripting/monoscript/fileName/UnityEngine_QuaternionWrap.cs: 2be38f3d0f8715c9babd38533b7cc2f6 -> 
  custom:scripting/monoscript/fileName/ExampleGenConfig.cs: 2d21554d83bd53efca28765b954d65c7 -> 
  custom:scripting/monoscript/fileName/UnityEngine_AnimationCurveWrap.cs: a1b4a7dab75f49fff03082ff025e4e5e -> 
  custom:scripting/monoscript/fileName/UnityEngine_LightWrap.cs: afdccdb78964e15816bd84ff574e1d72 -> 
  custom:scripting/monoscript/fileName/System_Collections_IEnumeratorBridge.cs: a6b8b2b6997973169c6bebc4e00197c3 -> 
  custom:video-encoder-webm-vp8: eb34c28f22e8b96e1ab97ce403110664 -> 
  custom:scripting/monoscript/fileName/UnityEngine_Vector2Wrap.cs: d8bd11c5df83747314d76d2e1152a25a -> 
  custom:audio-decoder-ogg-vorbis: bf7c407c2cedff20999df2af8eb42d56 -> 
  custom:scripting/monoscript/fileName/UnityEngine_GameObjectWrap.cs: 499beb086fe32ba82bd6b30d04f108ea -> 
  custom:scripting/monoscript/fileName/UnityEngine_DebugWrap.cs: 2a23054f13a8c643d838dbc57d787e1a -> 
  custom:scripting/monoscript/fileName/UnityEngine_SkinnedMeshRendererWrap.cs: e6c3bb62aa80867a3afe5dcbb6224761 -> 
  custom:scripting/monoscript/fileName/UnityEngine_TextAssetWrap.cs: 96eae3d139831963806db363328bfefe -> 
  custom:scripting/monoscript/fileName/Hotfix.cs: 54d9f1ade52076024b3f1e4e7c41699b -> 
  custom:scripting/monoscript/fileName/UnityEngine_TransformWrap.cs: 50d916bbc9cc3aa204547c1dbcf1b841 -> 
  custom:scripting/monoscript/fileName/UnityEngine_RendererWrap.cs: e28d66316639c5d4634a4f4176885c0f -> 
  custom:audio-encoder-webm-vorbis: bf7c407c2cedff20999df2af8eb42d56 -> 
  custom:scripting/monoscript/fileName/UnityEngine_Vector4Wrap.cs: e876ed87f63c3dc401e686c851325f69 -> 
  custom:scripting/precompiled-assembly-types:Assembly-CSharp-Editor: a8074916e553e097405b5991a4cb4578 -> 6325889ca3d690caac56de41d2536aa9
  custom:scripting/monoscript/fileName/UnityEngine_ObjectWrap.cs: d239f04268fb712161f840d533347443 -> 
  custom:scripting/precompiled-assembly-types:Assembly-CSharp: b6f6826115f6ce21e7ac599e249680bb -> e72714bde2f0db21cfc2a265dc5c1124
========================================================================
Received Prepare
Caller must complete domain reload
Begin MonoManager ReloadAssembly
- Loaded All Assemblies, in  1.000 seconds
Native extension for WindowsStandalone target not found
Native extension for WebGL target not found
Mono: successfully reloaded assembly
- Finished resetting the current domain, in  2.073 seconds
Domain Reload Profiling: 3060ms
	BeginReloadAssembly (288ms)
		ExecutionOrderSort (0ms)
		DisableScriptedObjects (10ms)
		BackupInstance (0ms)
		ReleaseScriptingObjects (0ms)
		CreateAndSetChildDomain (51ms)
	RebuildCommonClasses (68ms)
	RebuildNativeTypeToScriptingClass (21ms)
	initialDomainReloadingComplete (81ms)
	LoadAllAssembliesAndSetupDomain (529ms)
		LoadAssemblies (649ms)
		RebuildTransferFunctionScriptingTraits (0ms)
		AnalyzeDomain (50ms)
			TypeCache.Refresh (21ms)
				TypeCache.ScanAssembly (4ms)
			ScanForSourceGeneratedMonoScriptInfo (14ms)
			ResolveRequiredComponents (11ms)
	FinalizeReload (2074ms)
		ReleaseScriptCaches (0ms)
		RebuildScriptCaches (0ms)
		SetupLoadedEditorAssemblies (787ms)
			LogAssemblyErrors (0ms)
			InitializePlatformSupportModulesInManaged (16ms)
			SetLoadedEditorAssemblies (7ms)
			RefreshPlugins (0ms)
			BeforeProcessingInitializeOnLoad (138ms)
			ProcessInitializeOnLoadAttributes (559ms)
			ProcessInitializeOnLoadMethodAttributes (43ms)
			AfterProcessingInitializeOnLoad (24ms)
			EditorAssembliesLoaded (0ms)
		ExecutionOrderSort2 (0ms)
		AwakeInstancesAfterBackupRestoration (16ms)
Refreshing native plugins compatible for Editor in 19.09 ms, found 4 plugins.
Preloading 0 native plugins for Editor in 0.00 ms.
Unloading 3231 Unused Serialized files (Serialized files now loaded: 0)
Unloading 67 unused Assets / (55.6 KB). Loaded Objects now: 3901.
Memory consumption went from 126.0 MB to 125.9 MB.
Total: 5.577100 ms (FindLiveObjects: 0.476800 ms CreateObjectMapping: 0.370300 ms MarkObjects: 4.558400 ms  DeleteObjects: 0.169400 ms)

Prepare: number of updated asset objects reloaded= 0
AssetImportParameters requested are different than current active one (requested -> active):
  custom:scripting/monoscript/fileName/UnityEngine_BehaviourWrap.cs: 07f04650a03b829841e9fab9d7740454 -> 
  custom:container-demuxer-ogg: 62fdf1f143b41e24485cea50d1cbac27 -> 
  custom:scripting/monoscript/fileName/UnityEngine_Vector3Wrap.cs: 63f465b9380555daafea25b4176adba5 -> 
  custom:scripting/monoscript/fileName/UnityEngine_RayWrap.cs: 0b84fbe6cabdb1173feb41e835ef3a40 -> 
  custom:video-codec-MediaFoundation-h265: 746d11721c4dcdbdad8f713fa42b33f4 -> 
  custom:video-decoder-ogg-theora: a1e56fd34408186e4bbccfd4996cb3dc -> 
  custom:framework-win-MediaFoundation: 216162199b28c13a410421893ffa2e32 -> 
  custom:scripting/monoscript/fileName/UnityEngine_TimeWrap.cs: 5e744018ad83dc4e6b5341356b280ff7 -> 
  custom:scripting/monoscript/fileName/UnityEngine_AnimationClipWrap.cs: 77a92debc688d37d0c76ed29e7849dc6 -> 
  custom:scripting/monoscript/fileName/UnityEngine_MonoBehaviourWrap.cs: 04d351bf9d6db68acd2847f2651b2d6b -> 
  custom:scripting/monoscript/fileName/UnityEngine_MathfWrap.cs: 333033f071a58c53b030860e1dc36f4e -> 
  custom:scripting/monoscript/fileName/UnityEngine_ResourcesWrap.cs: 698ab99237a4262ce7f88356cded464a -> 
  custom:CustomObjectIndexerAttribute: 9a22284fe3817be447336de3de66b15e -> 
  custom:container-demuxer-webm: 4f35f7cbe854078d1ac9338744f61a02 -> 
  custom:scripting/monoscript/fileName/UnityEngine_ParticleSystemWrap.cs: eee33c4ac5a2b762ef5a90683fe90f0f -> 
  custom:scripting/monoscript/fileName/UnityEngine_BoundsWrap.cs: 3dd26eeb95bac2de8ce2da585d995261 -> 
  custom:scripting/monoscript/fileName/UnityEngine_KeyframeWrap.cs: f022c20884bfebd1cdba5d0a32b69287 -> 
  custom:container-muxer-webm: aa71ff27fc2769a1b78a27578f13a17b -> 
  custom:video-decoder-webm-vp8: 9c59270c3fd7afecdb556c50c9e8de78 -> 
  custom:scripting/monoscript/fileName/System_Collections_Generic_List_1_System_Int32_Wrap.cs: 0d81f6d3ce2afe6f735fa61fb6f44318 -> 
  custom:SearchIndexIgnoredProperties: e643bd26f0fe6173181afceb89e7c659 -> 
  custom:scripting/monoscript/fileName/UnityEngine_ColorWrap.cs: a2199b901d8d68ac06d36f834d48f0de -> 
  custom:AudioImporter_EditorPlatform: d09bf68614088b80899f8185d706f6e7 -> 
  custom:scripting/monoscript/fileName/UnityEngine_Ray2DWrap.cs: 3948513cbdb210ff5fa49a4b2880e106 -> 
  custom:scripting/monoscript/fileName/UnityEngine_ComponentWrap.cs: 3c3e0b9fedb2878f9f3fac771839136b -> 
  custom:scripting/monoscript/fileName/System_ObjectWrap.cs: 9fb5e5ed9e38c23dad1e0232edf0373b -> 
  custom:scripting/monoscript/fileName/UnityEngine_QuaternionWrap.cs: 2be38f3d0f8715c9babd38533b7cc2f6 -> 
  custom:scripting/monoscript/fileName/ExampleGenConfig.cs: 2d21554d83bd53efca28765b954d65c7 -> 
  custom:scripting/monoscript/fileName/UnityEngine_AnimationCurveWrap.cs: a1b4a7dab75f49fff03082ff025e4e5e -> 
  custom:scripting/monoscript/fileName/UnityEngine_LightWrap.cs: afdccdb78964e15816bd84ff574e1d72 -> 
  custom:scripting/monoscript/fileName/System_Collections_IEnumeratorBridge.cs: a6b8b2b6997973169c6bebc4e00197c3 -> 
  custom:video-encoder-webm-vp8: eb34c28f22e8b96e1ab97ce403110664 -> 
  custom:scripting/monoscript/fileName/UnityEngine_Vector2Wrap.cs: d8bd11c5df83747314d76d2e1152a25a -> 
  custom:audio-decoder-ogg-vorbis: bf7c407c2cedff20999df2af8eb42d56 -> 
  custom:scripting/monoscript/fileName/UnityEngine_GameObjectWrap.cs: 499beb086fe32ba82bd6b30d04f108ea -> 
  custom:scripting/monoscript/fileName/UnityEngine_DebugWrap.cs: 2a23054f13a8c643d838dbc57d787e1a -> 
  custom:scripting/monoscript/fileName/UnityEngine_SkinnedMeshRendererWrap.cs: e6c3bb62aa80867a3afe5dcbb6224761 -> 
  custom:scripting/monoscript/fileName/UnityEngine_TextAssetWrap.cs: 96eae3d139831963806db363328bfefe -> 
  custom:scripting/monoscript/fileName/Hotfix.cs: 54d9f1ade52076024b3f1e4e7c41699b -> 
  custom:scripting/monoscript/fileName/UnityEngine_TransformWrap.cs: 50d916bbc9cc3aa204547c1dbcf1b841 -> 
  custom:scripting/monoscript/fileName/UnityEngine_RendererWrap.cs: e28d66316639c5d4634a4f4176885c0f -> 
  custom:audio-encoder-webm-vorbis: bf7c407c2cedff20999df2af8eb42d56 -> 
  custom:scripting/monoscript/fileName/UnityEngine_Vector4Wrap.cs: e876ed87f63c3dc401e686c851325f69 -> 
  custom:scripting/precompiled-assembly-types:Assembly-CSharp-Editor: a8074916e553e097405b5991a4cb4578 -> 6325889ca3d690caac56de41d2536aa9
  custom:scripting/monoscript/fileName/UnityEngine_ObjectWrap.cs: d239f04268fb712161f840d533347443 -> 
  custom:scripting/precompiled-assembly-types:Assembly-CSharp: 325c172d14106f73c65b0c96d0f76cd7 -> e72714bde2f0db21cfc2a265dc5c1124
========================================================================
Received Prepare
Caller must complete domain reload
Begin MonoManager ReloadAssembly
- Loaded All Assemblies, in  0.995 seconds
Native extension for WindowsStandalone target not found
Native extension for WebGL target not found
Mono: successfully reloaded assembly
- Finished resetting the current domain, in  1.983 seconds
Domain Reload Profiling: 2964ms
	BeginReloadAssembly (292ms)
		ExecutionOrderSort (0ms)
		DisableScriptedObjects (14ms)
		BackupInstance (0ms)
		ReleaseScriptingObjects (0ms)
		CreateAndSetChildDomain (56ms)
	RebuildCommonClasses (72ms)
	RebuildNativeTypeToScriptingClass (29ms)
	initialDomainReloadingComplete (77ms)
	LoadAllAssembliesAndSetupDomain (510ms)
		LoadAssemblies (617ms)
		RebuildTransferFunctionScriptingTraits (0ms)
		AnalyzeDomain (52ms)
			TypeCache.Refresh (19ms)
				TypeCache.ScanAssembly (5ms)
			ScanForSourceGeneratedMonoScriptInfo (15ms)
			ResolveRequiredComponents (13ms)
	FinalizeReload (1984ms)
		ReleaseScriptCaches (0ms)
		RebuildScriptCaches (0ms)
		SetupLoadedEditorAssemblies (839ms)
			LogAssemblyErrors (0ms)
			InitializePlatformSupportModulesInManaged (15ms)
			SetLoadedEditorAssemblies (8ms)
			RefreshPlugins (0ms)
			BeforeProcessingInitializeOnLoad (137ms)
			ProcessInitializeOnLoadAttributes (605ms)
			ProcessInitializeOnLoadMethodAttributes (44ms)
			AfterProcessingInitializeOnLoad (29ms)
			EditorAssembliesLoaded (0ms)
		ExecutionOrderSort2 (0ms)
		AwakeInstancesAfterBackupRestoration (16ms)
Refreshing native plugins compatible for Editor in 18.21 ms, found 4 plugins.
Preloading 0 native plugins for Editor in 0.00 ms.
Unloading 3282 Unused Serialized files (Serialized files now loaded: 0)
Unloading 16 unused Assets / (28.6 KB). Loaded Objects now: 3955.
Memory consumption went from 126.8 MB to 126.8 MB.
Total: 4.496500 ms (FindLiveObjects: 0.458700 ms CreateObjectMapping: 0.333200 ms MarkObjects: 3.628000 ms  DeleteObjects: 0.075100 ms)

Prepare: number of updated asset objects reloaded= 0
AssetImportParameters requested are different than current active one (requested -> active):
  custom:scripting/monoscript/fileName/UnityEngine_BehaviourWrap.cs: 07f04650a03b829841e9fab9d7740454 -> 
  custom:container-demuxer-ogg: 62fdf1f143b41e24485cea50d1cbac27 -> 
  custom:scripting/monoscript/fileName/UnityEngine_Vector3Wrap.cs: 63f465b9380555daafea25b4176adba5 -> 
  custom:scripting/monoscript/fileName/UnityEngine_RayWrap.cs: 0b84fbe6cabdb1173feb41e835ef3a40 -> 
  custom:video-codec-MediaFoundation-h265: 746d11721c4dcdbdad8f713fa42b33f4 -> 
  custom:video-decoder-ogg-theora: a1e56fd34408186e4bbccfd4996cb3dc -> 
  custom:framework-win-MediaFoundation: 216162199b28c13a410421893ffa2e32 -> 
  custom:scripting/monoscript/fileName/UnityEngine_TimeWrap.cs: 5e744018ad83dc4e6b5341356b280ff7 -> 
  custom:scripting/monoscript/fileName/UnityEngine_AnimationClipWrap.cs: 77a92debc688d37d0c76ed29e7849dc6 -> 
  custom:scripting/monoscript/fileName/UnityEngine_MonoBehaviourWrap.cs: 04d351bf9d6db68acd2847f2651b2d6b -> 
  custom:scripting/monoscript/fileName/UnityEngine_MathfWrap.cs: 333033f071a58c53b030860e1dc36f4e -> 
  custom:scripting/monoscript/fileName/UnityEngine_ResourcesWrap.cs: 698ab99237a4262ce7f88356cded464a -> 
  custom:CustomObjectIndexerAttribute: 9a22284fe3817be447336de3de66b15e -> 
  custom:container-demuxer-webm: 4f35f7cbe854078d1ac9338744f61a02 -> 
  custom:scripting/monoscript/fileName/UnityEngine_ParticleSystemWrap.cs: eee33c4ac5a2b762ef5a90683fe90f0f -> 
  custom:scripting/monoscript/fileName/UnityEngine_BoundsWrap.cs: 3dd26eeb95bac2de8ce2da585d995261 -> 
  custom:scripting/monoscript/fileName/UnityEngine_KeyframeWrap.cs: f022c20884bfebd1cdba5d0a32b69287 -> 
  custom:container-muxer-webm: aa71ff27fc2769a1b78a27578f13a17b -> 
  custom:video-decoder-webm-vp8: 9c59270c3fd7afecdb556c50c9e8de78 -> 
  custom:scripting/monoscript/fileName/System_Collections_Generic_List_1_System_Int32_Wrap.cs: 0d81f6d3ce2afe6f735fa61fb6f44318 -> 
  custom:SearchIndexIgnoredProperties: e643bd26f0fe6173181afceb89e7c659 -> 
  custom:scripting/monoscript/fileName/UnityEngine_ColorWrap.cs: a2199b901d8d68ac06d36f834d48f0de -> 
  custom:AudioImporter_EditorPlatform: d09bf68614088b80899f8185d706f6e7 -> 
  custom:scripting/monoscript/fileName/UnityEngine_Ray2DWrap.cs: 3948513cbdb210ff5fa49a4b2880e106 -> 
  custom:scripting/monoscript/fileName/UnityEngine_ComponentWrap.cs: 3c3e0b9fedb2878f9f3fac771839136b -> 
  custom:scripting/monoscript/fileName/System_ObjectWrap.cs: 9fb5e5ed9e38c23dad1e0232edf0373b -> 
  custom:scripting/monoscript/fileName/UnityEngine_QuaternionWrap.cs: 2be38f3d0f8715c9babd38533b7cc2f6 -> 
  custom:scripting/monoscript/fileName/ExampleGenConfig.cs: 2d21554d83bd53efca28765b954d65c7 -> 
  custom:scripting/monoscript/fileName/UnityEngine_AnimationCurveWrap.cs: a1b4a7dab75f49fff03082ff025e4e5e -> 
  custom:scripting/monoscript/fileName/UnityEngine_LightWrap.cs: afdccdb78964e15816bd84ff574e1d72 -> 
  custom:scripting/monoscript/fileName/System_Collections_IEnumeratorBridge.cs: a6b8b2b6997973169c6bebc4e00197c3 -> 
  custom:video-encoder-webm-vp8: eb34c28f22e8b96e1ab97ce403110664 -> 
  custom:scripting/monoscript/fileName/UnityEngine_Vector2Wrap.cs: d8bd11c5df83747314d76d2e1152a25a -> 
  custom:audio-decoder-ogg-vorbis: bf7c407c2cedff20999df2af8eb42d56 -> 
  custom:scripting/monoscript/fileName/UnityEngine_GameObjectWrap.cs: 499beb086fe32ba82bd6b30d04f108ea -> 
  custom:scripting/monoscript/fileName/UnityEngine_DebugWrap.cs: 2a23054f13a8c643d838dbc57d787e1a -> 
  custom:scripting/monoscript/fileName/UnityEngine_SkinnedMeshRendererWrap.cs: e6c3bb62aa80867a3afe5dcbb6224761 -> 
  custom:scripting/monoscript/fileName/UnityEngine_TextAssetWrap.cs: 96eae3d139831963806db363328bfefe -> 
  custom:scripting/monoscript/fileName/Hotfix.cs: 54d9f1ade52076024b3f1e4e7c41699b -> 
  custom:scripting/monoscript/fileName/UnityEngine_TransformWrap.cs: 50d916bbc9cc3aa204547c1dbcf1b841 -> 
  custom:scripting/monoscript/fileName/UnityEngine_RendererWrap.cs: e28d66316639c5d4634a4f4176885c0f -> 
  custom:audio-encoder-webm-vorbis: bf7c407c2cedff20999df2af8eb42d56 -> 
  custom:scripting/monoscript/fileName/UnityEngine_Vector4Wrap.cs: e876ed87f63c3dc401e686c851325f69 -> 
  custom:scripting/precompiled-assembly-types:Assembly-CSharp-Editor: a8074916e553e097405b5991a4cb4578 -> 6325889ca3d690caac56de41d2536aa9
  custom:scripting/monoscript/fileName/UnityEngine_ObjectWrap.cs: d239f04268fb712161f840d533347443 -> 
  custom:scripting/precompiled-assembly-types:Assembly-CSharp: b6f6826115f6ce21e7ac599e249680bb -> e72714bde2f0db21cfc2a265dc5c1124
========================================================================
Received Prepare
Caller must complete domain reload
Begin MonoManager ReloadAssembly
- Loaded All Assemblies, in  0.967 seconds
Native extension for WindowsStandalone target not found
Native extension for WebGL target not found
Mono: successfully reloaded assembly
- Finished resetting the current domain, in  2.259 seconds
Domain Reload Profiling: 3213ms
	BeginReloadAssembly (305ms)
		ExecutionOrderSort (0ms)
		DisableScriptedObjects (11ms)
		BackupInstance (0ms)
		ReleaseScriptingObjects (0ms)
		CreateAndSetChildDomain (54ms)
	RebuildCommonClasses (65ms)
	RebuildNativeTypeToScriptingClass (22ms)
	initialDomainReloadingComplete (70ms)
	LoadAllAssembliesAndSetupDomain (491ms)
		LoadAssemblies (631ms)
		RebuildTransferFunctionScriptingTraits (0ms)
		AnalyzeDomain (35ms)
			TypeCache.Refresh (16ms)
				TypeCache.ScanAssembly (0ms)
			ScanForSourceGeneratedMonoScriptInfo (0ms)
			ResolveRequiredComponents (12ms)
	FinalizeReload (2260ms)
		ReleaseScriptCaches (0ms)
		RebuildScriptCaches (0ms)
		SetupLoadedEditorAssemblies (913ms)
			LogAssemblyErrors (0ms)
			InitializePlatformSupportModulesInManaged (19ms)
			SetLoadedEditorAssemblies (7ms)
			RefreshPlugins (0ms)
			BeforeProcessingInitializeOnLoad (153ms)
			ProcessInitializeOnLoadAttributes (649ms)
			ProcessInitializeOnLoadMethodAttributes (57ms)
			AfterProcessingInitializeOnLoad (27ms)
			EditorAssembliesLoaded (0ms)
		ExecutionOrderSort2 (0ms)
		AwakeInstancesAfterBackupRestoration (19ms)
Refreshing native plugins compatible for Editor in 20.73 ms, found 4 plugins.
Preloading 0 native plugins for Editor in 0.00 ms.
Unloading 3282 Unused Serialized files (Serialized files now loaded: 0)
Unloading 16 unused Assets / (28.6 KB). Loaded Objects now: 3958.
Memory consumption went from 126.8 MB to 126.8 MB.
Total: 5.045900 ms (FindLiveObjects: 0.445100 ms CreateObjectMapping: 0.365700 ms MarkObjects: 4.150100 ms  DeleteObjects: 0.082900 ms)

Prepare: number of updated asset objects reloaded= 0
AssetImportParameters requested are different than current active one (requested -> active):
  custom:scripting/monoscript/fileName/UnityEngine_BehaviourWrap.cs: 07f04650a03b829841e9fab9d7740454 -> 
  custom:container-demuxer-ogg: 62fdf1f143b41e24485cea50d1cbac27 -> 
  custom:scripting/monoscript/fileName/UnityEngine_Vector3Wrap.cs: 63f465b9380555daafea25b4176adba5 -> 
  custom:scripting/monoscript/fileName/UnityEngine_RayWrap.cs: 0b84fbe6cabdb1173feb41e835ef3a40 -> 
  custom:video-codec-MediaFoundation-h265: 746d11721c4dcdbdad8f713fa42b33f4 -> 
  custom:video-decoder-ogg-theora: a1e56fd34408186e4bbccfd4996cb3dc -> 
  custom:framework-win-MediaFoundation: 216162199b28c13a410421893ffa2e32 -> 
  custom:scripting/monoscript/fileName/UnityEngine_TimeWrap.cs: 5e744018ad83dc4e6b5341356b280ff7 -> 
  custom:scripting/monoscript/fileName/UnityEngine_AnimationClipWrap.cs: 77a92debc688d37d0c76ed29e7849dc6 -> 
  custom:scripting/monoscript/fileName/UnityEngine_MonoBehaviourWrap.cs: 04d351bf9d6db68acd2847f2651b2d6b -> 
  custom:scripting/monoscript/fileName/UnityEngine_MathfWrap.cs: 333033f071a58c53b030860e1dc36f4e -> 
  custom:scripting/monoscript/fileName/UnityEngine_ResourcesWrap.cs: 698ab99237a4262ce7f88356cded464a -> 
  custom:CustomObjectIndexerAttribute: 9a22284fe3817be447336de3de66b15e -> 
  custom:container-demuxer-webm: 4f35f7cbe854078d1ac9338744f61a02 -> 
  custom:scripting/monoscript/fileName/UnityEngine_ParticleSystemWrap.cs: eee33c4ac5a2b762ef5a90683fe90f0f -> 
  custom:scripting/monoscript/fileName/UnityEngine_BoundsWrap.cs: 3dd26eeb95bac2de8ce2da585d995261 -> 
  custom:scripting/monoscript/fileName/UnityEngine_KeyframeWrap.cs: f022c20884bfebd1cdba5d0a32b69287 -> 
  custom:container-muxer-webm: aa71ff27fc2769a1b78a27578f13a17b -> 
  custom:video-decoder-webm-vp8: 9c59270c3fd7afecdb556c50c9e8de78 -> 
  custom:scripting/monoscript/fileName/System_Collections_Generic_List_1_System_Int32_Wrap.cs: 0d81f6d3ce2afe6f735fa61fb6f44318 -> 
  custom:SearchIndexIgnoredProperties: e643bd26f0fe6173181afceb89e7c659 -> 
  custom:scripting/monoscript/fileName/UnityEngine_ColorWrap.cs: a2199b901d8d68ac06d36f834d48f0de -> 
  custom:AudioImporter_EditorPlatform: d09bf68614088b80899f8185d706f6e7 -> 
  custom:scripting/monoscript/fileName/UnityEngine_Ray2DWrap.cs: 3948513cbdb210ff5fa49a4b2880e106 -> 
  custom:scripting/monoscript/fileName/UnityEngine_ComponentWrap.cs: 3c3e0b9fedb2878f9f3fac771839136b -> 
  custom:scripting/monoscript/fileName/System_ObjectWrap.cs: 9fb5e5ed9e38c23dad1e0232edf0373b -> 
  custom:scripting/monoscript/fileName/UnityEngine_QuaternionWrap.cs: 2be38f3d0f8715c9babd38533b7cc2f6 -> 
  custom:scripting/monoscript/fileName/ExampleGenConfig.cs: 2d21554d83bd53efca28765b954d65c7 -> 
  custom:scripting/monoscript/fileName/UnityEngine_AnimationCurveWrap.cs: a1b4a7dab75f49fff03082ff025e4e5e -> 
  custom:scripting/monoscript/fileName/UnityEngine_LightWrap.cs: afdccdb78964e15816bd84ff574e1d72 -> 
  custom:scripting/monoscript/fileName/System_Collections_IEnumeratorBridge.cs: a6b8b2b6997973169c6bebc4e00197c3 -> 
  custom:video-encoder-webm-vp8: eb34c28f22e8b96e1ab97ce403110664 -> 
  custom:scripting/monoscript/fileName/UnityEngine_Vector2Wrap.cs: d8bd11c5df83747314d76d2e1152a25a -> 
  custom:audio-decoder-ogg-vorbis: bf7c407c2cedff20999df2af8eb42d56 -> 
  custom:scripting/monoscript/fileName/UnityEngine_GameObjectWrap.cs: 499beb086fe32ba82bd6b30d04f108ea -> 
  custom:scripting/monoscript/fileName/UnityEngine_DebugWrap.cs: 2a23054f13a8c643d838dbc57d787e1a -> 
  custom:scripting/monoscript/fileName/UnityEngine_SkinnedMeshRendererWrap.cs: e6c3bb62aa80867a3afe5dcbb6224761 -> 
  custom:scripting/monoscript/fileName/UnityEngine_TextAssetWrap.cs: 96eae3d139831963806db363328bfefe -> 
  custom:scripting/monoscript/fileName/Hotfix.cs: 54d9f1ade52076024b3f1e4e7c41699b -> 
  custom:scripting/monoscript/fileName/UnityEngine_TransformWrap.cs: 50d916bbc9cc3aa204547c1dbcf1b841 -> 
  custom:scripting/monoscript/fileName/UnityEngine_RendererWrap.cs: e28d66316639c5d4634a4f4176885c0f -> 
  custom:audio-encoder-webm-vorbis: bf7c407c2cedff20999df2af8eb42d56 -> 
  custom:scripting/monoscript/fileName/UnityEngine_Vector4Wrap.cs: e876ed87f63c3dc401e686c851325f69 -> 
  custom:scripting/precompiled-assembly-types:Assembly-CSharp-Editor: a8074916e553e097405b5991a4cb4578 -> 6325889ca3d690caac56de41d2536aa9
  custom:scripting/monoscript/fileName/UnityEngine_ObjectWrap.cs: d239f04268fb712161f840d533347443 -> 
  custom:scripting/precompiled-assembly-types:Assembly-CSharp: b6f6826115f6ce21e7ac599e249680bb -> e72714bde2f0db21cfc2a265dc5c1124
========================================================================
Received Prepare
Refreshing native plugins compatible for Editor in 20.39 ms, found 4 plugins.
Preloading 0 native plugins for Editor in 0.00 ms.
Unloading 1 Unused Serialized files (Serialized files now loaded: 0)
Unloading 1 unused Assets / (3.1 KB). Loaded Objects now: 3958.
Memory consumption went from 76.0 MB to 76.0 MB.
Total: 7.746900 ms (FindLiveObjects: 0.435100 ms CreateObjectMapping: 0.345700 ms MarkObjects: 6.931800 ms  DeleteObjects: 0.032500 ms)

Prepare: number of updated asset objects reloaded= 0
AssetImportParameters requested are different than current active one (requested -> active):
  custom:scripting/monoscript/fileName/UnityEngine_BehaviourWrap.cs: 07f04650a03b829841e9fab9d7740454 -> 
  custom:container-demuxer-ogg: 62fdf1f143b41e24485cea50d1cbac27 -> 
  custom:scripting/monoscript/fileName/UnityEngine_Vector3Wrap.cs: 63f465b9380555daafea25b4176adba5 -> 
  custom:scripting/monoscript/fileName/UnityEngine_RayWrap.cs: 0b84fbe6cabdb1173feb41e835ef3a40 -> 
  custom:video-codec-MediaFoundation-h265: 746d11721c4dcdbdad8f713fa42b33f4 -> 
  custom:video-decoder-ogg-theora: a1e56fd34408186e4bbccfd4996cb3dc -> 
  custom:framework-win-MediaFoundation: 216162199b28c13a410421893ffa2e32 -> 
  custom:scripting/monoscript/fileName/UnityEngine_TimeWrap.cs: 5e744018ad83dc4e6b5341356b280ff7 -> 
  custom:scripting/monoscript/fileName/UnityEngine_AnimationClipWrap.cs: 77a92debc688d37d0c76ed29e7849dc6 -> 
  custom:scripting/monoscript/fileName/UnityEngine_MonoBehaviourWrap.cs: 04d351bf9d6db68acd2847f2651b2d6b -> 
  custom:scripting/monoscript/fileName/UnityEngine_MathfWrap.cs: 333033f071a58c53b030860e1dc36f4e -> 
  custom:scripting/monoscript/fileName/UnityEngine_ResourcesWrap.cs: 698ab99237a4262ce7f88356cded464a -> 
  custom:CustomObjectIndexerAttribute: 9a22284fe3817be447336de3de66b15e -> 
  custom:container-demuxer-webm: 4f35f7cbe854078d1ac9338744f61a02 -> 
  custom:scripting/monoscript/fileName/UnityEngine_ParticleSystemWrap.cs: eee33c4ac5a2b762ef5a90683fe90f0f -> 
  custom:scripting/monoscript/fileName/UnityEngine_BoundsWrap.cs: 3dd26eeb95bac2de8ce2da585d995261 -> 
  custom:scripting/monoscript/fileName/UnityEngine_KeyframeWrap.cs: f022c20884bfebd1cdba5d0a32b69287 -> 
  custom:container-muxer-webm: aa71ff27fc2769a1b78a27578f13a17b -> 
  custom:video-decoder-webm-vp8: 9c59270c3fd7afecdb556c50c9e8de78 -> 
  custom:scripting/monoscript/fileName/System_Collections_Generic_List_1_System_Int32_Wrap.cs: 0d81f6d3ce2afe6f735fa61fb6f44318 -> 
  custom:SearchIndexIgnoredProperties: e643bd26f0fe6173181afceb89e7c659 -> 
  custom:scripting/monoscript/fileName/UnityEngine_ColorWrap.cs: a2199b901d8d68ac06d36f834d48f0de -> 
  custom:AudioImporter_EditorPlatform: d09bf68614088b80899f8185d706f6e7 -> 
  custom:scripting/monoscript/fileName/UnityEngine_Ray2DWrap.cs: 3948513cbdb210ff5fa49a4b2880e106 -> 
  custom:scripting/monoscript/fileName/UnityEngine_ComponentWrap.cs: 3c3e0b9fedb2878f9f3fac771839136b -> 
  custom:scripting/monoscript/fileName/System_ObjectWrap.cs: 9fb5e5ed9e38c23dad1e0232edf0373b -> 
  custom:scripting/monoscript/fileName/UnityEngine_QuaternionWrap.cs: 2be38f3d0f8715c9babd38533b7cc2f6 -> 
  custom:scripting/monoscript/fileName/ExampleGenConfig.cs: 2d21554d83bd53efca28765b954d65c7 -> 
  custom:scripting/monoscript/fileName/UnityEngine_AnimationCurveWrap.cs: a1b4a7dab75f49fff03082ff025e4e5e -> 
  custom:scripting/monoscript/fileName/UnityEngine_LightWrap.cs: afdccdb78964e15816bd84ff574e1d72 -> 
  custom:scripting/monoscript/fileName/System_Collections_IEnumeratorBridge.cs: a6b8b2b6997973169c6bebc4e00197c3 -> 
  custom:video-encoder-webm-vp8: eb34c28f22e8b96e1ab97ce403110664 -> 
  custom:scripting/monoscript/fileName/UnityEngine_Vector2Wrap.cs: d8bd11c5df83747314d76d2e1152a25a -> 
  custom:audio-decoder-ogg-vorbis: bf7c407c2cedff20999df2af8eb42d56 -> 
  custom:scripting/monoscript/fileName/UnityEngine_GameObjectWrap.cs: 499beb086fe32ba82bd6b30d04f108ea -> 
  custom:scripting/monoscript/fileName/UnityEngine_DebugWrap.cs: 2a23054f13a8c643d838dbc57d787e1a -> 
  custom:scripting/monoscript/fileName/UnityEngine_SkinnedMeshRendererWrap.cs: e6c3bb62aa80867a3afe5dcbb6224761 -> 
  custom:scripting/monoscript/fileName/UnityEngine_TextAssetWrap.cs: 96eae3d139831963806db363328bfefe -> 
  custom:scripting/monoscript/fileName/Hotfix.cs: 54d9f1ade52076024b3f1e4e7c41699b -> 
  custom:scripting/monoscript/fileName/UnityEngine_TransformWrap.cs: 50d916bbc9cc3aa204547c1dbcf1b841 -> 
  custom:scripting/monoscript/fileName/UnityEngine_RendererWrap.cs: e28d66316639c5d4634a4f4176885c0f -> 
  custom:audio-encoder-webm-vorbis: bf7c407c2cedff20999df2af8eb42d56 -> 
  custom:scripting/monoscript/fileName/UnityEngine_Vector4Wrap.cs: e876ed87f63c3dc401e686c851325f69 -> 
  custom:scripting/precompiled-assembly-types:Assembly-CSharp-Editor: a8074916e553e097405b5991a4cb4578 -> 6325889ca3d690caac56de41d2536aa9
  custom:scripting/monoscript/fileName/UnityEngine_ObjectWrap.cs: d239f04268fb712161f840d533347443 -> 
  custom:scripting/precompiled-assembly-types:Assembly-CSharp: b6f6826115f6ce21e7ac599e249680bb -> e72714bde2f0db21cfc2a265dc5c1124
========================================================================
Received Prepare
Caller must complete domain reload
Begin MonoManager ReloadAssembly
- Loaded All Assemblies, in  0.958 seconds
Native extension for WindowsStandalone target not found
Native extension for WebGL target not found
Mono: successfully reloaded assembly
- Finished resetting the current domain, in  1.975 seconds
Domain Reload Profiling: 2921ms
	BeginReloadAssembly (295ms)
		ExecutionOrderSort (0ms)
		DisableScriptedObjects (10ms)
		BackupInstance (0ms)
		ReleaseScriptingObjects (0ms)
		CreateAndSetChildDomain (54ms)
	RebuildCommonClasses (74ms)
	RebuildNativeTypeToScriptingClass (20ms)
	initialDomainReloadingComplete (77ms)
	LoadAllAssembliesAndSetupDomain (477ms)
		LoadAssemblies (616ms)
		RebuildTransferFunctionScriptingTraits (0ms)
		AnalyzeDomain (32ms)
			TypeCache.Refresh (15ms)
				TypeCache.ScanAssembly (0ms)
			ScanForSourceGeneratedMonoScriptInfo (0ms)
			ResolveRequiredComponents (12ms)
	FinalizeReload (1976ms)
		ReleaseScriptCaches (0ms)
		RebuildScriptCaches (0ms)
		SetupLoadedEditorAssemblies (795ms)
			LogAssemblyErrors (0ms)
			InitializePlatformSupportModulesInManaged (14ms)
			SetLoadedEditorAssemblies (6ms)
			RefreshPlugins (0ms)
			BeforeProcessingInitializeOnLoad (122ms)
			ProcessInitializeOnLoadAttributes (585ms)
			ProcessInitializeOnLoadMethodAttributes (42ms)
			AfterProcessingInitializeOnLoad (24ms)
			EditorAssembliesLoaded (0ms)
		ExecutionOrderSort2 (0ms)
		AwakeInstancesAfterBackupRestoration (18ms)
Refreshing native plugins compatible for Editor in 21.81 ms, found 4 plugins.
Preloading 0 native plugins for Editor in 0.00 ms.
Unloading 3282 Unused Serialized files (Serialized files now loaded: 0)
Unloading 16 unused Assets / (28.6 KB). Loaded Objects now: 3961.
Memory consumption went from 126.8 MB to 126.8 MB.
Total: 5.027600 ms (FindLiveObjects: 0.502200 ms CreateObjectMapping: 0.515900 ms MarkObjects: 3.944200 ms  DeleteObjects: 0.063300 ms)

Prepare: number of updated asset objects reloaded= 0
AssetImportParameters requested are different than current active one (requested -> active):
  custom:scripting/monoscript/fileName/UnityEngine_BehaviourWrap.cs: 07f04650a03b829841e9fab9d7740454 -> 
  custom:container-demuxer-ogg: 62fdf1f143b41e24485cea50d1cbac27 -> 
  custom:scripting/monoscript/fileName/UnityEngine_Vector3Wrap.cs: 63f465b9380555daafea25b4176adba5 -> 
  custom:scripting/monoscript/fileName/UnityEngine_RayWrap.cs: 0b84fbe6cabdb1173feb41e835ef3a40 -> 
  custom:video-codec-MediaFoundation-h265: 746d11721c4dcdbdad8f713fa42b33f4 -> 
  custom:video-decoder-ogg-theora: a1e56fd34408186e4bbccfd4996cb3dc -> 
  custom:framework-win-MediaFoundation: 216162199b28c13a410421893ffa2e32 -> 
  custom:scripting/monoscript/fileName/UnityEngine_TimeWrap.cs: 5e744018ad83dc4e6b5341356b280ff7 -> 
  custom:scripting/monoscript/fileName/UnityEngine_AnimationClipWrap.cs: 77a92debc688d37d0c76ed29e7849dc6 -> 
  custom:scripting/monoscript/fileName/UnityEngine_MonoBehaviourWrap.cs: 04d351bf9d6db68acd2847f2651b2d6b -> 
  custom:scripting/monoscript/fileName/UnityEngine_MathfWrap.cs: 333033f071a58c53b030860e1dc36f4e -> 
  custom:scripting/monoscript/fileName/UnityEngine_ResourcesWrap.cs: 698ab99237a4262ce7f88356cded464a -> 
  custom:CustomObjectIndexerAttribute: 9a22284fe3817be447336de3de66b15e -> 
  custom:container-demuxer-webm: 4f35f7cbe854078d1ac9338744f61a02 -> 
  custom:scripting/monoscript/fileName/UnityEngine_ParticleSystemWrap.cs: eee33c4ac5a2b762ef5a90683fe90f0f -> 
  custom:scripting/monoscript/fileName/UnityEngine_BoundsWrap.cs: 3dd26eeb95bac2de8ce2da585d995261 -> 
  custom:scripting/monoscript/fileName/UnityEngine_KeyframeWrap.cs: f022c20884bfebd1cdba5d0a32b69287 -> 
  custom:container-muxer-webm: aa71ff27fc2769a1b78a27578f13a17b -> 
  custom:video-decoder-webm-vp8: 9c59270c3fd7afecdb556c50c9e8de78 -> 
  custom:scripting/monoscript/fileName/System_Collections_Generic_List_1_System_Int32_Wrap.cs: 0d81f6d3ce2afe6f735fa61fb6f44318 -> 
  custom:SearchIndexIgnoredProperties: e643bd26f0fe6173181afceb89e7c659 -> 
  custom:scripting/monoscript/fileName/UnityEngine_ColorWrap.cs: a2199b901d8d68ac06d36f834d48f0de -> 
  custom:AudioImporter_EditorPlatform: d09bf68614088b80899f8185d706f6e7 -> 
  custom:scripting/monoscript/fileName/UnityEngine_Ray2DWrap.cs: 3948513cbdb210ff5fa49a4b2880e106 -> 
  custom:scripting/monoscript/fileName/UnityEngine_ComponentWrap.cs: 3c3e0b9fedb2878f9f3fac771839136b -> 
  custom:scripting/monoscript/fileName/System_ObjectWrap.cs: 9fb5e5ed9e38c23dad1e0232edf0373b -> 
  custom:scripting/monoscript/fileName/UnityEngine_QuaternionWrap.cs: 2be38f3d0f8715c9babd38533b7cc2f6 -> 
  custom:scripting/monoscript/fileName/ExampleGenConfig.cs: 2d21554d83bd53efca28765b954d65c7 -> 
  custom:scripting/monoscript/fileName/UnityEngine_AnimationCurveWrap.cs: a1b4a7dab75f49fff03082ff025e4e5e -> 
  custom:scripting/monoscript/fileName/UnityEngine_LightWrap.cs: afdccdb78964e15816bd84ff574e1d72 -> 
  custom:scripting/monoscript/fileName/System_Collections_IEnumeratorBridge.cs: a6b8b2b6997973169c6bebc4e00197c3 -> 
  custom:video-encoder-webm-vp8: eb34c28f22e8b96e1ab97ce403110664 -> 
  custom:scripting/monoscript/fileName/UnityEngine_Vector2Wrap.cs: d8bd11c5df83747314d76d2e1152a25a -> 
  custom:audio-decoder-ogg-vorbis: bf7c407c2cedff20999df2af8eb42d56 -> 
  custom:scripting/monoscript/fileName/UnityEngine_GameObjectWrap.cs: 499beb086fe32ba82bd6b30d04f108ea -> 
  custom:scripting/monoscript/fileName/UnityEngine_DebugWrap.cs: 2a23054f13a8c643d838dbc57d787e1a -> 
  custom:scripting/monoscript/fileName/UnityEngine_SkinnedMeshRendererWrap.cs: e6c3bb62aa80867a3afe5dcbb6224761 -> 
  custom:scripting/monoscript/fileName/UnityEngine_TextAssetWrap.cs: 96eae3d139831963806db363328bfefe -> 
  custom:scripting/monoscript/fileName/Hotfix.cs: 54d9f1ade52076024b3f1e4e7c41699b -> 
  custom:scripting/monoscript/fileName/UnityEngine_TransformWrap.cs: 50d916bbc9cc3aa204547c1dbcf1b841 -> 
  custom:scripting/monoscript/fileName/UnityEngine_RendererWrap.cs: e28d66316639c5d4634a4f4176885c0f -> 
  custom:audio-encoder-webm-vorbis: bf7c407c2cedff20999df2af8eb42d56 -> 
  custom:scripting/monoscript/fileName/UnityEngine_Vector4Wrap.cs: e876ed87f63c3dc401e686c851325f69 -> 
  custom:scripting/precompiled-assembly-types:Assembly-CSharp-Editor: a8074916e553e097405b5991a4cb4578 -> 6325889ca3d690caac56de41d2536aa9
  custom:scripting/monoscript/fileName/UnityEngine_ObjectWrap.cs: d239f04268fb712161f840d533347443 -> 
  custom:scripting/precompiled-assembly-types:Assembly-CSharp: b6f6826115f6ce21e7ac599e249680bb -> e72714bde2f0db21cfc2a265dc5c1124
========================================================================
Received Import Request.
  Time since last request: 1425.066410 seconds.
  path: Assets/XLua/Doc/Custom_Generate_EN.md
  artifactKey: Guid(c0765c3c416e8f746bf142b05be65ea7) Importer(815301076,1909f56bfc062723c751e8b465ee728b)
Start importing Assets/XLua/Doc/Custom_Generate_EN.md using Guid(c0765c3c416e8f746bf142b05be65ea7) Importer(815301076,1909f56bfc062723c751e8b465ee728b) [PhysX] Initialized MultithreadedTaskDispatcher with 12 workers.
 -> (artifact id: 'fa0abd93f491721fa8cdd008995e0c73') in 0.021365 seconds
Number of updated asset objects reloaded before import = 0
Number of asset objects unloaded after import = 1
========================================================================
Received Import Request.
  Time since last request: 24.246022 seconds.
  path: Assets/XLua/Gen/DelegatesGensBridge.cs
  artifactKey: Guid(2ebf0911d29a5df4e9cc8451bd481aec) Importer(815301076,1909f56bfc062723c751e8b465ee728b)
Start importing Assets/XLua/Gen/DelegatesGensBridge.cs using Guid(2ebf0911d29a5df4e9cc8451bd481aec) Importer(815301076,1909f56bfc062723c751e8b465ee728b) [PhysX] Initialized MultithreadedTaskDispatcher with 12 workers.
 -> (artifact id: 'f7865d4d8ef30d93663f800d05387728') in 0.001196 seconds
Number of updated asset objects reloaded before import = 0
Number of asset objects unloaded after import = 0
========================================================================
Received Import Request.
  Time since last request: 1.120510 seconds.
  path: Assets/XLua/Gen/LuaBehaviourWrap.cs
  artifactKey: Guid(6ae295109a8844547837c8550730041e) Importer(815301076,1909f56bfc062723c751e8b465ee728b)
Start importing Assets/XLua/Gen/LuaBehaviourWrap.cs using Guid(6ae295109a8844547837c8550730041e) Importer(815301076,1909f56bfc062723c751e8b465ee728b) [PhysX] Initialized MultithreadedTaskDispatcher with 12 workers.
 -> (artifact id: 'a53f5967e7d4f6db11f01b0b3bcb796f') in 0.001372 seconds
Number of updated asset objects reloaded before import = 0
Number of asset objects unloaded after import = 0
========================================================================
Received Import Request.
  Time since last request: 0.848957 seconds.
  path: Assets/XLua/Gen/UnityEngine_BoundsWrap.cs
  artifactKey: Guid(516ae98dcec3f9e44b13f7a481d1be71) Importer(815301076,1909f56bfc062723c751e8b465ee728b)
Start importing Assets/XLua/Gen/UnityEngine_BoundsWrap.cs using Guid(516ae98dcec3f9e44b13f7a481d1be71) Importer(815301076,1909f56bfc062723c751e8b465ee728b) [PhysX] Initialized MultithreadedTaskDispatcher with 12 workers.
 -> (artifact id: '4463902775444c5e7d87937a50487282') in 0.001011 seconds
Number of updated asset objects reloaded before import = 0
Number of asset objects unloaded after import = 0
========================================================================
Received Import Request.
  Time since last request: 0.734877 seconds.
  path: Assets/XLua/Gen/UnityEngine_TransformWrap.cs
  artifactKey: Guid(d1a6897421496db4580ef2574ec13f2d) Importer(815301076,1909f56bfc062723c751e8b465ee728b)
Start importing Assets/XLua/Gen/UnityEngine_TransformWrap.cs using Guid(d1a6897421496db4580ef2574ec13f2d) Importer(815301076,1909f56bfc062723c751e8b465ee728b) [PhysX] Initialized MultithreadedTaskDispatcher with 12 workers.
 -> (artifact id: 'a83fc548146a14099da050fcbd0aa0b5') in 0.001158 seconds
Number of updated asset objects reloaded before import = 0
Number of asset objects unloaded after import = 0
========================================================================
Received Import Request.
  Time since last request: 1.441374 seconds.
  path: Assets/XLua/Gen/XLuaGenAutoRegister.cs
  artifactKey: Guid(84762bae3509c61499300ccbec253310) Importer(815301076,1909f56bfc062723c751e8b465ee728b)
Start importing Assets/XLua/Gen/XLuaGenAutoRegister.cs using Guid(84762bae3509c61499300ccbec253310) Importer(815301076,1909f56bfc062723c751e8b465ee728b) [PhysX] Initialized MultithreadedTaskDispatcher with 12 workers.
 -> (artifact id: '32682c7f7ca5a58a8971e97e12ac8ec7') in 0.001023 seconds
Number of updated asset objects reloaded before import = 0
Number of asset objects unloaded after import = 0
========================================================================
Received Import Request.
  Time since last request: 65.616429 seconds.
  path: Assets/XLua/Src/Editor/Generator.cs
  artifactKey: Guid(e866a5f1000c29940843aece98d0c706) Importer(815301076,1909f56bfc062723c751e8b465ee728b)
Start importing Assets/XLua/Src/Editor/Generator.cs using Guid(e866a5f1000c29940843aece98d0c706) Importer(815301076,1909f56bfc062723c751e8b465ee728b) [PhysX] Initialized MultithreadedTaskDispatcher with 12 workers.
 -> (artifact id: '801002e6fac1e380affd3d0fd5ae8b29') in 0.001195 seconds
Number of updated asset objects reloaded before import = 0
Number of asset objects unloaded after import = 0
========================================================================
Received Prepare
Caller must complete domain reload
Begin MonoManager ReloadAssembly
- Loaded All Assemblies, in  1.072 seconds
Native extension for WindowsStandalone target not found
Native extension for WebGL target not found
Mono: successfully reloaded assembly
- Finished resetting the current domain, in  2.269 seconds
Domain Reload Profiling: 3326ms
	BeginReloadAssembly (310ms)
		ExecutionOrderSort (0ms)
		DisableScriptedObjects (10ms)
		BackupInstance (0ms)
		ReleaseScriptingObjects (0ms)
		CreateAndSetChildDomain (62ms)
	RebuildCommonClasses (68ms)
	RebuildNativeTypeToScriptingClass (22ms)
	initialDomainReloadingComplete (77ms)
	LoadAllAssembliesAndSetupDomain (580ms)
		LoadAssemblies (707ms)
		RebuildTransferFunctionScriptingTraits (0ms)
		AnalyzeDomain (48ms)
			TypeCache.Refresh (17ms)
				TypeCache.ScanAssembly (2ms)
			ScanForSourceGeneratedMonoScriptInfo (14ms)
			ResolveRequiredComponents (11ms)
	FinalizeReload (2270ms)
		ReleaseScriptCaches (0ms)
		RebuildScriptCaches (0ms)
		SetupLoadedEditorAssemblies (898ms)
			LogAssemblyErrors (0ms)
			InitializePlatformSupportModulesInManaged (20ms)
			SetLoadedEditorAssemblies (8ms)
			RefreshPlugins (0ms)
			BeforeProcessingInitializeOnLoad (157ms)
			ProcessInitializeOnLoadAttributes (629ms)
			ProcessInitializeOnLoadMethodAttributes (55ms)
			AfterProcessingInitializeOnLoad (28ms)
			EditorAssembliesLoaded (0ms)
		ExecutionOrderSort2 (0ms)
		AwakeInstancesAfterBackupRestoration (20ms)
Refreshing native plugins compatible for Editor in 22.67 ms, found 4 plugins.
Preloading 0 native plugins for Editor in 0.00 ms.
Unloading 3281 Unused Serialized files (Serialized files now loaded: 0)
Unloading 16 unused Assets / (28.6 KB). Loaded Objects now: 3964.
Memory consumption went from 126.5 MB to 126.5 MB.
Total: 8.165700 ms (FindLiveObjects: 0.647100 ms CreateObjectMapping: 0.485100 ms MarkObjects: 6.937800 ms  DeleteObjects: 0.093800 ms)

Prepare: number of updated asset objects reloaded= 0
AssetImportParameters requested are different than current active one (requested -> active):
  custom:scripting/monoscript/fileName/UnityEngine_BehaviourWrap.cs: 07f04650a03b829841e9fab9d7740454 -> 
  custom:container-demuxer-ogg: 62fdf1f143b41e24485cea50d1cbac27 -> 
  custom:scripting/monoscript/fileName/UnityEngine_Vector3Wrap.cs: 63f465b9380555daafea25b4176adba5 -> 
  custom:scripting/monoscript/fileName/UnityEngine_RayWrap.cs: 0b84fbe6cabdb1173feb41e835ef3a40 -> 
  custom:video-codec-MediaFoundation-h265: 746d11721c4dcdbdad8f713fa42b33f4 -> 
  custom:video-decoder-ogg-theora: a1e56fd34408186e4bbccfd4996cb3dc -> 
  custom:framework-win-MediaFoundation: 216162199b28c13a410421893ffa2e32 -> 
  custom:scripting/monoscript/fileName/UnityEngine_TimeWrap.cs: 5e744018ad83dc4e6b5341356b280ff7 -> 
  custom:scripting/monoscript/fileName/UnityEngine_AnimationClipWrap.cs: 77a92debc688d37d0c76ed29e7849dc6 -> 
  custom:scripting/monoscript/fileName/UnityEngine_MonoBehaviourWrap.cs: 04d351bf9d6db68acd2847f2651b2d6b -> 
  custom:scripting/monoscript/fileName/UnityEngine_MathfWrap.cs: 333033f071a58c53b030860e1dc36f4e -> 
  custom:scripting/monoscript/fileName/UnityEngine_ResourcesWrap.cs: 698ab99237a4262ce7f88356cded464a -> 
  custom:CustomObjectIndexerAttribute: 9a22284fe3817be447336de3de66b15e -> 
  custom:container-demuxer-webm: 4f35f7cbe854078d1ac9338744f61a02 -> 
  custom:scripting/monoscript/fileName/UnityEngine_ParticleSystemWrap.cs: eee33c4ac5a2b762ef5a90683fe90f0f -> 
  custom:scripting/monoscript/fileName/UnityEngine_BoundsWrap.cs: 3dd26eeb95bac2de8ce2da585d995261 -> 
  custom:scripting/monoscript/fileName/UnityEngine_KeyframeWrap.cs: f022c20884bfebd1cdba5d0a32b69287 -> 
  custom:container-muxer-webm: aa71ff27fc2769a1b78a27578f13a17b -> 
  custom:video-decoder-webm-vp8: 9c59270c3fd7afecdb556c50c9e8de78 -> 
  custom:scripting/monoscript/fileName/System_Collections_Generic_List_1_System_Int32_Wrap.cs: 0d81f6d3ce2afe6f735fa61fb6f44318 -> 
  custom:SearchIndexIgnoredProperties: e643bd26f0fe6173181afceb89e7c659 -> 
  custom:scripting/monoscript/fileName/UnityEngine_ColorWrap.cs: a2199b901d8d68ac06d36f834d48f0de -> 
  custom:AudioImporter_EditorPlatform: d09bf68614088b80899f8185d706f6e7 -> 
  custom:scripting/monoscript/fileName/UnityEngine_Ray2DWrap.cs: 3948513cbdb210ff5fa49a4b2880e106 -> 
  custom:scripting/monoscript/fileName/UnityEngine_ComponentWrap.cs: 3c3e0b9fedb2878f9f3fac771839136b -> 
  custom:scripting/monoscript/fileName/System_ObjectWrap.cs: 9fb5e5ed9e38c23dad1e0232edf0373b -> 
  custom:scripting/monoscript/fileName/UnityEngine_QuaternionWrap.cs: 2be38f3d0f8715c9babd38533b7cc2f6 -> 
  custom:scripting/monoscript/fileName/ExampleGenConfig.cs: 2d21554d83bd53efca28765b954d65c7 -> 
  custom:scripting/monoscript/fileName/UnityEngine_AnimationCurveWrap.cs: a1b4a7dab75f49fff03082ff025e4e5e -> 
  custom:scripting/monoscript/fileName/UnityEngine_LightWrap.cs: afdccdb78964e15816bd84ff574e1d72 -> 
  custom:scripting/monoscript/fileName/System_Collections_IEnumeratorBridge.cs: a6b8b2b6997973169c6bebc4e00197c3 -> 
  custom:video-encoder-webm-vp8: eb34c28f22e8b96e1ab97ce403110664 -> 
  custom:scripting/monoscript/fileName/UnityEngine_Vector2Wrap.cs: d8bd11c5df83747314d76d2e1152a25a -> 
  custom:audio-decoder-ogg-vorbis: bf7c407c2cedff20999df2af8eb42d56 -> 
  custom:scripting/monoscript/fileName/UnityEngine_GameObjectWrap.cs: 499beb086fe32ba82bd6b30d04f108ea -> 
  custom:scripting/monoscript/fileName/UnityEngine_DebugWrap.cs: 2a23054f13a8c643d838dbc57d787e1a -> 
  custom:scripting/monoscript/fileName/UnityEngine_SkinnedMeshRendererWrap.cs: e6c3bb62aa80867a3afe5dcbb6224761 -> 
  custom:scripting/monoscript/fileName/UnityEngine_TextAssetWrap.cs: 96eae3d139831963806db363328bfefe -> 
  custom:scripting/monoscript/fileName/Hotfix.cs: 54d9f1ade52076024b3f1e4e7c41699b -> 
  custom:scripting/monoscript/fileName/UnityEngine_TransformWrap.cs: 50d916bbc9cc3aa204547c1dbcf1b841 -> 
  custom:scripting/monoscript/fileName/UnityEngine_RendererWrap.cs: e28d66316639c5d4634a4f4176885c0f -> 
  custom:audio-encoder-webm-vorbis: bf7c407c2cedff20999df2af8eb42d56 -> 
  custom:scripting/monoscript/fileName/UnityEngine_Vector4Wrap.cs: e876ed87f63c3dc401e686c851325f69 -> 
  custom:scripting/precompiled-assembly-types:Assembly-CSharp-Editor: a8074916e553e097405b5991a4cb4578 -> 6325889ca3d690caac56de41d2536aa9
  custom:scripting/monoscript/fileName/UnityEngine_ObjectWrap.cs: d239f04268fb712161f840d533347443 -> 
  custom:scripting/precompiled-assembly-types:Assembly-CSharp: b6f6826115f6ce21e7ac599e249680bb -> e72714bde2f0db21cfc2a265dc5c1124
========================================================================
Received Import Request.
  Time since last request: 92.073536 seconds.
  path: Assets/XLua/Src/Editor/Generator.cs
  artifactKey: Guid(e866a5f1000c29940843aece98d0c706) Importer(815301076,1909f56bfc062723c751e8b465ee728b)
Start importing Assets/XLua/Src/Editor/Generator.cs using Guid(e866a5f1000c29940843aece98d0c706) Importer(815301076,1909f56bfc062723c751e8b465ee728b) [PhysX] Initialized MultithreadedTaskDispatcher with 12 workers.
 -> (artifact id: 'ec3f0064314935b1a60490ddd0125481') in 0.005954 seconds
Number of updated asset objects reloaded before import = 0
Number of asset objects unloaded after import = 0
========================================================================
Received Prepare
Refreshing native plugins compatible for Editor in 19.74 ms, found 4 plugins.
Preloading 0 native plugins for Editor in 0.00 ms.
Unloading 0 Unused Serialized files (Serialized files now loaded: 0)
Unloading 1 unused Assets / (0.9 KB). Loaded Objects now: 3964.
Memory consumption went from 75.3 MB to 75.3 MB.
Total: 6.258600 ms (FindLiveObjects: 0.600600 ms CreateObjectMapping: 0.543600 ms MarkObjects: 5.069600 ms  DeleteObjects: 0.042400 ms)

Prepare: number of updated asset objects reloaded= 0
AssetImportParameters requested are different than current active one (requested -> active):
  custom:scripting/monoscript/fileName/UnityEngine_BehaviourWrap.cs: 07f04650a03b829841e9fab9d7740454 -> 
  custom:container-demuxer-ogg: 62fdf1f143b41e24485cea50d1cbac27 -> 
  custom:scripting/monoscript/fileName/UnityEngine_Vector3Wrap.cs: 63f465b9380555daafea25b4176adba5 -> 
  custom:scripting/monoscript/fileName/UnityEngine_RayWrap.cs: 0b84fbe6cabdb1173feb41e835ef3a40 -> 
  custom:video-codec-MediaFoundation-h265: 746d11721c4dcdbdad8f713fa42b33f4 -> 
  custom:video-decoder-ogg-theora: a1e56fd34408186e4bbccfd4996cb3dc -> 
  custom:framework-win-MediaFoundation: 216162199b28c13a410421893ffa2e32 -> 
  custom:scripting/monoscript/fileName/UnityEngine_TimeWrap.cs: 5e744018ad83dc4e6b5341356b280ff7 -> 
  custom:scripting/monoscript/fileName/UnityEngine_AnimationClipWrap.cs: 77a92debc688d37d0c76ed29e7849dc6 -> 
  custom:scripting/monoscript/fileName/UnityEngine_MonoBehaviourWrap.cs: 04d351bf9d6db68acd2847f2651b2d6b -> 
  custom:scripting/monoscript/fileName/UnityEngine_MathfWrap.cs: 333033f071a58c53b030860e1dc36f4e -> 
  custom:scripting/monoscript/fileName/UnityEngine_ResourcesWrap.cs: 698ab99237a4262ce7f88356cded464a -> 
  custom:CustomObjectIndexerAttribute: 9a22284fe3817be447336de3de66b15e -> 
  custom:container-demuxer-webm: 4f35f7cbe854078d1ac9338744f61a02 -> 
  custom:scripting/monoscript/fileName/UnityEngine_ParticleSystemWrap.cs: eee33c4ac5a2b762ef5a90683fe90f0f -> 
  custom:scripting/monoscript/fileName/UnityEngine_BoundsWrap.cs: 3dd26eeb95bac2de8ce2da585d995261 -> 
  custom:scripting/monoscript/fileName/UnityEngine_KeyframeWrap.cs: f022c20884bfebd1cdba5d0a32b69287 -> 
  custom:container-muxer-webm: aa71ff27fc2769a1b78a27578f13a17b -> 
  custom:video-decoder-webm-vp8: 9c59270c3fd7afecdb556c50c9e8de78 -> 
  custom:scripting/monoscript/fileName/System_Collections_Generic_List_1_System_Int32_Wrap.cs: 0d81f6d3ce2afe6f735fa61fb6f44318 -> 
  custom:SearchIndexIgnoredProperties: e643bd26f0fe6173181afceb89e7c659 -> 
  custom:scripting/monoscript/fileName/UnityEngine_ColorWrap.cs: a2199b901d8d68ac06d36f834d48f0de -> 
  custom:AudioImporter_EditorPlatform: d09bf68614088b80899f8185d706f6e7 -> 
  custom:scripting/monoscript/fileName/UnityEngine_Ray2DWrap.cs: 3948513cbdb210ff5fa49a4b2880e106 -> 
  custom:scripting/monoscript/fileName/UnityEngine_ComponentWrap.cs: 3c3e0b9fedb2878f9f3fac771839136b -> 
  custom:scripting/monoscript/fileName/System_ObjectWrap.cs: 9fb5e5ed9e38c23dad1e0232edf0373b -> 
  custom:scripting/monoscript/fileName/UnityEngine_QuaternionWrap.cs: 2be38f3d0f8715c9babd38533b7cc2f6 -> 
  custom:scripting/monoscript/fileName/ExampleGenConfig.cs: 2d21554d83bd53efca28765b954d65c7 -> 
  custom:scripting/monoscript/fileName/UnityEngine_AnimationCurveWrap.cs: a1b4a7dab75f49fff03082ff025e4e5e -> 
  custom:scripting/monoscript/fileName/UnityEngine_LightWrap.cs: afdccdb78964e15816bd84ff574e1d72 -> 
  custom:scripting/monoscript/fileName/System_Collections_IEnumeratorBridge.cs: a6b8b2b6997973169c6bebc4e00197c3 -> 
  custom:video-encoder-webm-vp8: eb34c28f22e8b96e1ab97ce403110664 -> 
  custom:scripting/monoscript/fileName/UnityEngine_Vector2Wrap.cs: d8bd11c5df83747314d76d2e1152a25a -> 
  custom:audio-decoder-ogg-vorbis: bf7c407c2cedff20999df2af8eb42d56 -> 
  custom:scripting/monoscript/fileName/UnityEngine_GameObjectWrap.cs: 499beb086fe32ba82bd6b30d04f108ea -> 
  custom:scripting/monoscript/fileName/UnityEngine_DebugWrap.cs: 2a23054f13a8c643d838dbc57d787e1a -> 
  custom:scripting/monoscript/fileName/UnityEngine_SkinnedMeshRendererWrap.cs: e6c3bb62aa80867a3afe5dcbb6224761 -> 
  custom:scripting/monoscript/fileName/UnityEngine_TextAssetWrap.cs: 96eae3d139831963806db363328bfefe -> 
  custom:scripting/monoscript/fileName/Hotfix.cs: 54d9f1ade52076024b3f1e4e7c41699b -> 
  custom:scripting/monoscript/fileName/UnityEngine_TransformWrap.cs: 50d916bbc9cc3aa204547c1dbcf1b841 -> 
  custom:scripting/monoscript/fileName/UnityEngine_RendererWrap.cs: e28d66316639c5d4634a4f4176885c0f -> 
  custom:audio-encoder-webm-vorbis: bf7c407c2cedff20999df2af8eb42d56 -> 
  custom:scripting/monoscript/fileName/UnityEngine_Vector4Wrap.cs: e876ed87f63c3dc401e686c851325f69 -> 
  custom:scripting/precompiled-assembly-types:Assembly-CSharp-Editor: a8074916e553e097405b5991a4cb4578 -> 6325889ca3d690caac56de41d2536aa9
  custom:scripting/monoscript/fileName/UnityEngine_ObjectWrap.cs: d239f04268fb712161f840d533347443 -> 
  custom:scripting/precompiled-assembly-types:Assembly-CSharp: b6f6826115f6ce21e7ac599e249680bb -> e72714bde2f0db21cfc2a265dc5c1124
========================================================================
Received Prepare
Caller must complete domain reload
Begin MonoManager ReloadAssembly
- Loaded All Assemblies, in  1.002 seconds
Native extension for WindowsStandalone target not found
Native extension for WebGL target not found
Mono: successfully reloaded assembly
- Finished resetting the current domain, in  1.934 seconds
Domain Reload Profiling: 2924ms
	BeginReloadAssembly (309ms)
		ExecutionOrderSort (0ms)
		DisableScriptedObjects (11ms)
		BackupInstance (0ms)
		ReleaseScriptingObjects (0ms)
		CreateAndSetChildDomain (64ms)
	RebuildCommonClasses (72ms)
	RebuildNativeTypeToScriptingClass (22ms)
	initialDomainReloadingComplete (76ms)
	LoadAllAssembliesAndSetupDomain (510ms)
		LoadAssemblies (646ms)
		RebuildTransferFunctionScriptingTraits (0ms)
		AnalyzeDomain (31ms)
			TypeCache.Refresh (13ms)
				TypeCache.ScanAssembly (0ms)
			ScanForSourceGeneratedMonoScriptInfo (0ms)
			ResolveRequiredComponents (12ms)
	FinalizeReload (1935ms)
		ReleaseScriptCaches (0ms)
		RebuildScriptCaches (0ms)
		SetupLoadedEditorAssemblies (742ms)
			LogAssemblyErrors (0ms)
			InitializePlatformSupportModulesInManaged (15ms)
			SetLoadedEditorAssemblies (5ms)
			RefreshPlugins (0ms)
			BeforeProcessingInitializeOnLoad (124ms)
			ProcessInitializeOnLoadAttributes (530ms)
			ProcessInitializeOnLoadMethodAttributes (43ms)
			AfterProcessingInitializeOnLoad (24ms)
			EditorAssembliesLoaded (0ms)
		ExecutionOrderSort2 (0ms)
		AwakeInstancesAfterBackupRestoration (17ms)
Refreshing native plugins compatible for Editor in 18.64 ms, found 4 plugins.
Preloading 0 native plugins for Editor in 0.00 ms.
Unloading 3282 Unused Serialized files (Serialized files now loaded: 0)
Unloading 16 unused Assets / (28.7 KB). Loaded Objects now: 3967.
Memory consumption went from 126.8 MB to 126.8 MB.
Total: 5.452700 ms (FindLiveObjects: 0.495600 ms CreateObjectMapping: 0.347100 ms MarkObjects: 4.528500 ms  DeleteObjects: 0.079300 ms)

Prepare: number of updated asset objects reloaded= 0
AssetImportParameters requested are different than current active one (requested -> active):
  custom:scripting/monoscript/fileName/UnityEngine_BehaviourWrap.cs: 07f04650a03b829841e9fab9d7740454 -> 
  custom:container-demuxer-ogg: 62fdf1f143b41e24485cea50d1cbac27 -> 
  custom:scripting/monoscript/fileName/UnityEngine_Vector3Wrap.cs: 63f465b9380555daafea25b4176adba5 -> 
  custom:scripting/monoscript/fileName/UnityEngine_RayWrap.cs: 0b84fbe6cabdb1173feb41e835ef3a40 -> 
  custom:video-codec-MediaFoundation-h265: 746d11721c4dcdbdad8f713fa42b33f4 -> 
  custom:video-decoder-ogg-theora: a1e56fd34408186e4bbccfd4996cb3dc -> 
  custom:framework-win-MediaFoundation: 216162199b28c13a410421893ffa2e32 -> 
  custom:scripting/monoscript/fileName/UnityEngine_TimeWrap.cs: 5e744018ad83dc4e6b5341356b280ff7 -> 
  custom:scripting/monoscript/fileName/UnityEngine_AnimationClipWrap.cs: 77a92debc688d37d0c76ed29e7849dc6 -> 
  custom:scripting/monoscript/fileName/UnityEngine_MonoBehaviourWrap.cs: 04d351bf9d6db68acd2847f2651b2d6b -> 
  custom:scripting/monoscript/fileName/UnityEngine_MathfWrap.cs: 333033f071a58c53b030860e1dc36f4e -> 
  custom:scripting/monoscript/fileName/UnityEngine_ResourcesWrap.cs: 698ab99237a4262ce7f88356cded464a -> 
  custom:CustomObjectIndexerAttribute: 9a22284fe3817be447336de3de66b15e -> 
  custom:container-demuxer-webm: 4f35f7cbe854078d1ac9338744f61a02 -> 
  custom:scripting/monoscript/fileName/UnityEngine_ParticleSystemWrap.cs: eee33c4ac5a2b762ef5a90683fe90f0f -> 
  custom:scripting/monoscript/fileName/UnityEngine_BoundsWrap.cs: 3dd26eeb95bac2de8ce2da585d995261 -> 
  custom:scripting/monoscript/fileName/UnityEngine_KeyframeWrap.cs: f022c20884bfebd1cdba5d0a32b69287 -> 
  custom:container-muxer-webm: aa71ff27fc2769a1b78a27578f13a17b -> 
  custom:video-decoder-webm-vp8: 9c59270c3fd7afecdb556c50c9e8de78 -> 
  custom:scripting/monoscript/fileName/System_Collections_Generic_List_1_System_Int32_Wrap.cs: 0d81f6d3ce2afe6f735fa61fb6f44318 -> 
  custom:SearchIndexIgnoredProperties: e643bd26f0fe6173181afceb89e7c659 -> 
  custom:scripting/monoscript/fileName/UnityEngine_ColorWrap.cs: a2199b901d8d68ac06d36f834d48f0de -> 
  custom:AudioImporter_EditorPlatform: d09bf68614088b80899f8185d706f6e7 -> 
  custom:scripting/monoscript/fileName/UnityEngine_Ray2DWrap.cs: 3948513cbdb210ff5fa49a4b2880e106 -> 
  custom:scripting/monoscript/fileName/UnityEngine_ComponentWrap.cs: 3c3e0b9fedb2878f9f3fac771839136b -> 
  custom:scripting/monoscript/fileName/System_ObjectWrap.cs: 9fb5e5ed9e38c23dad1e0232edf0373b -> 
  custom:scripting/monoscript/fileName/UnityEngine_QuaternionWrap.cs: 2be38f3d0f8715c9babd38533b7cc2f6 -> 
  custom:scripting/monoscript/fileName/ExampleGenConfig.cs: 2d21554d83bd53efca28765b954d65c7 -> 
  custom:scripting/monoscript/fileName/UnityEngine_AnimationCurveWrap.cs: a1b4a7dab75f49fff03082ff025e4e5e -> 
  custom:scripting/monoscript/fileName/UnityEngine_LightWrap.cs: afdccdb78964e15816bd84ff574e1d72 -> 
  custom:scripting/monoscript/fileName/System_Collections_IEnumeratorBridge.cs: a6b8b2b6997973169c6bebc4e00197c3 -> 
  custom:video-encoder-webm-vp8: eb34c28f22e8b96e1ab97ce403110664 -> 
  custom:scripting/monoscript/fileName/UnityEngine_Vector2Wrap.cs: d8bd11c5df83747314d76d2e1152a25a -> 
  custom:audio-decoder-ogg-vorbis: bf7c407c2cedff20999df2af8eb42d56 -> 
  custom:scripting/monoscript/fileName/UnityEngine_GameObjectWrap.cs: 499beb086fe32ba82bd6b30d04f108ea -> 
  custom:scripting/monoscript/fileName/UnityEngine_DebugWrap.cs: 2a23054f13a8c643d838dbc57d787e1a -> 
  custom:scripting/monoscript/fileName/UnityEngine_SkinnedMeshRendererWrap.cs: e6c3bb62aa80867a3afe5dcbb6224761 -> 
  custom:scripting/monoscript/fileName/UnityEngine_TextAssetWrap.cs: 96eae3d139831963806db363328bfefe -> 
  custom:scripting/monoscript/fileName/Hotfix.cs: 54d9f1ade52076024b3f1e4e7c41699b -> 
  custom:scripting/monoscript/fileName/UnityEngine_TransformWrap.cs: 50d916bbc9cc3aa204547c1dbcf1b841 -> 
  custom:scripting/monoscript/fileName/UnityEngine_RendererWrap.cs: e28d66316639c5d4634a4f4176885c0f -> 
  custom:audio-encoder-webm-vorbis: bf7c407c2cedff20999df2af8eb42d56 -> 
  custom:scripting/monoscript/fileName/UnityEngine_Vector4Wrap.cs: e876ed87f63c3dc401e686c851325f69 -> 
  custom:scripting/precompiled-assembly-types:Assembly-CSharp-Editor: a8074916e553e097405b5991a4cb4578 -> 6325889ca3d690caac56de41d2536aa9
  custom:scripting/monoscript/fileName/UnityEngine_ObjectWrap.cs: d239f04268fb712161f840d533347443 -> 
  custom:scripting/precompiled-assembly-types:Assembly-CSharp: b6f6826115f6ce21e7ac599e249680bb -> e72714bde2f0db21cfc2a265dc5c1124
========================================================================
Received Prepare
Caller must complete domain reload
Begin MonoManager ReloadAssembly
- Loaded All Assemblies, in  0.996 seconds
Native extension for WindowsStandalone target not found
Native extension for WebGL target not found
Mono: successfully reloaded assembly
- Finished resetting the current domain, in  1.965 seconds
Domain Reload Profiling: 2946ms
	BeginReloadAssembly (306ms)
		ExecutionOrderSort (0ms)
		DisableScriptedObjects (15ms)
		BackupInstance (0ms)
		ReleaseScriptingObjects (0ms)
		CreateAndSetChildDomain (55ms)
	RebuildCommonClasses (67ms)
	RebuildNativeTypeToScriptingClass (21ms)
	initialDomainReloadingComplete (76ms)
	LoadAllAssembliesAndSetupDomain (509ms)
		LoadAssemblies (624ms)
		RebuildTransferFunctionScriptingTraits (0ms)
		AnalyzeDomain (55ms)
			TypeCache.Refresh (23ms)
				TypeCache.ScanAssembly (5ms)
			ScanForSourceGeneratedMonoScriptInfo (15ms)
			ResolveRequiredComponents (12ms)
	FinalizeReload (1966ms)
		ReleaseScriptCaches (0ms)
		RebuildScriptCaches (0ms)
		SetupLoadedEditorAssemblies (753ms)
			LogAssemblyErrors (0ms)
			InitializePlatformSupportModulesInManaged (16ms)
			SetLoadedEditorAssemblies (6ms)
			RefreshPlugins (0ms)
			BeforeProcessingInitializeOnLoad (130ms)
			ProcessInitializeOnLoadAttributes (528ms)
			ProcessInitializeOnLoadMethodAttributes (45ms)
			AfterProcessingInitializeOnLoad (27ms)
			EditorAssembliesLoaded (0ms)
		ExecutionOrderSort2 (0ms)
		AwakeInstancesAfterBackupRestoration (17ms)
Refreshing native plugins compatible for Editor in 20.27 ms, found 4 plugins.
Preloading 0 native plugins for Editor in 0.00 ms.
Unloading 3282 Unused Serialized files (Serialized files now loaded: 0)
Unloading 16 unused Assets / (28.6 KB). Loaded Objects now: 3970.
Memory consumption went from 126.8 MB to 126.8 MB.
Total: 4.658800 ms (FindLiveObjects: 0.402600 ms CreateObjectMapping: 0.320000 ms MarkObjects: 3.872100 ms  DeleteObjects: 0.062800 ms)

Prepare: number of updated asset objects reloaded= 0
AssetImportParameters requested are different than current active one (requested -> active):
  custom:scripting/monoscript/fileName/UnityEngine_BehaviourWrap.cs: 07f04650a03b829841e9fab9d7740454 -> 
  custom:container-demuxer-ogg: 62fdf1f143b41e24485cea50d1cbac27 -> 
  custom:scripting/monoscript/fileName/UnityEngine_Vector3Wrap.cs: 63f465b9380555daafea25b4176adba5 -> 
  custom:scripting/monoscript/fileName/UnityEngine_RayWrap.cs: 0b84fbe6cabdb1173feb41e835ef3a40 -> 
  custom:video-codec-MediaFoundation-h265: 746d11721c4dcdbdad8f713fa42b33f4 -> 
  custom:video-decoder-ogg-theora: a1e56fd34408186e4bbccfd4996cb3dc -> 
  custom:framework-win-MediaFoundation: 216162199b28c13a410421893ffa2e32 -> 
  custom:scripting/monoscript/fileName/UnityEngine_TimeWrap.cs: 5e744018ad83dc4e6b5341356b280ff7 -> 
  custom:scripting/monoscript/fileName/UnityEngine_AnimationClipWrap.cs: 77a92debc688d37d0c76ed29e7849dc6 -> 
  custom:scripting/monoscript/fileName/UnityEngine_MonoBehaviourWrap.cs: 04d351bf9d6db68acd2847f2651b2d6b -> 
  custom:scripting/monoscript/fileName/UnityEngine_MathfWrap.cs: 333033f071a58c53b030860e1dc36f4e -> 
  custom:scripting/monoscript/fileName/UnityEngine_ResourcesWrap.cs: 698ab99237a4262ce7f88356cded464a -> 
  custom:CustomObjectIndexerAttribute: 9a22284fe3817be447336de3de66b15e -> 
  custom:container-demuxer-webm: 4f35f7cbe854078d1ac9338744f61a02 -> 
  custom:scripting/monoscript/fileName/UnityEngine_ParticleSystemWrap.cs: eee33c4ac5a2b762ef5a90683fe90f0f -> 
  custom:scripting/monoscript/fileName/UnityEngine_BoundsWrap.cs: 3dd26eeb95bac2de8ce2da585d995261 -> 
  custom:scripting/monoscript/fileName/UnityEngine_KeyframeWrap.cs: f022c20884bfebd1cdba5d0a32b69287 -> 
  custom:container-muxer-webm: aa71ff27fc2769a1b78a27578f13a17b -> 
  custom:video-decoder-webm-vp8: 9c59270c3fd7afecdb556c50c9e8de78 -> 
  custom:scripting/monoscript/fileName/System_Collections_Generic_List_1_System_Int32_Wrap.cs: 0d81f6d3ce2afe6f735fa61fb6f44318 -> 
  custom:SearchIndexIgnoredProperties: e643bd26f0fe6173181afceb89e7c659 -> 
  custom:scripting/monoscript/fileName/UnityEngine_ColorWrap.cs: a2199b901d8d68ac06d36f834d48f0de -> 
  custom:AudioImporter_EditorPlatform: d09bf68614088b80899f8185d706f6e7 -> 
  custom:scripting/monoscript/fileName/UnityEngine_Ray2DWrap.cs: 3948513cbdb210ff5fa49a4b2880e106 -> 
  custom:scripting/monoscript/fileName/UnityEngine_ComponentWrap.cs: 3c3e0b9fedb2878f9f3fac771839136b -> 
  custom:scripting/monoscript/fileName/System_ObjectWrap.cs: 9fb5e5ed9e38c23dad1e0232edf0373b -> 
  custom:scripting/monoscript/fileName/UnityEngine_QuaternionWrap.cs: 2be38f3d0f8715c9babd38533b7cc2f6 -> 
  custom:scripting/monoscript/fileName/ExampleGenConfig.cs: 2d21554d83bd53efca28765b954d65c7 -> 
  custom:scripting/monoscript/fileName/UnityEngine_AnimationCurveWrap.cs: a1b4a7dab75f49fff03082ff025e4e5e -> 
  custom:scripting/monoscript/fileName/UnityEngine_LightWrap.cs: afdccdb78964e15816bd84ff574e1d72 -> 
  custom:scripting/monoscript/fileName/System_Collections_IEnumeratorBridge.cs: a6b8b2b6997973169c6bebc4e00197c3 -> 
  custom:video-encoder-webm-vp8: eb34c28f22e8b96e1ab97ce403110664 -> 
  custom:scripting/monoscript/fileName/UnityEngine_Vector2Wrap.cs: d8bd11c5df83747314d76d2e1152a25a -> 
  custom:audio-decoder-ogg-vorbis: bf7c407c2cedff20999df2af8eb42d56 -> 
  custom:scripting/monoscript/fileName/UnityEngine_GameObjectWrap.cs: 499beb086fe32ba82bd6b30d04f108ea -> 
  custom:scripting/monoscript/fileName/UnityEngine_DebugWrap.cs: 2a23054f13a8c643d838dbc57d787e1a -> 
  custom:scripting/monoscript/fileName/UnityEngine_SkinnedMeshRendererWrap.cs: e6c3bb62aa80867a3afe5dcbb6224761 -> 
  custom:scripting/monoscript/fileName/UnityEngine_TextAssetWrap.cs: 96eae3d139831963806db363328bfefe -> 
  custom:scripting/monoscript/fileName/Hotfix.cs: 54d9f1ade52076024b3f1e4e7c41699b -> 
  custom:scripting/monoscript/fileName/UnityEngine_TransformWrap.cs: 50d916bbc9cc3aa204547c1dbcf1b841 -> 
  custom:scripting/monoscript/fileName/UnityEngine_RendererWrap.cs: e28d66316639c5d4634a4f4176885c0f -> 
  custom:audio-encoder-webm-vorbis: bf7c407c2cedff20999df2af8eb42d56 -> 
  custom:scripting/monoscript/fileName/UnityEngine_Vector4Wrap.cs: e876ed87f63c3dc401e686c851325f69 -> 
  custom:scripting/precompiled-assembly-types:Assembly-CSharp-Editor: a8074916e553e097405b5991a4cb4578 -> 6325889ca3d690caac56de41d2536aa9
  custom:scripting/monoscript/fileName/UnityEngine_ObjectWrap.cs: d239f04268fb712161f840d533347443 -> 
  custom:scripting/precompiled-assembly-types:Assembly-CSharp: b6f6826115f6ce21e7ac599e249680bb -> e72714bde2f0db21cfc2a265dc5c1124
========================================================================
Received Prepare
Caller must complete domain reload
Begin MonoManager ReloadAssembly
- Loaded All Assemblies, in  0.950 seconds
Native extension for WindowsStandalone target not found
Native extension for WebGL target not found
Mono: successfully reloaded assembly
- Finished resetting the current domain, in  2.227 seconds
Domain Reload Profiling: 3159ms
	BeginReloadAssembly (297ms)
		ExecutionOrderSort (0ms)
		DisableScriptedObjects (11ms)
		BackupInstance (0ms)
		ReleaseScriptingObjects (0ms)
		CreateAndSetChildDomain (52ms)
	RebuildCommonClasses (72ms)
	RebuildNativeTypeToScriptingClass (22ms)
	initialDomainReloadingComplete (75ms)
	LoadAllAssembliesAndSetupDomain (466ms)
		LoadAssemblies (611ms)
		RebuildTransferFunctionScriptingTraits (0ms)
		AnalyzeDomain (27ms)
			TypeCache.Refresh (11ms)
				TypeCache.ScanAssembly (0ms)
			ScanForSourceGeneratedMonoScriptInfo (0ms)
			ResolveRequiredComponents (11ms)
	FinalizeReload (2228ms)
		ReleaseScriptCaches (0ms)
		RebuildScriptCaches (0ms)
		SetupLoadedEditorAssemblies (886ms)
			LogAssemblyErrors (0ms)
			InitializePlatformSupportModulesInManaged (19ms)
			SetLoadedEditorAssemblies (6ms)
			RefreshPlugins (0ms)
			BeforeProcessingInitializeOnLoad (141ms)
			ProcessInitializeOnLoadAttributes (643ms)
			ProcessInitializeOnLoadMethodAttributes (48ms)
			AfterProcessingInitializeOnLoad (28ms)
			EditorAssembliesLoaded (0ms)
		ExecutionOrderSort2 (0ms)
		AwakeInstancesAfterBackupRestoration (21ms)
Refreshing native plugins compatible for Editor in 23.95 ms, found 4 plugins.
Preloading 0 native plugins for Editor in 0.00 ms.
Unloading 3282 Unused Serialized files (Serialized files now loaded: 0)
Unloading 16 unused Assets / (28.7 KB). Loaded Objects now: 3973.
Memory consumption went from 126.8 MB to 126.8 MB.
Total: 7.717500 ms (FindLiveObjects: 0.449500 ms CreateObjectMapping: 0.376000 ms MarkObjects: 6.799400 ms  DeleteObjects: 0.090100 ms)

Prepare: number of updated asset objects reloaded= 0
AssetImportParameters requested are different than current active one (requested -> active):
  custom:scripting/monoscript/fileName/UnityEngine_BehaviourWrap.cs: 07f04650a03b829841e9fab9d7740454 -> 
  custom:container-demuxer-ogg: 62fdf1f143b41e24485cea50d1cbac27 -> 
  custom:scripting/monoscript/fileName/UnityEngine_Vector3Wrap.cs: 63f465b9380555daafea25b4176adba5 -> 
  custom:scripting/monoscript/fileName/UnityEngine_RayWrap.cs: 0b84fbe6cabdb1173feb41e835ef3a40 -> 
  custom:video-codec-MediaFoundation-h265: 746d11721c4dcdbdad8f713fa42b33f4 -> 
  custom:video-decoder-ogg-theora: a1e56fd34408186e4bbccfd4996cb3dc -> 
  custom:framework-win-MediaFoundation: 216162199b28c13a410421893ffa2e32 -> 
  custom:scripting/monoscript/fileName/UnityEngine_TimeWrap.cs: 5e744018ad83dc4e6b5341356b280ff7 -> 
  custom:scripting/monoscript/fileName/UnityEngine_AnimationClipWrap.cs: 77a92debc688d37d0c76ed29e7849dc6 -> 
  custom:scripting/monoscript/fileName/UnityEngine_MonoBehaviourWrap.cs: 04d351bf9d6db68acd2847f2651b2d6b -> 
  custom:scripting/monoscript/fileName/UnityEngine_MathfWrap.cs: 333033f071a58c53b030860e1dc36f4e -> 
  custom:scripting/monoscript/fileName/UnityEngine_ResourcesWrap.cs: 698ab99237a4262ce7f88356cded464a -> 
  custom:CustomObjectIndexerAttribute: 9a22284fe3817be447336de3de66b15e -> 
  custom:container-demuxer-webm: 4f35f7cbe854078d1ac9338744f61a02 -> 
  custom:scripting/monoscript/fileName/UnityEngine_ParticleSystemWrap.cs: eee33c4ac5a2b762ef5a90683fe90f0f -> 
  custom:scripting/monoscript/fileName/UnityEngine_BoundsWrap.cs: 3dd26eeb95bac2de8ce2da585d995261 -> 
  custom:scripting/monoscript/fileName/UnityEngine_KeyframeWrap.cs: f022c20884bfebd1cdba5d0a32b69287 -> 
  custom:container-muxer-webm: aa71ff27fc2769a1b78a27578f13a17b -> 
  custom:video-decoder-webm-vp8: 9c59270c3fd7afecdb556c50c9e8de78 -> 
  custom:scripting/monoscript/fileName/System_Collections_Generic_List_1_System_Int32_Wrap.cs: 0d81f6d3ce2afe6f735fa61fb6f44318 -> 
  custom:SearchIndexIgnoredProperties: e643bd26f0fe6173181afceb89e7c659 -> 
  custom:scripting/monoscript/fileName/UnityEngine_ColorWrap.cs: a2199b901d8d68ac06d36f834d48f0de -> 
  custom:AudioImporter_EditorPlatform: d09bf68614088b80899f8185d706f6e7 -> 
  custom:scripting/monoscript/fileName/UnityEngine_Ray2DWrap.cs: 3948513cbdb210ff5fa49a4b2880e106 -> 
  custom:scripting/monoscript/fileName/UnityEngine_ComponentWrap.cs: 3c3e0b9fedb2878f9f3fac771839136b -> 
  custom:scripting/monoscript/fileName/System_ObjectWrap.cs: 9fb5e5ed9e38c23dad1e0232edf0373b -> 
  custom:scripting/monoscript/fileName/UnityEngine_QuaternionWrap.cs: 2be38f3d0f8715c9babd38533b7cc2f6 -> 
  custom:scripting/monoscript/fileName/ExampleGenConfig.cs: 2d21554d83bd53efca28765b954d65c7 -> 
  custom:scripting/monoscript/fileName/UnityEngine_AnimationCurveWrap.cs: a1b4a7dab75f49fff03082ff025e4e5e -> 
  custom:scripting/monoscript/fileName/UnityEngine_LightWrap.cs: afdccdb78964e15816bd84ff574e1d72 -> 
  custom:scripting/monoscript/fileName/System_Collections_IEnumeratorBridge.cs: a6b8b2b6997973169c6bebc4e00197c3 -> 
  custom:video-encoder-webm-vp8: eb34c28f22e8b96e1ab97ce403110664 -> 
  custom:scripting/monoscript/fileName/UnityEngine_Vector2Wrap.cs: d8bd11c5df83747314d76d2e1152a25a -> 
  custom:audio-decoder-ogg-vorbis: bf7c407c2cedff20999df2af8eb42d56 -> 
  custom:scripting/monoscript/fileName/UnityEngine_GameObjectWrap.cs: 499beb086fe32ba82bd6b30d04f108ea -> 
  custom:scripting/monoscript/fileName/UnityEngine_DebugWrap.cs: 2a23054f13a8c643d838dbc57d787e1a -> 
  custom:scripting/monoscript/fileName/UnityEngine_SkinnedMeshRendererWrap.cs: e6c3bb62aa80867a3afe5dcbb6224761 -> 
  custom:scripting/monoscript/fileName/UnityEngine_TextAssetWrap.cs: 96eae3d139831963806db363328bfefe -> 
  custom:scripting/monoscript/fileName/Hotfix.cs: 54d9f1ade52076024b3f1e4e7c41699b -> 
  custom:scripting/monoscript/fileName/UnityEngine_TransformWrap.cs: 50d916bbc9cc3aa204547c1dbcf1b841 -> 
  custom:scripting/monoscript/fileName/UnityEngine_RendererWrap.cs: e28d66316639c5d4634a4f4176885c0f -> 
  custom:audio-encoder-webm-vorbis: bf7c407c2cedff20999df2af8eb42d56 -> 
  custom:scripting/monoscript/fileName/UnityEngine_Vector4Wrap.cs: e876ed87f63c3dc401e686c851325f69 -> 
  custom:scripting/precompiled-assembly-types:Assembly-CSharp-Editor: a8074916e553e097405b5991a4cb4578 -> 6325889ca3d690caac56de41d2536aa9
  custom:scripting/monoscript/fileName/UnityEngine_ObjectWrap.cs: d239f04268fb712161f840d533347443 -> 
  custom:scripting/precompiled-assembly-types:Assembly-CSharp: b6f6826115f6ce21e7ac599e249680bb -> e72714bde2f0db21cfc2a265dc5c1124
========================================================================
Received Prepare
Refreshing native plugins compatible for Editor in 24.37 ms, found 4 plugins.
Preloading 0 native plugins for Editor in 0.00 ms.
Unloading 1 Unused Serialized files (Serialized files now loaded: 0)
Unloading 1 unused Assets / (3.1 KB). Loaded Objects now: 3973.
Memory consumption went from 76.0 MB to 76.0 MB.
Total: 5.165400 ms (FindLiveObjects: 0.448700 ms CreateObjectMapping: 0.338300 ms MarkObjects: 4.327100 ms  DeleteObjects: 0.049700 ms)

Prepare: number of updated asset objects reloaded= 0
AssetImportParameters requested are different than current active one (requested -> active):
  custom:scripting/monoscript/fileName/UnityEngine_BehaviourWrap.cs: 07f04650a03b829841e9fab9d7740454 -> 
  custom:container-demuxer-ogg: 62fdf1f143b41e24485cea50d1cbac27 -> 
  custom:scripting/monoscript/fileName/UnityEngine_Vector3Wrap.cs: 63f465b9380555daafea25b4176adba5 -> 
  custom:scripting/monoscript/fileName/UnityEngine_RayWrap.cs: 0b84fbe6cabdb1173feb41e835ef3a40 -> 
  custom:video-codec-MediaFoundation-h265: 746d11721c4dcdbdad8f713fa42b33f4 -> 
  custom:video-decoder-ogg-theora: a1e56fd34408186e4bbccfd4996cb3dc -> 
  custom:framework-win-MediaFoundation: 216162199b28c13a410421893ffa2e32 -> 
  custom:scripting/monoscript/fileName/UnityEngine_TimeWrap.cs: 5e744018ad83dc4e6b5341356b280ff7 -> 
  custom:scripting/monoscript/fileName/UnityEngine_AnimationClipWrap.cs: 77a92debc688d37d0c76ed29e7849dc6 -> 
  custom:scripting/monoscript/fileName/UnityEngine_MonoBehaviourWrap.cs: 04d351bf9d6db68acd2847f2651b2d6b -> 
  custom:scripting/monoscript/fileName/UnityEngine_MathfWrap.cs: 333033f071a58c53b030860e1dc36f4e -> 
  custom:scripting/monoscript/fileName/UnityEngine_ResourcesWrap.cs: 698ab99237a4262ce7f88356cded464a -> 
  custom:CustomObjectIndexerAttribute: 9a22284fe3817be447336de3de66b15e -> 
  custom:container-demuxer-webm: 4f35f7cbe854078d1ac9338744f61a02 -> 
  custom:scripting/monoscript/fileName/UnityEngine_ParticleSystemWrap.cs: eee33c4ac5a2b762ef5a90683fe90f0f -> 
  custom:scripting/monoscript/fileName/UnityEngine_BoundsWrap.cs: 3dd26eeb95bac2de8ce2da585d995261 -> 
  custom:scripting/monoscript/fileName/UnityEngine_KeyframeWrap.cs: f022c20884bfebd1cdba5d0a32b69287 -> 
  custom:container-muxer-webm: aa71ff27fc2769a1b78a27578f13a17b -> 
  custom:video-decoder-webm-vp8: 9c59270c3fd7afecdb556c50c9e8de78 -> 
  custom:scripting/monoscript/fileName/System_Collections_Generic_List_1_System_Int32_Wrap.cs: 0d81f6d3ce2afe6f735fa61fb6f44318 -> 
  custom:SearchIndexIgnoredProperties: e643bd26f0fe6173181afceb89e7c659 -> 
  custom:scripting/monoscript/fileName/UnityEngine_ColorWrap.cs: a2199b901d8d68ac06d36f834d48f0de -> 
  custom:AudioImporter_EditorPlatform: d09bf68614088b80899f8185d706f6e7 -> 
  custom:scripting/monoscript/fileName/UnityEngine_Ray2DWrap.cs: 3948513cbdb210ff5fa49a4b2880e106 -> 
  custom:scripting/monoscript/fileName/UnityEngine_ComponentWrap.cs: 3c3e0b9fedb2878f9f3fac771839136b -> 
  custom:scripting/monoscript/fileName/System_ObjectWrap.cs: 9fb5e5ed9e38c23dad1e0232edf0373b -> 
  custom:scripting/monoscript/fileName/UnityEngine_QuaternionWrap.cs: 2be38f3d0f8715c9babd38533b7cc2f6 -> 
  custom:scripting/monoscript/fileName/ExampleGenConfig.cs: 2d21554d83bd53efca28765b954d65c7 -> 
  custom:scripting/monoscript/fileName/UnityEngine_AnimationCurveWrap.cs: a1b4a7dab75f49fff03082ff025e4e5e -> 
  custom:scripting/monoscript/fileName/UnityEngine_LightWrap.cs: afdccdb78964e15816bd84ff574e1d72 -> 
  custom:scripting/monoscript/fileName/System_Collections_IEnumeratorBridge.cs: a6b8b2b6997973169c6bebc4e00197c3 -> 
  custom:video-encoder-webm-vp8: eb34c28f22e8b96e1ab97ce403110664 -> 
  custom:scripting/monoscript/fileName/UnityEngine_Vector2Wrap.cs: d8bd11c5df83747314d76d2e1152a25a -> 
  custom:audio-decoder-ogg-vorbis: bf7c407c2cedff20999df2af8eb42d56 -> 
  custom:scripting/monoscript/fileName/UnityEngine_GameObjectWrap.cs: 499beb086fe32ba82bd6b30d04f108ea -> 
  custom:scripting/monoscript/fileName/UnityEngine_DebugWrap.cs: 2a23054f13a8c643d838dbc57d787e1a -> 
  custom:scripting/monoscript/fileName/UnityEngine_SkinnedMeshRendererWrap.cs: e6c3bb62aa80867a3afe5dcbb6224761 -> 
  custom:scripting/monoscript/fileName/UnityEngine_TextAssetWrap.cs: 96eae3d139831963806db363328bfefe -> 
  custom:scripting/monoscript/fileName/Hotfix.cs: 54d9f1ade52076024b3f1e4e7c41699b -> 
  custom:scripting/monoscript/fileName/UnityEngine_TransformWrap.cs: 50d916bbc9cc3aa204547c1dbcf1b841 -> 
  custom:scripting/monoscript/fileName/UnityEngine_RendererWrap.cs: e28d66316639c5d4634a4f4176885c0f -> 
  custom:audio-encoder-webm-vorbis: bf7c407c2cedff20999df2af8eb42d56 -> 
  custom:scripting/monoscript/fileName/UnityEngine_Vector4Wrap.cs: e876ed87f63c3dc401e686c851325f69 -> 
  custom:scripting/precompiled-assembly-types:Assembly-CSharp-Editor: a8074916e553e097405b5991a4cb4578 -> 6325889ca3d690caac56de41d2536aa9
  custom:scripting/monoscript/fileName/UnityEngine_ObjectWrap.cs: d239f04268fb712161f840d533347443 -> 
  custom:scripting/precompiled-assembly-types:Assembly-CSharp: b6f6826115f6ce21e7ac599e249680bb -> e72714bde2f0db21cfc2a265dc5c1124
========================================================================
Received Prepare
Caller must complete domain reload
Begin MonoManager ReloadAssembly
- Loaded All Assemblies, in  0.958 seconds
Native extension for WindowsStandalone target not found
Native extension for WebGL target not found
Mono: successfully reloaded assembly
- Finished resetting the current domain, in  2.082 seconds
Domain Reload Profiling: 3028ms
	BeginReloadAssembly (299ms)
		ExecutionOrderSort (0ms)
		DisableScriptedObjects (16ms)
		BackupInstance (0ms)
		ReleaseScriptingObjects (0ms)
		CreateAndSetChildDomain (53ms)
	RebuildCommonClasses (65ms)
	RebuildNativeTypeToScriptingClass (25ms)
	initialDomainReloadingComplete (75ms)
	LoadAllAssembliesAndSetupDomain (480ms)
		LoadAssemblies (619ms)
		RebuildTransferFunctionScriptingTraits (0ms)
		AnalyzeDomain (28ms)
			TypeCache.Refresh (12ms)
				TypeCache.ScanAssembly (0ms)
			ScanForSourceGeneratedMonoScriptInfo (0ms)
			ResolveRequiredComponents (11ms)
	FinalizeReload (2084ms)
		ReleaseScriptCaches (0ms)
		RebuildScriptCaches (0ms)
		SetupLoadedEditorAssemblies (868ms)
			LogAssemblyErrors (0ms)
			InitializePlatformSupportModulesInManaged (19ms)
			SetLoadedEditorAssemblies (9ms)
			RefreshPlugins (0ms)
			BeforeProcessingInitializeOnLoad (139ms)
			ProcessInitializeOnLoadAttributes (627ms)
			ProcessInitializeOnLoadMethodAttributes (48ms)
			AfterProcessingInitializeOnLoad (27ms)
			EditorAssembliesLoaded (0ms)
		ExecutionOrderSort2 (0ms)
		AwakeInstancesAfterBackupRestoration (19ms)
Refreshing native plugins compatible for Editor in 24.51 ms, found 4 plugins.
Preloading 0 native plugins for Editor in 0.00 ms.
Unloading 3282 Unused Serialized files (Serialized files now loaded: 0)
Unloading 16 unused Assets / (28.6 KB). Loaded Objects now: 3976.
Memory consumption went from 126.8 MB to 126.8 MB.
Total: 4.958400 ms (FindLiveObjects: 0.429800 ms CreateObjectMapping: 0.344400 ms MarkObjects: 4.083800 ms  DeleteObjects: 0.098800 ms)

Prepare: number of updated asset objects reloaded= 0
AssetImportParameters requested are different than current active one (requested -> active):
  custom:scripting/monoscript/fileName/UnityEngine_BehaviourWrap.cs: 07f04650a03b829841e9fab9d7740454 -> 
  custom:container-demuxer-ogg: 62fdf1f143b41e24485cea50d1cbac27 -> 
  custom:scripting/monoscript/fileName/UnityEngine_Vector3Wrap.cs: 63f465b9380555daafea25b4176adba5 -> 
  custom:scripting/monoscript/fileName/UnityEngine_RayWrap.cs: 0b84fbe6cabdb1173feb41e835ef3a40 -> 
  custom:video-codec-MediaFoundation-h265: 746d11721c4dcdbdad8f713fa42b33f4 -> 
  custom:video-decoder-ogg-theora: a1e56fd34408186e4bbccfd4996cb3dc -> 
  custom:framework-win-MediaFoundation: 216162199b28c13a410421893ffa2e32 -> 
  custom:scripting/monoscript/fileName/UnityEngine_TimeWrap.cs: 5e744018ad83dc4e6b5341356b280ff7 -> 
  custom:scripting/monoscript/fileName/UnityEngine_AnimationClipWrap.cs: 77a92debc688d37d0c76ed29e7849dc6 -> 
  custom:scripting/monoscript/fileName/UnityEngine_MonoBehaviourWrap.cs: 04d351bf9d6db68acd2847f2651b2d6b -> 
  custom:scripting/monoscript/fileName/UnityEngine_MathfWrap.cs: 333033f071a58c53b030860e1dc36f4e -> 
  custom:scripting/monoscript/fileName/UnityEngine_ResourcesWrap.cs: 698ab99237a4262ce7f88356cded464a -> 
  custom:CustomObjectIndexerAttribute: 9a22284fe3817be447336de3de66b15e -> 
  custom:container-demuxer-webm: 4f35f7cbe854078d1ac9338744f61a02 -> 
  custom:scripting/monoscript/fileName/UnityEngine_ParticleSystemWrap.cs: eee33c4ac5a2b762ef5a90683fe90f0f -> 
  custom:scripting/monoscript/fileName/UnityEngine_BoundsWrap.cs: 3dd26eeb95bac2de8ce2da585d995261 -> 
  custom:scripting/monoscript/fileName/UnityEngine_KeyframeWrap.cs: f022c20884bfebd1cdba5d0a32b69287 -> 
  custom:container-muxer-webm: aa71ff27fc2769a1b78a27578f13a17b -> 
  custom:video-decoder-webm-vp8: 9c59270c3fd7afecdb556c50c9e8de78 -> 
  custom:scripting/monoscript/fileName/System_Collections_Generic_List_1_System_Int32_Wrap.cs: 0d81f6d3ce2afe6f735fa61fb6f44318 -> 
  custom:SearchIndexIgnoredProperties: e643bd26f0fe6173181afceb89e7c659 -> 
  custom:scripting/monoscript/fileName/UnityEngine_ColorWrap.cs: a2199b901d8d68ac06d36f834d48f0de -> 
  custom:AudioImporter_EditorPlatform: d09bf68614088b80899f8185d706f6e7 -> 
  custom:scripting/monoscript/fileName/UnityEngine_Ray2DWrap.cs: 3948513cbdb210ff5fa49a4b2880e106 -> 
  custom:scripting/monoscript/fileName/UnityEngine_ComponentWrap.cs: 3c3e0b9fedb2878f9f3fac771839136b -> 
  custom:scripting/monoscript/fileName/System_ObjectWrap.cs: 9fb5e5ed9e38c23dad1e0232edf0373b -> 
  custom:scripting/monoscript/fileName/UnityEngine_QuaternionWrap.cs: 2be38f3d0f8715c9babd38533b7cc2f6 -> 
  custom:scripting/monoscript/fileName/ExampleGenConfig.cs: 2d21554d83bd53efca28765b954d65c7 -> 
  custom:scripting/monoscript/fileName/UnityEngine_AnimationCurveWrap.cs: a1b4a7dab75f49fff03082ff025e4e5e -> 
  custom:scripting/monoscript/fileName/UnityEngine_LightWrap.cs: afdccdb78964e15816bd84ff574e1d72 -> 
  custom:scripting/monoscript/fileName/System_Collections_IEnumeratorBridge.cs: a6b8b2b6997973169c6bebc4e00197c3 -> 
  custom:video-encoder-webm-vp8: eb34c28f22e8b96e1ab97ce403110664 -> 
  custom:scripting/monoscript/fileName/UnityEngine_Vector2Wrap.cs: d8bd11c5df83747314d76d2e1152a25a -> 
  custom:audio-decoder-ogg-vorbis: bf7c407c2cedff20999df2af8eb42d56 -> 
  custom:scripting/monoscript/fileName/UnityEngine_GameObjectWrap.cs: 499beb086fe32ba82bd6b30d04f108ea -> 
  custom:scripting/monoscript/fileName/UnityEngine_DebugWrap.cs: 2a23054f13a8c643d838dbc57d787e1a -> 
  custom:scripting/monoscript/fileName/UnityEngine_SkinnedMeshRendererWrap.cs: e6c3bb62aa80867a3afe5dcbb6224761 -> 
  custom:scripting/monoscript/fileName/UnityEngine_TextAssetWrap.cs: 96eae3d139831963806db363328bfefe -> 
  custom:scripting/monoscript/fileName/Hotfix.cs: 54d9f1ade52076024b3f1e4e7c41699b -> 
  custom:scripting/monoscript/fileName/UnityEngine_TransformWrap.cs: 50d916bbc9cc3aa204547c1dbcf1b841 -> 
  custom:scripting/monoscript/fileName/UnityEngine_RendererWrap.cs: e28d66316639c5d4634a4f4176885c0f -> 
  custom:audio-encoder-webm-vorbis: bf7c407c2cedff20999df2af8eb42d56 -> 
  custom:scripting/monoscript/fileName/UnityEngine_Vector4Wrap.cs: e876ed87f63c3dc401e686c851325f69 -> 
  custom:scripting/precompiled-assembly-types:Assembly-CSharp-Editor: a8074916e553e097405b5991a4cb4578 -> 6325889ca3d690caac56de41d2536aa9
  custom:scripting/monoscript/fileName/UnityEngine_ObjectWrap.cs: d239f04268fb712161f840d533347443 -> 
  custom:scripting/precompiled-assembly-types:Assembly-CSharp: b6f6826115f6ce21e7ac599e249680bb -> e72714bde2f0db21cfc2a265dc5c1124
========================================================================
Received Import Request.
  Time since last request: 874.764825 seconds.
  path: Assets/ABRes/Prefabs/UI/SettingPanel.prefab
  artifactKey: Guid(106595140857b554f81844c34b1b0207) Importer(815301076,1909f56bfc062723c751e8b465ee728b)
Start importing Assets/ABRes/Prefabs/UI/SettingPanel.prefab using Guid(106595140857b554f81844c34b1b0207) Importer(815301076,1909f56bfc062723c751e8b465ee728b) [PhysX] Initialized MultithreadedTaskDispatcher with 12 workers.
 -> (artifact id: '1413bd440dcdcb62e83e96aa7c8ae0b1') in 0.837008 seconds
Number of updated asset objects reloaded before import = 0
Number of asset objects unloaded after import = 183
========================================================================
Received Prepare
Caller must complete domain reload
Begin MonoManager ReloadAssembly
- Loaded All Assemblies, in  0.972 seconds
Native extension for WindowsStandalone target not found
Native extension for WebGL target not found
Mono: successfully reloaded assembly
- Finished resetting the current domain, in  2.183 seconds
Domain Reload Profiling: 3142ms
	BeginReloadAssembly (299ms)
		ExecutionOrderSort (0ms)
		DisableScriptedObjects (10ms)
		BackupInstance (0ms)
		ReleaseScriptingObjects (0ms)
		CreateAndSetChildDomain (53ms)
	RebuildCommonClasses (71ms)
	RebuildNativeTypeToScriptingClass (23ms)
	initialDomainReloadingComplete (78ms)
	LoadAllAssembliesAndSetupDomain (486ms)
		LoadAssemblies (638ms)
		RebuildTransferFunctionScriptingTraits (0ms)
		AnalyzeDomain (27ms)
			TypeCache.Refresh (12ms)
				TypeCache.ScanAssembly (0ms)
			ScanForSourceGeneratedMonoScriptInfo (0ms)
			ResolveRequiredComponents (12ms)
	FinalizeReload (2184ms)
		ReleaseScriptCaches (0ms)
		RebuildScriptCaches (0ms)
		SetupLoadedEditorAssemblies (884ms)
			LogAssemblyErrors (0ms)
			InitializePlatformSupportModulesInManaged (17ms)
			SetLoadedEditorAssemblies (9ms)
			RefreshPlugins (0ms)
			BeforeProcessingInitializeOnLoad (147ms)
			ProcessInitializeOnLoadAttributes (627ms)
			ProcessInitializeOnLoadMethodAttributes (56ms)
			AfterProcessingInitializeOnLoad (28ms)
			EditorAssembliesLoaded (0ms)
		ExecutionOrderSort2 (0ms)
		AwakeInstancesAfterBackupRestoration (20ms)
Refreshing native plugins compatible for Editor in 22.43 ms, found 4 plugins.
Preloading 0 native plugins for Editor in 0.00 ms.
Unloading 3281 Unused Serialized files (Serialized files now loaded: 0)
Unloading 21 unused Assets / (31.8 KB). Loaded Objects now: 3979.
Memory consumption went from 126.6 MB to 126.5 MB.
Total: 9.606100 ms (FindLiveObjects: 0.495100 ms CreateObjectMapping: 0.369800 ms MarkObjects: 8.619400 ms  DeleteObjects: 0.119800 ms)

Prepare: number of updated asset objects reloaded= 0
AssetImportParameters requested are different than current active one (requested -> active):
  custom:scripting/monoscript/fileName/UnityEngine_BehaviourWrap.cs: 07f04650a03b829841e9fab9d7740454 -> 
  custom:container-demuxer-ogg: 62fdf1f143b41e24485cea50d1cbac27 -> 
  custom:scripting/monoscript/fileName/UnityEngine_Vector3Wrap.cs: 63f465b9380555daafea25b4176adba5 -> 
  custom:scripting/monoscript/fileName/UnityEngine_RayWrap.cs: 0b84fbe6cabdb1173feb41e835ef3a40 -> 
  custom:video-codec-MediaFoundation-h265: 746d11721c4dcdbdad8f713fa42b33f4 -> 
  custom:video-decoder-ogg-theora: a1e56fd34408186e4bbccfd4996cb3dc -> 
  custom:framework-win-MediaFoundation: 216162199b28c13a410421893ffa2e32 -> 
  custom:scripting/monoscript/fileName/UnityEngine_TimeWrap.cs: 5e744018ad83dc4e6b5341356b280ff7 -> 
  custom:scripting/monoscript/fileName/UnityEngine_AnimationClipWrap.cs: 77a92debc688d37d0c76ed29e7849dc6 -> 
  custom:scripting/monoscript/fileName/UnityEngine_MonoBehaviourWrap.cs: 04d351bf9d6db68acd2847f2651b2d6b -> 
  custom:scripting/monoscript/fileName/UnityEngine_MathfWrap.cs: 333033f071a58c53b030860e1dc36f4e -> 
  custom:scripting/monoscript/fileName/UnityEngine_ResourcesWrap.cs: 698ab99237a4262ce7f88356cded464a -> 
  custom:CustomObjectIndexerAttribute: 9a22284fe3817be447336de3de66b15e -> 
  custom:container-demuxer-webm: 4f35f7cbe854078d1ac9338744f61a02 -> 
  custom:scripting/monoscript/fileName/UnityEngine_ParticleSystemWrap.cs: eee33c4ac5a2b762ef5a90683fe90f0f -> 
  custom:scripting/monoscript/fileName/UnityEngine_BoundsWrap.cs: 3dd26eeb95bac2de8ce2da585d995261 -> 
  custom:scripting/monoscript/fileName/UnityEngine_KeyframeWrap.cs: f022c20884bfebd1cdba5d0a32b69287 -> 
  custom:container-muxer-webm: aa71ff27fc2769a1b78a27578f13a17b -> 
  custom:video-decoder-webm-vp8: 9c59270c3fd7afecdb556c50c9e8de78 -> 
  custom:scripting/monoscript/fileName/System_Collections_Generic_List_1_System_Int32_Wrap.cs: 0d81f6d3ce2afe6f735fa61fb6f44318 -> 
  custom:SearchIndexIgnoredProperties: e643bd26f0fe6173181afceb89e7c659 -> 
  custom:scripting/monoscript/fileName/UnityEngine_ColorWrap.cs: a2199b901d8d68ac06d36f834d48f0de -> 
  custom:AudioImporter_EditorPlatform: d09bf68614088b80899f8185d706f6e7 -> 
  custom:scripting/monoscript/fileName/UnityEngine_Ray2DWrap.cs: 3948513cbdb210ff5fa49a4b2880e106 -> 
  custom:scripting/monoscript/fileName/UnityEngine_ComponentWrap.cs: 3c3e0b9fedb2878f9f3fac771839136b -> 
  custom:scripting/monoscript/fileName/System_ObjectWrap.cs: 9fb5e5ed9e38c23dad1e0232edf0373b -> 
  custom:scripting/monoscript/fileName/UnityEngine_QuaternionWrap.cs: 2be38f3d0f8715c9babd38533b7cc2f6 -> 
  custom:scripting/monoscript/fileName/ExampleGenConfig.cs: 2d21554d83bd53efca28765b954d65c7 -> 
  custom:scripting/monoscript/fileName/UnityEngine_AnimationCurveWrap.cs: a1b4a7dab75f49fff03082ff025e4e5e -> 
  custom:scripting/monoscript/fileName/UnityEngine_LightWrap.cs: afdccdb78964e15816bd84ff574e1d72 -> 
  custom:scripting/monoscript/fileName/System_Collections_IEnumeratorBridge.cs: a6b8b2b6997973169c6bebc4e00197c3 -> 
  custom:video-encoder-webm-vp8: eb34c28f22e8b96e1ab97ce403110664 -> 
  custom:scripting/monoscript/fileName/UnityEngine_Vector2Wrap.cs: d8bd11c5df83747314d76d2e1152a25a -> 
  custom:audio-decoder-ogg-vorbis: bf7c407c2cedff20999df2af8eb42d56 -> 
  custom:scripting/monoscript/fileName/UnityEngine_GameObjectWrap.cs: 499beb086fe32ba82bd6b30d04f108ea -> 
  custom:scripting/monoscript/fileName/UnityEngine_DebugWrap.cs: 2a23054f13a8c643d838dbc57d787e1a -> 
  custom:scripting/monoscript/fileName/UnityEngine_SkinnedMeshRendererWrap.cs: e6c3bb62aa80867a3afe5dcbb6224761 -> 
  custom:scripting/monoscript/fileName/UnityEngine_TextAssetWrap.cs: 96eae3d139831963806db363328bfefe -> 
  custom:scripting/monoscript/fileName/Hotfix.cs: 54d9f1ade52076024b3f1e4e7c41699b -> 
  custom:scripting/monoscript/fileName/UnityEngine_TransformWrap.cs: 50d916bbc9cc3aa204547c1dbcf1b841 -> 
  custom:scripting/monoscript/fileName/UnityEngine_RendererWrap.cs: e28d66316639c5d4634a4f4176885c0f -> 
  custom:audio-encoder-webm-vorbis: bf7c407c2cedff20999df2af8eb42d56 -> 
  custom:scripting/monoscript/fileName/UnityEngine_Vector4Wrap.cs: e876ed87f63c3dc401e686c851325f69 -> 
  custom:scripting/precompiled-assembly-types:Assembly-CSharp-Editor: a8074916e553e097405b5991a4cb4578 -> 6325889ca3d690caac56de41d2536aa9
  custom:scripting/monoscript/fileName/UnityEngine_ObjectWrap.cs: d239f04268fb712161f840d533347443 -> 
  custom:scripting/precompiled-assembly-types:Assembly-CSharp: b6f6826115f6ce21e7ac599e249680bb -> e72714bde2f0db21cfc2a265dc5c1124
========================================================================
Received Prepare
Caller must complete domain reload
Begin MonoManager ReloadAssembly
- Loaded All Assemblies, in  1.007 seconds
Native extension for WindowsStandalone target not found
Native extension for WebGL target not found
Mono: successfully reloaded assembly
- Finished resetting the current domain, in  2.229 seconds
Domain Reload Profiling: 3223ms
	BeginReloadAssembly (309ms)
		ExecutionOrderSort (0ms)
		DisableScriptedObjects (10ms)
		BackupInstance (0ms)
		ReleaseScriptingObjects (0ms)
		CreateAndSetChildDomain (58ms)
	RebuildCommonClasses (78ms)
	RebuildNativeTypeToScriptingClass (30ms)
	initialDomainReloadingComplete (80ms)
	LoadAllAssembliesAndSetupDomain (495ms)
		LoadAssemblies (650ms)
		RebuildTransferFunctionScriptingTraits (0ms)
		AnalyzeDomain (26ms)
			TypeCache.Refresh (10ms)
				TypeCache.ScanAssembly (0ms)
			ScanForSourceGeneratedMonoScriptInfo (0ms)
			ResolveRequiredComponents (10ms)
	FinalizeReload (2230ms)
		ReleaseScriptCaches (0ms)
		RebuildScriptCaches (0ms)
		SetupLoadedEditorAssemblies (893ms)
			LogAssemblyErrors (0ms)
			InitializePlatformSupportModulesInManaged (20ms)
			SetLoadedEditorAssemblies (7ms)
			RefreshPlugins (0ms)
			BeforeProcessingInitializeOnLoad (142ms)
			ProcessInitializeOnLoadAttributes (636ms)
			ProcessInitializeOnLoadMethodAttributes (58ms)
			AfterProcessingInitializeOnLoad (29ms)
			EditorAssembliesLoaded (0ms)
		ExecutionOrderSort2 (0ms)
		AwakeInstancesAfterBackupRestoration (23ms)
Refreshing native plugins compatible for Editor in 25.18 ms, found 4 plugins.
Preloading 0 native plugins for Editor in 0.00 ms.
Unloading 3282 Unused Serialized files (Serialized files now loaded: 0)
Unloading 16 unused Assets / (28.6 KB). Loaded Objects now: 3982.
Memory consumption went from 126.8 MB to 126.8 MB.
Total: 5.849700 ms (FindLiveObjects: 0.430000 ms CreateObjectMapping: 0.359000 ms MarkObjects: 4.982000 ms  DeleteObjects: 0.076900 ms)

Prepare: number of updated asset objects reloaded= 0
AssetImportParameters requested are different than current active one (requested -> active):
  custom:scripting/monoscript/fileName/UnityEngine_BehaviourWrap.cs: 07f04650a03b829841e9fab9d7740454 -> 
  custom:container-demuxer-ogg: 62fdf1f143b41e24485cea50d1cbac27 -> 
  custom:scripting/monoscript/fileName/UnityEngine_Vector3Wrap.cs: 63f465b9380555daafea25b4176adba5 -> 
  custom:scripting/monoscript/fileName/UnityEngine_RayWrap.cs: 0b84fbe6cabdb1173feb41e835ef3a40 -> 
  custom:video-codec-MediaFoundation-h265: 746d11721c4dcdbdad8f713fa42b33f4 -> 
  custom:video-decoder-ogg-theora: a1e56fd34408186e4bbccfd4996cb3dc -> 
  custom:framework-win-MediaFoundation: 216162199b28c13a410421893ffa2e32 -> 
  custom:scripting/monoscript/fileName/UnityEngine_TimeWrap.cs: 5e744018ad83dc4e6b5341356b280ff7 -> 
  custom:scripting/monoscript/fileName/UnityEngine_AnimationClipWrap.cs: 77a92debc688d37d0c76ed29e7849dc6 -> 
  custom:scripting/monoscript/fileName/UnityEngine_MonoBehaviourWrap.cs: 04d351bf9d6db68acd2847f2651b2d6b -> 
  custom:scripting/monoscript/fileName/UnityEngine_MathfWrap.cs: 333033f071a58c53b030860e1dc36f4e -> 
  custom:scripting/monoscript/fileName/UnityEngine_ResourcesWrap.cs: 698ab99237a4262ce7f88356cded464a -> 
  custom:CustomObjectIndexerAttribute: 9a22284fe3817be447336de3de66b15e -> 
  custom:container-demuxer-webm: 4f35f7cbe854078d1ac9338744f61a02 -> 
  custom:scripting/monoscript/fileName/UnityEngine_ParticleSystemWrap.cs: eee33c4ac5a2b762ef5a90683fe90f0f -> 
  custom:scripting/monoscript/fileName/UnityEngine_BoundsWrap.cs: 3dd26eeb95bac2de8ce2da585d995261 -> 
  custom:scripting/monoscript/fileName/UnityEngine_KeyframeWrap.cs: f022c20884bfebd1cdba5d0a32b69287 -> 
  custom:container-muxer-webm: aa71ff27fc2769a1b78a27578f13a17b -> 
  custom:video-decoder-webm-vp8: 9c59270c3fd7afecdb556c50c9e8de78 -> 
  custom:scripting/monoscript/fileName/System_Collections_Generic_List_1_System_Int32_Wrap.cs: 0d81f6d3ce2afe6f735fa61fb6f44318 -> 
  custom:SearchIndexIgnoredProperties: e643bd26f0fe6173181afceb89e7c659 -> 
  custom:scripting/monoscript/fileName/UnityEngine_ColorWrap.cs: a2199b901d8d68ac06d36f834d48f0de -> 
  custom:AudioImporter_EditorPlatform: d09bf68614088b80899f8185d706f6e7 -> 
  custom:scripting/monoscript/fileName/UnityEngine_Ray2DWrap.cs: 3948513cbdb210ff5fa49a4b2880e106 -> 
  custom:scripting/monoscript/fileName/UnityEngine_ComponentWrap.cs: 3c3e0b9fedb2878f9f3fac771839136b -> 
  custom:scripting/monoscript/fileName/System_ObjectWrap.cs: 9fb5e5ed9e38c23dad1e0232edf0373b -> 
  custom:scripting/monoscript/fileName/UnityEngine_QuaternionWrap.cs: 2be38f3d0f8715c9babd38533b7cc2f6 -> 
  custom:scripting/monoscript/fileName/ExampleGenConfig.cs: 2d21554d83bd53efca28765b954d65c7 -> 
  custom:scripting/monoscript/fileName/UnityEngine_AnimationCurveWrap.cs: a1b4a7dab75f49fff03082ff025e4e5e -> 
  custom:scripting/monoscript/fileName/UnityEngine_LightWrap.cs: afdccdb78964e15816bd84ff574e1d72 -> 
  custom:scripting/monoscript/fileName/System_Collections_IEnumeratorBridge.cs: a6b8b2b6997973169c6bebc4e00197c3 -> 
  custom:video-encoder-webm-vp8: eb34c28f22e8b96e1ab97ce403110664 -> 
  custom:scripting/monoscript/fileName/UnityEngine_Vector2Wrap.cs: d8bd11c5df83747314d76d2e1152a25a -> 
  custom:audio-decoder-ogg-vorbis: bf7c407c2cedff20999df2af8eb42d56 -> 
  custom:scripting/monoscript/fileName/UnityEngine_GameObjectWrap.cs: 499beb086fe32ba82bd6b30d04f108ea -> 
  custom:scripting/monoscript/fileName/UnityEngine_DebugWrap.cs: 2a23054f13a8c643d838dbc57d787e1a -> 
  custom:scripting/monoscript/fileName/UnityEngine_SkinnedMeshRendererWrap.cs: e6c3bb62aa80867a3afe5dcbb6224761 -> 
  custom:scripting/monoscript/fileName/UnityEngine_TextAssetWrap.cs: 96eae3d139831963806db363328bfefe -> 
  custom:scripting/monoscript/fileName/Hotfix.cs: 54d9f1ade52076024b3f1e4e7c41699b -> 
  custom:scripting/monoscript/fileName/UnityEngine_TransformWrap.cs: 50d916bbc9cc3aa204547c1dbcf1b841 -> 
  custom:scripting/monoscript/fileName/UnityEngine_RendererWrap.cs: e28d66316639c5d4634a4f4176885c0f -> 
  custom:audio-encoder-webm-vorbis: bf7c407c2cedff20999df2af8eb42d56 -> 
  custom:scripting/monoscript/fileName/UnityEngine_Vector4Wrap.cs: e876ed87f63c3dc401e686c851325f69 -> 
  custom:scripting/precompiled-assembly-types:Assembly-CSharp-Editor: a8074916e553e097405b5991a4cb4578 -> 6325889ca3d690caac56de41d2536aa9
  custom:scripting/monoscript/fileName/UnityEngine_ObjectWrap.cs: d239f04268fb712161f840d533347443 -> 
  custom:scripting/precompiled-assembly-types:Assembly-CSharp: b6f6826115f6ce21e7ac599e249680bb -> e72714bde2f0db21cfc2a265dc5c1124
========================================================================
Received Import Request.
  Time since last request: 589.206774 seconds.
  path: Assets/ABRes/Prefabs/UI/SettingPanel.prefab
  artifactKey: Guid(106595140857b554f81844c34b1b0207) Importer(815301076,1909f56bfc062723c751e8b465ee728b)
Start importing Assets/ABRes/Prefabs/UI/SettingPanel.prefab using Guid(106595140857b554f81844c34b1b0207) Importer(815301076,1909f56bfc062723c751e8b465ee728b) [PhysX] Initialized MultithreadedTaskDispatcher with 12 workers.
 -> (artifact id: '9a927fad4f82c9663f4e3abb79cd8783') in 0.721961 seconds
Number of updated asset objects reloaded before import = 0
Number of asset objects unloaded after import = 183
========================================================================
Received Prepare
Caller must complete domain reload
Begin MonoManager ReloadAssembly
- Loaded All Assemblies, in  1.001 seconds
Native extension for WindowsStandalone target not found
Native extension for WebGL target not found
Mono: successfully reloaded assembly
- Finished resetting the current domain, in  2.098 seconds
Domain Reload Profiling: 3086ms
	BeginReloadAssembly (303ms)
		ExecutionOrderSort (0ms)
		DisableScriptedObjects (10ms)
		BackupInstance (0ms)
		ReleaseScriptingObjects (0ms)
		CreateAndSetChildDomain (60ms)
	RebuildCommonClasses (74ms)
	RebuildNativeTypeToScriptingClass (22ms)
	initialDomainReloadingComplete (75ms)
	LoadAllAssembliesAndSetupDomain (513ms)
		LoadAssemblies (654ms)
		RebuildTransferFunctionScriptingTraits (0ms)
		AnalyzeDomain (31ms)
			TypeCache.Refresh (11ms)
				TypeCache.ScanAssembly (0ms)
			ScanForSourceGeneratedMonoScriptInfo (0ms)
			ResolveRequiredComponents (13ms)
	FinalizeReload (2099ms)
		ReleaseScriptCaches (0ms)
		RebuildScriptCaches (0ms)
		SetupLoadedEditorAssemblies (863ms)
			LogAssemblyErrors (0ms)
			InitializePlatformSupportModulesInManaged (15ms)
			SetLoadedEditorAssemblies (10ms)
			RefreshPlugins (0ms)
			BeforeProcessingInitializeOnLoad (142ms)
			ProcessInitializeOnLoadAttributes (620ms)
			ProcessInitializeOnLoadMethodAttributes (50ms)
			AfterProcessingInitializeOnLoad (27ms)
			EditorAssembliesLoaded (0ms)
		ExecutionOrderSort2 (0ms)
		AwakeInstancesAfterBackupRestoration (16ms)
Refreshing native plugins compatible for Editor in 24.23 ms, found 4 plugins.
Preloading 0 native plugins for Editor in 0.00 ms.
Unloading 3281 Unused Serialized files (Serialized files now loaded: 0)
Unloading 21 unused Assets / (31.6 KB). Loaded Objects now: 3985.
Memory consumption went from 126.6 MB to 126.5 MB.
Total: 5.341300 ms (FindLiveObjects: 0.421800 ms CreateObjectMapping: 0.372500 ms MarkObjects: 4.424100 ms  DeleteObjects: 0.121000 ms)

Prepare: number of updated asset objects reloaded= 0
AssetImportParameters requested are different than current active one (requested -> active):
  custom:scripting/monoscript/fileName/UnityEngine_BehaviourWrap.cs: 07f04650a03b829841e9fab9d7740454 -> 
  custom:container-demuxer-ogg: 62fdf1f143b41e24485cea50d1cbac27 -> 
  custom:scripting/monoscript/fileName/UnityEngine_Vector3Wrap.cs: 63f465b9380555daafea25b4176adba5 -> 
  custom:scripting/monoscript/fileName/UnityEngine_RayWrap.cs: 0b84fbe6cabdb1173feb41e835ef3a40 -> 
  custom:video-codec-MediaFoundation-h265: 746d11721c4dcdbdad8f713fa42b33f4 -> 
  custom:video-decoder-ogg-theora: a1e56fd34408186e4bbccfd4996cb3dc -> 
  custom:framework-win-MediaFoundation: 216162199b28c13a410421893ffa2e32 -> 
  custom:scripting/monoscript/fileName/UnityEngine_TimeWrap.cs: 5e744018ad83dc4e6b5341356b280ff7 -> 
  custom:scripting/monoscript/fileName/UnityEngine_AnimationClipWrap.cs: 77a92debc688d37d0c76ed29e7849dc6 -> 
  custom:scripting/monoscript/fileName/UnityEngine_MonoBehaviourWrap.cs: 04d351bf9d6db68acd2847f2651b2d6b -> 
  custom:scripting/monoscript/fileName/UnityEngine_MathfWrap.cs: 333033f071a58c53b030860e1dc36f4e -> 
  custom:scripting/monoscript/fileName/UnityEngine_ResourcesWrap.cs: 698ab99237a4262ce7f88356cded464a -> 
  custom:CustomObjectIndexerAttribute: 9a22284fe3817be447336de3de66b15e -> 
  custom:container-demuxer-webm: 4f35f7cbe854078d1ac9338744f61a02 -> 
  custom:scripting/monoscript/fileName/UnityEngine_ParticleSystemWrap.cs: eee33c4ac5a2b762ef5a90683fe90f0f -> 
  custom:scripting/monoscript/fileName/UnityEngine_BoundsWrap.cs: 3dd26eeb95bac2de8ce2da585d995261 -> 
  custom:scripting/monoscript/fileName/UnityEngine_KeyframeWrap.cs: f022c20884bfebd1cdba5d0a32b69287 -> 
  custom:container-muxer-webm: aa71ff27fc2769a1b78a27578f13a17b -> 
  custom:video-decoder-webm-vp8: 9c59270c3fd7afecdb556c50c9e8de78 -> 
  custom:scripting/monoscript/fileName/System_Collections_Generic_List_1_System_Int32_Wrap.cs: 0d81f6d3ce2afe6f735fa61fb6f44318 -> 
  custom:SearchIndexIgnoredProperties: e643bd26f0fe6173181afceb89e7c659 -> 
  custom:scripting/monoscript/fileName/UnityEngine_ColorWrap.cs: a2199b901d8d68ac06d36f834d48f0de -> 
  custom:AudioImporter_EditorPlatform: d09bf68614088b80899f8185d706f6e7 -> 
  custom:scripting/monoscript/fileName/UnityEngine_Ray2DWrap.cs: 3948513cbdb210ff5fa49a4b2880e106 -> 
  custom:scripting/monoscript/fileName/UnityEngine_ComponentWrap.cs: 3c3e0b9fedb2878f9f3fac771839136b -> 
  custom:scripting/monoscript/fileName/System_ObjectWrap.cs: 9fb5e5ed9e38c23dad1e0232edf0373b -> 
  custom:scripting/monoscript/fileName/UnityEngine_QuaternionWrap.cs: 2be38f3d0f8715c9babd38533b7cc2f6 -> 
  custom:scripting/monoscript/fileName/ExampleGenConfig.cs: 2d21554d83bd53efca28765b954d65c7 -> 
  custom:scripting/monoscript/fileName/UnityEngine_AnimationCurveWrap.cs: a1b4a7dab75f49fff03082ff025e4e5e -> 
  custom:scripting/monoscript/fileName/UnityEngine_LightWrap.cs: afdccdb78964e15816bd84ff574e1d72 -> 
  custom:scripting/monoscript/fileName/System_Collections_IEnumeratorBridge.cs: a6b8b2b6997973169c6bebc4e00197c3 -> 
  custom:video-encoder-webm-vp8: eb34c28f22e8b96e1ab97ce403110664 -> 
  custom:scripting/monoscript/fileName/UnityEngine_Vector2Wrap.cs: d8bd11c5df83747314d76d2e1152a25a -> 
  custom:audio-decoder-ogg-vorbis: bf7c407c2cedff20999df2af8eb42d56 -> 
  custom:scripting/monoscript/fileName/UnityEngine_GameObjectWrap.cs: 499beb086fe32ba82bd6b30d04f108ea -> 
  custom:scripting/monoscript/fileName/UnityEngine_DebugWrap.cs: 2a23054f13a8c643d838dbc57d787e1a -> 
  custom:scripting/monoscript/fileName/UnityEngine_SkinnedMeshRendererWrap.cs: e6c3bb62aa80867a3afe5dcbb6224761 -> 
  custom:scripting/monoscript/fileName/UnityEngine_TextAssetWrap.cs: 96eae3d139831963806db363328bfefe -> 
  custom:scripting/monoscript/fileName/Hotfix.cs: 54d9f1ade52076024b3f1e4e7c41699b -> 
  custom:scripting/monoscript/fileName/UnityEngine_TransformWrap.cs: 50d916bbc9cc3aa204547c1dbcf1b841 -> 
  custom:scripting/monoscript/fileName/UnityEngine_RendererWrap.cs: e28d66316639c5d4634a4f4176885c0f -> 
  custom:audio-encoder-webm-vorbis: bf7c407c2cedff20999df2af8eb42d56 -> 
  custom:scripting/monoscript/fileName/UnityEngine_Vector4Wrap.cs: e876ed87f63c3dc401e686c851325f69 -> 
  custom:scripting/precompiled-assembly-types:Assembly-CSharp-Editor: a8074916e553e097405b5991a4cb4578 -> 6325889ca3d690caac56de41d2536aa9
  custom:scripting/monoscript/fileName/UnityEngine_ObjectWrap.cs: d239f04268fb712161f840d533347443 -> 
  custom:scripting/precompiled-assembly-types:Assembly-CSharp: b6f6826115f6ce21e7ac599e249680bb -> e72714bde2f0db21cfc2a265dc5c1124
========================================================================
Received Prepare
Caller must complete domain reload
Begin MonoManager ReloadAssembly
- Loaded All Assemblies, in  0.982 seconds
Native extension for WindowsStandalone target not found
Native extension for WebGL target not found
Mono: successfully reloaded assembly
- Finished resetting the current domain, in  2.168 seconds
Domain Reload Profiling: 3137ms
	BeginReloadAssembly (327ms)
		ExecutionOrderSort (0ms)
		DisableScriptedObjects (14ms)
		BackupInstance (0ms)
		ReleaseScriptingObjects (0ms)
		CreateAndSetChildDomain (61ms)
	RebuildCommonClasses (63ms)
	RebuildNativeTypeToScriptingClass (21ms)
	initialDomainReloadingComplete (76ms)
	LoadAllAssembliesAndSetupDomain (481ms)
		LoadAssemblies (639ms)
		RebuildTransferFunctionScriptingTraits (0ms)
		AnalyzeDomain (28ms)
			TypeCache.Refresh (11ms)
				TypeCache.ScanAssembly (0ms)
			ScanForSourceGeneratedMonoScriptInfo (0ms)
			ResolveRequiredComponents (11ms)
	FinalizeReload (2170ms)
		ReleaseScriptCaches (0ms)
		RebuildScriptCaches (0ms)
		SetupLoadedEditorAssemblies (891ms)
			LogAssemblyErrors (0ms)
			InitializePlatformSupportModulesInManaged (20ms)
			SetLoadedEditorAssemblies (7ms)
			RefreshPlugins (0ms)
			BeforeProcessingInitializeOnLoad (149ms)
			ProcessInitializeOnLoadAttributes (639ms)
			ProcessInitializeOnLoadMethodAttributes (49ms)
			AfterProcessingInitializeOnLoad (27ms)
			EditorAssembliesLoaded (0ms)
		ExecutionOrderSort2 (0ms)
		AwakeInstancesAfterBackupRestoration (23ms)
Refreshing native plugins compatible for Editor in 25.57 ms, found 4 plugins.
Preloading 0 native plugins for Editor in 0.00 ms.
Unloading 3282 Unused Serialized files (Serialized files now loaded: 0)
Unloading 16 unused Assets / (28.6 KB). Loaded Objects now: 3988.
Memory consumption went from 126.8 MB to 126.8 MB.
Total: 5.184100 ms (FindLiveObjects: 0.545200 ms CreateObjectMapping: 0.386200 ms MarkObjects: 4.165100 ms  DeleteObjects: 0.085200 ms)

Prepare: number of updated asset objects reloaded= 0
AssetImportParameters requested are different than current active one (requested -> active):
  custom:scripting/monoscript/fileName/UnityEngine_BehaviourWrap.cs: 07f04650a03b829841e9fab9d7740454 -> 
  custom:container-demuxer-ogg: 62fdf1f143b41e24485cea50d1cbac27 -> 
  custom:scripting/monoscript/fileName/UnityEngine_Vector3Wrap.cs: 63f465b9380555daafea25b4176adba5 -> 
  custom:scripting/monoscript/fileName/UnityEngine_RayWrap.cs: 0b84fbe6cabdb1173feb41e835ef3a40 -> 
  custom:video-codec-MediaFoundation-h265: 746d11721c4dcdbdad8f713fa42b33f4 -> 
  custom:video-decoder-ogg-theora: a1e56fd34408186e4bbccfd4996cb3dc -> 
  custom:framework-win-MediaFoundation: 216162199b28c13a410421893ffa2e32 -> 
  custom:scripting/monoscript/fileName/UnityEngine_TimeWrap.cs: 5e744018ad83dc4e6b5341356b280ff7 -> 
  custom:scripting/monoscript/fileName/UnityEngine_AnimationClipWrap.cs: 77a92debc688d37d0c76ed29e7849dc6 -> 
  custom:scripting/monoscript/fileName/UnityEngine_MonoBehaviourWrap.cs: 04d351bf9d6db68acd2847f2651b2d6b -> 
  custom:scripting/monoscript/fileName/UnityEngine_MathfWrap.cs: 333033f071a58c53b030860e1dc36f4e -> 
  custom:scripting/monoscript/fileName/UnityEngine_ResourcesWrap.cs: 698ab99237a4262ce7f88356cded464a -> 
  custom:CustomObjectIndexerAttribute: 9a22284fe3817be447336de3de66b15e -> 
  custom:container-demuxer-webm: 4f35f7cbe854078d1ac9338744f61a02 -> 
  custom:scripting/monoscript/fileName/UnityEngine_ParticleSystemWrap.cs: eee33c4ac5a2b762ef5a90683fe90f0f -> 
  custom:scripting/monoscript/fileName/UnityEngine_BoundsWrap.cs: 3dd26eeb95bac2de8ce2da585d995261 -> 
  custom:scripting/monoscript/fileName/UnityEngine_KeyframeWrap.cs: f022c20884bfebd1cdba5d0a32b69287 -> 
  custom:container-muxer-webm: aa71ff27fc2769a1b78a27578f13a17b -> 
  custom:video-decoder-webm-vp8: 9c59270c3fd7afecdb556c50c9e8de78 -> 
  custom:scripting/monoscript/fileName/System_Collections_Generic_List_1_System_Int32_Wrap.cs: 0d81f6d3ce2afe6f735fa61fb6f44318 -> 
  custom:SearchIndexIgnoredProperties: e643bd26f0fe6173181afceb89e7c659 -> 
  custom:scripting/monoscript/fileName/UnityEngine_ColorWrap.cs: a2199b901d8d68ac06d36f834d48f0de -> 
  custom:AudioImporter_EditorPlatform: d09bf68614088b80899f8185d706f6e7 -> 
  custom:scripting/monoscript/fileName/UnityEngine_Ray2DWrap.cs: 3948513cbdb210ff5fa49a4b2880e106 -> 
  custom:scripting/monoscript/fileName/UnityEngine_ComponentWrap.cs: 3c3e0b9fedb2878f9f3fac771839136b -> 
  custom:scripting/monoscript/fileName/System_ObjectWrap.cs: 9fb5e5ed9e38c23dad1e0232edf0373b -> 
  custom:scripting/monoscript/fileName/UnityEngine_QuaternionWrap.cs: 2be38f3d0f8715c9babd38533b7cc2f6 -> 
  custom:scripting/monoscript/fileName/ExampleGenConfig.cs: 2d21554d83bd53efca28765b954d65c7 -> 
  custom:scripting/monoscript/fileName/UnityEngine_AnimationCurveWrap.cs: a1b4a7dab75f49fff03082ff025e4e5e -> 
  custom:scripting/monoscript/fileName/UnityEngine_LightWrap.cs: afdccdb78964e15816bd84ff574e1d72 -> 
  custom:scripting/monoscript/fileName/System_Collections_IEnumeratorBridge.cs: a6b8b2b6997973169c6bebc4e00197c3 -> 
  custom:video-encoder-webm-vp8: eb34c28f22e8b96e1ab97ce403110664 -> 
  custom:scripting/monoscript/fileName/UnityEngine_Vector2Wrap.cs: d8bd11c5df83747314d76d2e1152a25a -> 
  custom:audio-decoder-ogg-vorbis: bf7c407c2cedff20999df2af8eb42d56 -> 
  custom:scripting/monoscript/fileName/UnityEngine_GameObjectWrap.cs: 499beb086fe32ba82bd6b30d04f108ea -> 
  custom:scripting/monoscript/fileName/UnityEngine_DebugWrap.cs: 2a23054f13a8c643d838dbc57d787e1a -> 
  custom:scripting/monoscript/fileName/UnityEngine_SkinnedMeshRendererWrap.cs: e6c3bb62aa80867a3afe5dcbb6224761 -> 
  custom:scripting/monoscript/fileName/UnityEngine_TextAssetWrap.cs: 96eae3d139831963806db363328bfefe -> 
  custom:scripting/monoscript/fileName/Hotfix.cs: 54d9f1ade52076024b3f1e4e7c41699b -> 
  custom:scripting/monoscript/fileName/UnityEngine_TransformWrap.cs: 50d916bbc9cc3aa204547c1dbcf1b841 -> 
  custom:scripting/monoscript/fileName/UnityEngine_RendererWrap.cs: e28d66316639c5d4634a4f4176885c0f -> 
  custom:audio-encoder-webm-vorbis: bf7c407c2cedff20999df2af8eb42d56 -> 
  custom:scripting/monoscript/fileName/UnityEngine_Vector4Wrap.cs: e876ed87f63c3dc401e686c851325f69 -> 
  custom:scripting/precompiled-assembly-types:Assembly-CSharp-Editor: a8074916e553e097405b5991a4cb4578 -> 6325889ca3d690caac56de41d2536aa9
  custom:scripting/monoscript/fileName/UnityEngine_ObjectWrap.cs: d239f04268fb712161f840d533347443 -> 
  custom:scripting/precompiled-assembly-types:Assembly-CSharp: b6f6826115f6ce21e7ac599e249680bb -> e72714bde2f0db21cfc2a265dc5c1124
========================================================================
Received Prepare
Refreshing native plugins compatible for Editor in 26.43 ms, found 4 plugins.
Preloading 0 native plugins for Editor in 0.00 ms.
Unloading 1 Unused Serialized files (Serialized files now loaded: 0)
Unloading 1 unused Assets / (3.1 KB). Loaded Objects now: 3988.
Memory consumption went from 76.0 MB to 76.0 MB.
Total: 5.136900 ms (FindLiveObjects: 0.540800 ms CreateObjectMapping: 0.409700 ms MarkObjects: 4.138700 ms  DeleteObjects: 0.045800 ms)

Prepare: number of updated asset objects reloaded= 0
AssetImportParameters requested are different than current active one (requested -> active):
  custom:scripting/monoscript/fileName/UnityEngine_BehaviourWrap.cs: 07f04650a03b829841e9fab9d7740454 -> 
  custom:container-demuxer-ogg: 62fdf1f143b41e24485cea50d1cbac27 -> 
  custom:scripting/monoscript/fileName/UnityEngine_Vector3Wrap.cs: 63f465b9380555daafea25b4176adba5 -> 
  custom:scripting/monoscript/fileName/UnityEngine_RayWrap.cs: 0b84fbe6cabdb1173feb41e835ef3a40 -> 
  custom:video-codec-MediaFoundation-h265: 746d11721c4dcdbdad8f713fa42b33f4 -> 
  custom:video-decoder-ogg-theora: a1e56fd34408186e4bbccfd4996cb3dc -> 
  custom:framework-win-MediaFoundation: 216162199b28c13a410421893ffa2e32 -> 
  custom:scripting/monoscript/fileName/UnityEngine_TimeWrap.cs: 5e744018ad83dc4e6b5341356b280ff7 -> 
  custom:scripting/monoscript/fileName/UnityEngine_AnimationClipWrap.cs: 77a92debc688d37d0c76ed29e7849dc6 -> 
  custom:scripting/monoscript/fileName/UnityEngine_MonoBehaviourWrap.cs: 04d351bf9d6db68acd2847f2651b2d6b -> 
  custom:scripting/monoscript/fileName/UnityEngine_MathfWrap.cs: 333033f071a58c53b030860e1dc36f4e -> 
  custom:scripting/monoscript/fileName/UnityEngine_ResourcesWrap.cs: 698ab99237a4262ce7f88356cded464a -> 
  custom:CustomObjectIndexerAttribute: 9a22284fe3817be447336de3de66b15e -> 
  custom:container-demuxer-webm: 4f35f7cbe854078d1ac9338744f61a02 -> 
  custom:scripting/monoscript/fileName/UnityEngine_ParticleSystemWrap.cs: eee33c4ac5a2b762ef5a90683fe90f0f -> 
  custom:scripting/monoscript/fileName/UnityEngine_BoundsWrap.cs: 3dd26eeb95bac2de8ce2da585d995261 -> 
  custom:scripting/monoscript/fileName/UnityEngine_KeyframeWrap.cs: f022c20884bfebd1cdba5d0a32b69287 -> 
  custom:container-muxer-webm: aa71ff27fc2769a1b78a27578f13a17b -> 
  custom:video-decoder-webm-vp8: 9c59270c3fd7afecdb556c50c9e8de78 -> 
  custom:scripting/monoscript/fileName/System_Collections_Generic_List_1_System_Int32_Wrap.cs: 0d81f6d3ce2afe6f735fa61fb6f44318 -> 
  custom:SearchIndexIgnoredProperties: e643bd26f0fe6173181afceb89e7c659 -> 
  custom:scripting/monoscript/fileName/UnityEngine_ColorWrap.cs: a2199b901d8d68ac06d36f834d48f0de -> 
  custom:AudioImporter_EditorPlatform: d09bf68614088b80899f8185d706f6e7 -> 
  custom:scripting/monoscript/fileName/UnityEngine_Ray2DWrap.cs: 3948513cbdb210ff5fa49a4b2880e106 -> 
  custom:scripting/monoscript/fileName/UnityEngine_ComponentWrap.cs: 3c3e0b9fedb2878f9f3fac771839136b -> 
  custom:scripting/monoscript/fileName/System_ObjectWrap.cs: 9fb5e5ed9e38c23dad1e0232edf0373b -> 
  custom:scripting/monoscript/fileName/UnityEngine_QuaternionWrap.cs: 2be38f3d0f8715c9babd38533b7cc2f6 -> 
  custom:scripting/monoscript/fileName/ExampleGenConfig.cs: 2d21554d83bd53efca28765b954d65c7 -> 
  custom:scripting/monoscript/fileName/UnityEngine_AnimationCurveWrap.cs: a1b4a7dab75f49fff03082ff025e4e5e -> 
  custom:scripting/monoscript/fileName/UnityEngine_LightWrap.cs: afdccdb78964e15816bd84ff574e1d72 -> 
  custom:scripting/monoscript/fileName/System_Collections_IEnumeratorBridge.cs: a6b8b2b6997973169c6bebc4e00197c3 -> 
  custom:video-encoder-webm-vp8: eb34c28f22e8b96e1ab97ce403110664 -> 
  custom:scripting/monoscript/fileName/UnityEngine_Vector2Wrap.cs: d8bd11c5df83747314d76d2e1152a25a -> 
  custom:audio-decoder-ogg-vorbis: bf7c407c2cedff20999df2af8eb42d56 -> 
  custom:scripting/monoscript/fileName/UnityEngine_GameObjectWrap.cs: 499beb086fe32ba82bd6b30d04f108ea -> 
  custom:scripting/monoscript/fileName/UnityEngine_DebugWrap.cs: 2a23054f13a8c643d838dbc57d787e1a -> 
  custom:scripting/monoscript/fileName/UnityEngine_SkinnedMeshRendererWrap.cs: e6c3bb62aa80867a3afe5dcbb6224761 -> 
  custom:scripting/monoscript/fileName/UnityEngine_TextAssetWrap.cs: 96eae3d139831963806db363328bfefe -> 
  custom:scripting/monoscript/fileName/Hotfix.cs: 54d9f1ade52076024b3f1e4e7c41699b -> 
  custom:scripting/monoscript/fileName/UnityEngine_TransformWrap.cs: 50d916bbc9cc3aa204547c1dbcf1b841 -> 
  custom:scripting/monoscript/fileName/UnityEngine_RendererWrap.cs: e28d66316639c5d4634a4f4176885c0f -> 
  custom:audio-encoder-webm-vorbis: bf7c407c2cedff20999df2af8eb42d56 -> 
  custom:scripting/monoscript/fileName/UnityEngine_Vector4Wrap.cs: e876ed87f63c3dc401e686c851325f69 -> 
  custom:scripting/precompiled-assembly-types:Assembly-CSharp-Editor: a8074916e553e097405b5991a4cb4578 -> 6325889ca3d690caac56de41d2536aa9
  custom:scripting/monoscript/fileName/UnityEngine_ObjectWrap.cs: d239f04268fb712161f840d533347443 -> 
  custom:scripting/precompiled-assembly-types:Assembly-CSharp: b6f6826115f6ce21e7ac599e249680bb -> e72714bde2f0db21cfc2a265dc5c1124
